2026-08-17 07:51:41.658 INFO  [NO-REQUEST] [main] c.a.t.s.StudentManagementApiApplication - Starting StudentManagementApiApplication using Java 25.0.4 with PID 27188 (D:\student-management-api\build\classes\java\main started by USER in D:\student-management-api)
2026-08-17 07:51:41.663 INFO  [NO-REQUEST] [main] c.a.t.s.StudentManagementApiApplication - No active profile set, falling back to 1 default profile: "default"
2026-08-17 07:51:42.827 INFO  [NO-REQUEST] [main] o.s.d.r.c.RepositoryConfigurationDelegate - Multiple Spring Data modules found, entering strict repository configuration mode
2026-08-17 07:51:42.829 INFO  [NO-REQUEST] [main] o.s.d.r.c.RepositoryConfigurationDelegate - Bootstrapping Spring Data JPA repositories in DEFAULT mode.
2026-08-17 07:51:43.005 INFO  [NO-REQUEST] [main] o.s.d.r.c.RepositoryConfigurationDelegate - Finished Spring Data repository scanning in 165 ms. Found 7 JPA repository interfaces.
2026-08-17 07:51:43.025 INFO  [NO-REQUEST] [main] o.s.d.r.c.RepositoryConfigurationDelegate - Multiple Spring Data modules found, entering strict repository configuration mode
2026-08-17 07:51:43.026 INFO  [NO-REQUEST] [main] o.s.d.r.c.RepositoryConfigurationDelegate - Bootstrapping Spring Data Redis repositories in DEFAULT mode.
2026-08-17 07:51:43.049 INFO  [NO-REQUEST] [main] o.s.d.r.c.RepositoryConfigurationExtensionSupport - Spring Data Redis - Could not safely identify store assignment for repository candidate interface com.acleda.training.studentmanagement.features.auth.AppUserRepository; If you want this repository to be a Redis repository, consider annotating your entities with one of these annotations: org.springframework.data.redis.core.RedisHash (preferred), or consider extending one of the following types with your repository: org.springframework.data.keyvalue.repository.KeyValueRepository
2026-08-17 07:51:43.049 INFO  [NO-REQUEST] [main] o.s.d.r.c.RepositoryConfigurationExtensionSupport - Spring Data Redis - Could not safely identify store assignment for repository candidate interface com.acleda.training.studentmanagement.features.course.CourseRepository; If you want this repository to be a Redis repository, consider annotating your entities with one of these annotations: org.springframework.data.redis.core.RedisHash (preferred), or consider extending one of the following types with your repository: org.springframework.data.keyvalue.repository.KeyValueRepository
2026-08-17 07:51:43.050 INFO  [NO-REQUEST] [main] o.s.d.r.c.RepositoryConfigurationExtensionSupport - Spring Data Redis - Could not safely identify store assignment for repository candidate interface com.acleda.training.studentmanagement.features.course.offering.CourseOfferingRepository; If you want this repository to be a Redis repository, consider annotating your entities with one of these annotations: org.springframework.data.redis.core.RedisHash (preferred), or consider extending one of the following types with your repository: org.springframework.data.keyvalue.repository.KeyValueRepository
2026-08-17 07:51:43.050 INFO  [NO-REQUEST] [main] o.s.d.r.c.RepositoryConfigurationExtensionSupport - Spring Data Redis - Could not safely identify store assignment for repository candidate interface com.acleda.training.studentmanagement.features.department.DepartmentRepository; If you want this repository to be a Redis repository, consider annotating your entities with one of these annotations: org.springframework.data.redis.core.RedisHash (preferred), or consider extending one of the following types with your repository: org.springframework.data.keyvalue.repository.KeyValueRepository
2026-08-17 07:51:43.050 INFO  [NO-REQUEST] [main] o.s.d.r.c.RepositoryConfigurationExtensionSupport - Spring Data Redis - Could not safely identify store assignment for repository candidate interface com.acleda.training.studentmanagement.features.enrollment.EnrollmentRepository; If you want this repository to be a Redis repository, consider annotating your entities with one of these annotations: org.springframework.data.redis.core.RedisHash (preferred), or consider extending one of the following types with your repository: org.springframework.data.keyvalue.repository.KeyValueRepository
2026-08-17 07:51:43.050 INFO  [NO-REQUEST] [main] o.s.d.r.c.RepositoryConfigurationExtensionSupport - Spring Data Redis - Could not safely identify store assignment for repository candidate interface com.acleda.training.studentmanagement.features.instructor.InstructorRepository; If you want this repository to be a Redis repository, consider annotating your entities with one of these annotations: org.springframework.data.redis.core.RedisHash (preferred), or consider extending one of the following types with your repository: org.springframework.data.keyvalue.repository.KeyValueRepository
2026-08-17 07:51:43.050 INFO  [NO-REQUEST] [main] o.s.d.r.c.RepositoryConfigurationExtensionSupport - Spring Data Redis - Could not safely identify store assignment for repository candidate interface com.acleda.training.studentmanagement.features.student.StudentRepository; If you want this repository to be a Redis repository, consider annotating your entities with one of these annotations: org.springframework.data.redis.core.RedisHash (preferred), or consider extending one of the following types with your repository: org.springframework.data.keyvalue.repository.KeyValueRepository
2026-08-17 07:51:43.050 INFO  [NO-REQUEST] [main] o.s.d.r.c.RepositoryConfigurationDelegate - Finished Spring Data repository scanning in 11 ms. Found 0 Redis repository interfaces.
2026-08-17 07:51:43.671 INFO  [NO-REQUEST] [main] o.s.boot.tomcat.TomcatWebServer - Tomcat initialized with port 8080 (http)
2026-08-17 07:51:43.685 INFO  [NO-REQUEST] [main] o.a.catalina.core.StandardService - Starting service [Tomcat]
2026-08-17 07:51:43.686 INFO  [NO-REQUEST] [main] o.a.catalina.core.StandardEngine - Starting Servlet engine: [Apache Tomcat/11.0.22]
2026-08-17 07:51:43.759 INFO  [NO-REQUEST] [main] o.s.b.w.c.s.WebApplicationContextInitializer - Root WebApplicationContext: initialization completed in 2051 ms
2026-08-17 07:51:44.108 INFO  [NO-REQUEST] [main] org.hibernate.orm.jpa - HHH008540: Processing PersistenceUnitInfo [name: default]
2026-08-17 07:51:44.183 INFO  [NO-REQUEST] [main] org.hibernate.orm.core - HHH000001: Hibernate ORM core version 7.4.1.Final
2026-08-17 07:51:44.638 INFO  [NO-REQUEST] [main] o.s.o.j.p.SpringPersistenceUnitInfo - No LoadTimeWeaver setup: ignoring JPA class transformer
2026-08-17 07:51:44.673 INFO  [NO-REQUEST] [main] com.zaxxer.hikari.HikariDataSource - HikariPool-1 - Starting...
2026-08-17 07:51:44.830 INFO  [NO-REQUEST] [main] com.zaxxer.hikari.pool.HikariPool - HikariPool-1 - Added connection org.postgresql.jdbc.PgConnection@477906cf
2026-08-17 07:51:44.831 INFO  [NO-REQUEST] [main] com.zaxxer.hikari.HikariDataSource - HikariPool-1 - Start completed.
2026-08-17 07:51:44.931 INFO  [NO-REQUEST] [main] o.hibernate.orm.connections.pooling - HHH10001005: Database info:
	Database JDBC URL [jdbc:postgresql://localhost:5432/student_management_db]
	Database driver: PostgreSQL JDBC Driver
	Database dialect: PostgreSQLDialect
	Database version: 18.4
	Default catalog/schema: student_management_db/public
	Autocommit mode: undefined/unknown
	Isolation level: READ_COMMITTED [default READ_COMMITTED]
	JDBC fetch size: none
	Pool: DataSourceConnectionProvider
	Minimum pool size: undefined/unknown
	Maximum pool size: undefined/unknown
2026-08-17 07:51:46.038 INFO  [NO-REQUEST] [main] org.hibernate.orm.core - HHH000489: No JTA platform available (set 'hibernate.transaction.jta.platform' to enable JTA platform integration)
2026-08-17 07:51:46.207 INFO  [NO-REQUEST] [main] o.s.o.j.LocalContainerEntityManagerFactoryBean - Initialized JPA EntityManagerFactory for persistence unit 'default'
2026-08-17 07:51:46.260 INFO  [NO-REQUEST] [main] o.s.d.j.r.q.QueryEnhancerFactories - Hibernate is in classpath; If applicable, HQL parser will be used.
2026-08-17 07:51:46.866 INFO  [NO-REQUEST] [main] o.s.s.c.a.a.c.InitializeAuthenticationProviderBeanManagerConfigurer$InitializeAuthenticationProviderManagerConfigurer - Global AuthenticationManager configured with AuthenticationProvider bean with name authenticationProvider
2026-08-17 07:51:46.867 WARN  [NO-REQUEST] [main] o.s.s.c.a.a.c.InitializeUserDetailsBeanManagerConfigurer$InitializeUserDetailsManagerConfigurer - Global AuthenticationManager configured with an AuthenticationProvider bean. UserDetailsService beans will not be used by Spring Security for automatically configuring username/password login. Consider removing the AuthenticationProvider bean. Alternatively, consider using the UserDetailsService in a manually instantiated DaoAuthenticationProvider. If the current configuration is intentional, to turn off this warning, increase the logging level of 'org.springframework.security.config.annotation.authentication.configuration.InitializeUserDetailsBeanManagerConfigurer' to ERROR
2026-08-17 07:51:49.245 INFO  [NO-REQUEST] [main] o.s.b.a.e.web.EndpointLinksResolver - Exposing 1 endpoint beneath base path '/actuator'
2026-08-17 07:51:49.324 INFO  [NO-REQUEST] [main] o.s.boot.tomcat.TomcatWebServer - Tomcat started on port 8080 (http) with context path '/'
2026-08-17 07:51:49.333 INFO  [NO-REQUEST] [main] c.a.t.s.StudentManagementApiApplication - Started StudentManagementApiApplication in 8.123 seconds (process running for 8.878)
2026-08-17 07:51:49.867 INFO  [NO-REQUEST] [RMI TCP Connection(1)-192.168.33.1] o.a.c.c.C.[Tomcat].[localhost].[/] - Initializing Spring DispatcherServlet 'dispatcherServlet'
2026-08-17 07:51:49.867 INFO  [NO-REQUEST] [RMI TCP Connection(1)-192.168.33.1] o.s.web.servlet.DispatcherServlet - Initializing Servlet 'dispatcherServlet'
2026-08-17 07:51:49.869 INFO  [NO-REQUEST] [RMI TCP Connection(1)-192.168.33.1] o.s.web.servlet.DispatcherServlet - Completed initialization in 2 ms
2026-08-17 07:52:24.013 INFO  [f9f122bd-7df6-480e-b035-4fc489b20102] [http-nio-8080-exec-3] c.a.t.s.l.RequestLoggingInterceptor - API REQUEST | Method: POST | URI: /api/v1/auth/login | Query: null
2026-08-17 07:52:24.417 INFO  [f9f122bd-7df6-480e-b035-4fc489b20102] [http-nio-8080-exec-3] c.a.t.s.l.RequestLoggingInterceptor - API RESPONSE | Method: POST | URI: /api/v1/auth/login | Status: 200 | Duration: 404ms
2026-08-17 07:53:04.421 INFO  [095ad613-8576-4b7d-8277-def352c7aba0] [http-nio-8080-exec-2] c.a.t.s.l.RequestLoggingInterceptor - API REQUEST | Method: GET | URI: /api/v1/students | Query: null
2026-08-17 07:53:04.473 INFO  [095ad613-8576-4b7d-8277-def352c7aba0] [http-nio-8080-exec-2] c.a.t.s.l.RequestLoggingInterceptor - API RESPONSE | Method: GET | URI: /api/v1/students | Status: 200 | Duration: 51ms
2026-08-17 07:53:31.807 INFO  [377495fe-5b12-4d9a-9ae5-4150d9e05cc3] [http-nio-8080-exec-5] c.a.t.s.l.RequestLoggingInterceptor - API REQUEST | Method: GET | URI: /api/v1/courses | Query: null
2026-08-17 07:53:31.855 INFO  [377495fe-5b12-4d9a-9ae5-4150d9e05cc3] [http-nio-8080-exec-5] c.a.t.s.l.RequestLoggingInterceptor - API RESPONSE | Method: GET | URI: /api/v1/courses | Status: 200 | Duration: 47ms
2026-08-17 07:53:51.358 INFO  [NO-REQUEST] [SpringApplicationShutdownHook] o.s.boot.tomcat.GracefulShutdown - Commencing graceful shutdown. Waiting for active requests to complete
2026-08-17 07:53:51.367 INFO  [NO-REQUEST] [tomcat-shutdown] o.s.boot.tomcat.GracefulShutdown - Graceful shutdown complete
2026-08-17 07:53:53.407 INFO  [NO-REQUEST] [SpringApplicationShutdownHook] o.s.o.j.LocalContainerEntityManagerFactoryBean - Closing JPA EntityManagerFactory for persistence unit 'default'
2026-08-17 07:53:53.410 INFO  [NO-REQUEST] [SpringApplicationShutdownHook] com.zaxxer.hikari.HikariDataSource - HikariPool-1 - Shutdown initiated...
2026-08-17 07:53:53.412 INFO  [NO-REQUEST] [SpringApplicationShutdownHook] com.zaxxer.hikari.HikariDataSource - HikariPool-1 - Shutdown completed.
2026-08-17 07:53:56.360 INFO  [NO-REQUEST] [main] c.a.t.s.StudentManagementApiApplication - Starting StudentManagementApiApplication using Java 25.0.4 with PID 13576 (D:\student-management-api\build\classes\java\main started by USER in D:\student-management-api)
2026-08-17 07:53:56.362 INFO  [NO-REQUEST] [main] c.a.t.s.StudentManagementApiApplication - No active profile set, falling back to 1 default profile: "default"
2026-08-17 07:53:57.180 INFO  [NO-REQUEST] [main] o.s.d.r.c.RepositoryConfigurationDelegate - Multiple Spring Data modules found, entering strict repository configuration mode
2026-08-17 07:53:57.181 INFO  [NO-REQUEST] [main] o.s.d.r.c.RepositoryConfigurationDelegate - Bootstrapping Spring Data JPA repositories in DEFAULT mode.
2026-08-17 07:53:57.313 INFO  [NO-REQUEST] [main] o.s.d.r.c.RepositoryConfigurationDelegate - Finished Spring Data repository scanning in 124 ms. Found 7 JPA repository interfaces.
2026-08-17 07:53:57.327 INFO  [NO-REQUEST] [main] o.s.d.r.c.RepositoryConfigurationDelegate - Multiple Spring Data modules found, entering strict repository configuration mode
2026-08-17 07:53:57.327 INFO  [NO-REQUEST] [main] o.s.d.r.c.RepositoryConfigurationDelegate - Bootstrapping Spring Data Redis repositories in DEFAULT mode.
2026-08-17 07:53:57.343 INFO  [NO-REQUEST] [main] o.s.d.r.c.RepositoryConfigurationExtensionSupport - Spring Data Redis - Could not safely identify store assignment for repository candidate interface com.acleda.training.studentmanagement.features.auth.AppUserRepository; If you want this repository to be a Redis repository, consider annotating your entities with one of these annotations: org.springframework.data.redis.core.RedisHash (preferred), or consider extending one of the following types with your repository: org.springframework.data.keyvalue.repository.KeyValueRepository
2026-08-17 07:53:57.343 INFO  [NO-REQUEST] [main] o.s.d.r.c.RepositoryConfigurationExtensionSupport - Spring Data Redis - Could not safely identify store assignment for repository candidate interface com.acleda.training.studentmanagement.features.course.CourseRepository; If you want this repository to be a Redis repository, consider annotating your entities with one of these annotations: org.springframework.data.redis.core.RedisHash (preferred), or consider extending one of the following types with your repository: org.springframework.data.keyvalue.repository.KeyValueRepository
2026-08-17 07:53:57.344 INFO  [NO-REQUEST] [main] o.s.d.r.c.RepositoryConfigurationExtensionSupport - Spring Data Redis - Could not safely identify store assignment for repository candidate interface com.acleda.training.studentmanagement.features.course.offering.CourseOfferingRepository; If you want this repository to be a Redis repository, consider annotating your entities with one of these annotations: org.springframework.data.redis.core.RedisHash (preferred), or consider extending one of the following types with your repository: org.springframework.data.keyvalue.repository.KeyValueRepository
2026-08-17 07:53:57.344 INFO  [NO-REQUEST] [main] o.s.d.r.c.RepositoryConfigurationExtensionSupport - Spring Data Redis - Could not safely identify store assignment for repository candidate interface com.acleda.training.studentmanagement.features.department.DepartmentRepository; If you want this repository to be a Redis repository, consider annotating your entities with one of these annotations: org.springframework.data.redis.core.RedisHash (preferred), or consider extending one of the following types with your repository: org.springframework.data.keyvalue.repository.KeyValueRepository
2026-08-17 07:53:57.344 INFO  [NO-REQUEST] [main] o.s.d.r.c.RepositoryConfigurationExtensionSupport - Spring Data Redis - Could not safely identify store assignment for repository candidate interface com.acleda.training.studentmanagement.features.enrollment.EnrollmentRepository; If you want this repository to be a Redis repository, consider annotating your entities with one of these annotations: org.springframework.data.redis.core.RedisHash (preferred), or consider extending one of the following types with your repository: org.springframework.data.keyvalue.repository.KeyValueRepository
2026-08-17 07:53:57.344 INFO  [NO-REQUEST] [main] o.s.d.r.c.RepositoryConfigurationExtensionSupport - Spring Data Redis - Could not safely identify store assignment for repository candidate interface com.acleda.training.studentmanagement.features.instructor.InstructorRepository; If you want this repository to be a Redis repository, consider annotating your entities with one of these annotations: org.springframework.data.redis.core.RedisHash (preferred), or consider extending one of the following types with your repository: org.springframework.data.keyvalue.repository.KeyValueRepository
2026-08-17 07:53:57.345 INFO  [NO-REQUEST] [main] o.s.d.r.c.RepositoryConfigurationExtensionSupport - Spring Data Redis - Could not safely identify store assignment for repository candidate interface com.acleda.training.studentmanagement.features.student.StudentRepository; If you want this repository to be a Redis repository, consider annotating your entities with one of these annotations: org.springframework.data.redis.core.RedisHash (preferred), or consider extending one of the following types with your repository: org.springframework.data.keyvalue.repository.KeyValueRepository
2026-08-17 07:53:57.345 INFO  [NO-REQUEST] [main] o.s.d.r.c.RepositoryConfigurationDelegate - Finished Spring Data repository scanning in 10 ms. Found 0 Redis repository interfaces.
2026-08-17 07:53:57.805 INFO  [NO-REQUEST] [main] o.s.boot.tomcat.TomcatWebServer - Tomcat initialized with port 8080 (http)
2026-08-17 07:53:57.814 INFO  [NO-REQUEST] [main] o.a.catalina.core.StandardService - Starting service [Tomcat]
2026-08-17 07:53:57.814 INFO  [NO-REQUEST] [main] o.a.catalina.core.StandardEngine - Starting Servlet engine: [Apache Tomcat/11.0.22]
2026-08-17 07:53:57.874 INFO  [NO-REQUEST] [main] o.s.b.w.c.s.WebApplicationContextInitializer - Root WebApplicationContext: initialization completed in 1482 ms
2026-08-17 07:53:58.105 INFO  [NO-REQUEST] [main] org.hibernate.orm.jpa - HHH008540: Processing PersistenceUnitInfo [name: default]
2026-08-17 07:53:58.143 INFO  [NO-REQUEST] [main] org.hibernate.orm.core - HHH000001: Hibernate ORM core version 7.4.1.Final
2026-08-17 07:53:58.465 INFO  [NO-REQUEST] [main] o.s.o.j.p.SpringPersistenceUnitInfo - No LoadTimeWeaver setup: ignoring JPA class transformer
2026-08-17 07:53:58.490 INFO  [NO-REQUEST] [main] com.zaxxer.hikari.HikariDataSource - HikariPool-1 - Starting...
2026-08-17 07:53:58.603 INFO  [NO-REQUEST] [main] com.zaxxer.hikari.pool.HikariPool - HikariPool-1 - Added connection org.postgresql.jdbc.PgConnection@639cb0c8
2026-08-17 07:53:58.605 INFO  [NO-REQUEST] [main] com.zaxxer.hikari.HikariDataSource - HikariPool-1 - Start completed.
2026-08-17 07:53:58.656 INFO  [NO-REQUEST] [main] o.hibernate.orm.connections.pooling - HHH10001005: Database info:
	Database JDBC URL [jdbc:postgresql://localhost:5432/student_management_db]
	Database driver: PostgreSQL JDBC Driver
	Database dialect: PostgreSQLDialect
	Database version: 18.4
	Default catalog/schema: student_management_db/public
	Autocommit mode: undefined/unknown
	Isolation level: READ_COMMITTED [default READ_COMMITTED]
	JDBC fetch size: none
	Pool: DataSourceConnectionProvider
	Minimum pool size: undefined/unknown
	Maximum pool size: undefined/unknown
2026-08-17 07:53:59.477 INFO  [NO-REQUEST] [main] org.hibernate.orm.core - HHH000489: No JTA platform available (set 'hibernate.transaction.jta.platform' to enable JTA platform integration)
2026-08-17 07:53:59.574 INFO  [NO-REQUEST] [main] o.s.o.j.LocalContainerEntityManagerFactoryBean - Initialized JPA EntityManagerFactory for persistence unit 'default'
2026-08-17 07:53:59.625 INFO  [NO-REQUEST] [main] o.s.d.j.r.q.QueryEnhancerFactories - Hibernate is in classpath; If applicable, HQL parser will be used.
2026-08-17 07:54:00.111 INFO  [NO-REQUEST] [main] o.s.s.c.a.a.c.InitializeAuthenticationProviderBeanManagerConfigurer$InitializeAuthenticationProviderManagerConfigurer - Global AuthenticationManager configured with AuthenticationProvider bean with name authenticationProvider
2026-08-17 07:54:00.111 WARN  [NO-REQUEST] [main] o.s.s.c.a.a.c.InitializeUserDetailsBeanManagerConfigurer$InitializeUserDetailsManagerConfigurer - Global AuthenticationManager configured with an AuthenticationProvider bean. UserDetailsService beans will not be used by Spring Security for automatically configuring username/password login. Consider removing the AuthenticationProvider bean. Alternatively, consider using the UserDetailsService in a manually instantiated DaoAuthenticationProvider. If the current configuration is intentional, to turn off this warning, increase the logging level of 'org.springframework.security.config.annotation.authentication.configuration.InitializeUserDetailsBeanManagerConfigurer' to ERROR
2026-08-17 07:54:02.219 INFO  [NO-REQUEST] [main] o.s.b.a.e.web.EndpointLinksResolver - Exposing 1 endpoint beneath base path '/actuator'
2026-08-17 07:54:02.285 INFO  [NO-REQUEST] [main] o.s.boot.tomcat.TomcatWebServer - Tomcat started on port 8080 (http) with context path '/'
2026-08-17 07:54:02.294 INFO  [NO-REQUEST] [main] c.a.t.s.StudentManagementApiApplication - Started StudentManagementApiApplication in 6.269 seconds (process running for 6.873)
2026-08-17 07:54:02.623 INFO  [NO-REQUEST] [RMI TCP Connection(2)-192.168.33.1] o.a.c.c.C.[Tomcat].[localhost].[/] - Initializing Spring DispatcherServlet 'dispatcherServlet'
2026-08-17 07:54:02.623 INFO  [NO-REQUEST] [RMI TCP Connection(2)-192.168.33.1] o.s.web.servlet.DispatcherServlet - Initializing Servlet 'dispatcherServlet'
2026-08-17 07:54:02.626 INFO  [NO-REQUEST] [RMI TCP Connection(2)-192.168.33.1] o.s.web.servlet.DispatcherServlet - Completed initialization in 3 ms
2026-08-17 07:54:07.565 INFO  [a9459705-933e-42f5-af8a-98cd3b8ebdbc] [http-nio-8080-exec-2] c.a.t.s.l.RequestLoggingInterceptor - API REQUEST | Method: POST | URI: /api/v1/enrollments | Query: null
2026-08-17 07:54:07.725 ERROR [a9459705-933e-42f5-af8a-98cd3b8ebdbc] [http-nio-8080-exec-2] c.a.t.s.e.GlobalExceptionHandler - INTERNAL SERVER ERROR | Method: POST | URI: /api/v1/enrollments | Exception: RuntimeException | Message: TEST TRANSACTION ROLLBACK
java.lang.RuntimeException: TEST TRANSACTION ROLLBACK
	at com.acleda.training.studentmanagement.features.enrollment.EnrollmentServiceImpl.createEnrollment(EnrollmentServiceImpl.java:100)
	at java.base/jdk.internal.reflect.DirectMethodHandleAccessor.invoke(DirectMethodHandleAccessor.java:104)
	at java.base/java.lang.reflect.Method.invoke(Method.java:565)
	at org.springframework.aop.support.AopUtils.invokeJoinpointUsingReflection(AopUtils.java:359)
	at org.springframework.aop.framework.ReflectiveMethodInvocation.invokeJoinpoint(ReflectiveMethodInvocation.java:190)
	at org.springframework.aop.framework.ReflectiveMethodInvocation.proceed(ReflectiveMethodInvocation.java:158)
	at org.springframework.transaction.interceptor.TransactionInterceptor$1.proceedWithInvocation(TransactionInterceptor.java:133)
	at org.springframework.transaction.interceptor.TransactionAspectSupport.invokeWithinTransaction(TransactionAspectSupport.java:371)
	at org.springframework.transaction.interceptor.TransactionInterceptor.invoke(TransactionInterceptor.java:130)
	at org.springframework.aop.framework.ReflectiveMethodInvocation.proceed(ReflectiveMethodInvocation.java:179)
	at org.springframework.cache.interceptor.CacheInterceptor.lambda$invoke$0(CacheInterceptor.java:54)
	at org.springframework.cache.interceptor.CacheAspectSupport.invokeOperation(CacheAspectSupport.java:426)
	at org.springframework.cache.interceptor.CacheAspectSupport.evaluate(CacheAspectSupport.java:591)
	at org.springframework.cache.interceptor.CacheAspectSupport.execute(CacheAspectSupport.java:442)
	at org.springframework.cache.interceptor.CacheAspectSupport.execute(CacheAspectSupport.java:406)
	at org.springframework.cache.interceptor.CacheInterceptor.invoke(CacheInterceptor.java:64)
	at org.springframework.aop.framework.ReflectiveMethodInvocation.proceed(ReflectiveMethodInvocation.java:179)
	at org.springframework.aop.framework.CglibAopProxy$DynamicAdvisedInterceptor.intercept(CglibAopProxy.java:719)
	at com.acleda.training.studentmanagement.features.enrollment.EnrollmentServiceImpl$$SpringCGLIB$$0.createEnrollment(<generated>)
	at com.acleda.training.studentmanagement.features.enrollment.EnrollmentController.createEnrollment(EnrollmentController.java:48)
	at java.base/jdk.internal.reflect.DirectMethodHandleAccessor.invoke(DirectMethodHandleAccessor.java:104)
	at java.base/java.lang.reflect.Method.invoke(Method.java:565)
	at org.springframework.web.method.support.InvocableHandlerMethod.doInvoke(InvocableHandlerMethod.java:252)
	at org.springframework.web.method.support.InvocableHandlerMethod.invokeForRequest(InvocableHandlerMethod.java:184)
	at org.springframework.web.servlet.mvc.method.annotation.ServletInvocableHandlerMethod.invokeAndHandle(ServletInvocableHandlerMethod.java:117)
	at org.springframework.web.servlet.mvc.method.annotation.RequestMappingHandlerAdapter.invokeHandlerMethod(RequestMappingHandlerAdapter.java:934)
	at org.springframework.web.servlet.mvc.method.annotation.RequestMappingHandlerAdapter.handleInternal(RequestMappingHandlerAdapter.java:853)
	at org.springframework.web.servlet.mvc.method.AbstractHandlerMethodAdapter.handle(AbstractHandlerMethodAdapter.java:86)
	at org.springframework.web.servlet.DispatcherServlet.doDispatch(DispatcherServlet.java:963)
	at org.springframework.web.servlet.DispatcherServlet.doService(DispatcherServlet.java:866)
	at org.springframework.web.servlet.FrameworkServlet.processRequest(FrameworkServlet.java:1000)
	at org.springframework.web.servlet.FrameworkServlet.doPost(FrameworkServlet.java:903)
	at jakarta.servlet.http.HttpServlet.service(HttpServlet.java:649)
	at org.springframework.web.servlet.FrameworkServlet.service(FrameworkServlet.java:874)
	at jakarta.servlet.http.HttpServlet.service(HttpServlet.java:710)
	at org.apache.catalina.core.ApplicationFilterChain.doFilter(ApplicationFilterChain.java:128)
	at org.apache.tomcat.websocket.server.WsFilter.doFilter(WsFilter.java:53)
	at org.apache.catalina.core.ApplicationFilterChain.doFilter(ApplicationFilterChain.java:107)
	at com.acleda.training.studentmanagement.logging.RequestIdFilter.doFilterInternal(RequestIdFilter.java:40)
	at org.springframework.web.filter.OncePerRequestFilter.doFilter(OncePerRequestFilter.java:116)
	at org.apache.catalina.core.ApplicationFilterChain.doFilter(ApplicationFilterChain.java:107)
	at org.springframework.web.filter.OncePerRequestFilter.doFilter(OncePerRequestFilter.java:110)
	at org.apache.catalina.core.ApplicationFilterChain.doFilter(ApplicationFilterChain.java:107)
	at org.springframework.web.filter.OncePerRequestFilter.doFilter(OncePerRequestFilter.java:101)
	at org.apache.catalina.core.ApplicationFilterChain.doFilter(ApplicationFilterChain.java:107)
	at org.springframework.web.filter.CompositeFilter$VirtualFilterChain.doFilter(CompositeFilter.java:108)
	at org.springframework.security.web.FilterChainProxy.lambda$doFilterInternal$2(FilterChainProxy.java:235)
	at org.springframework.security.web.ObservationFilterChainDecorator$FilterObservation$SimpleFilterObservation.lambda$wrap$1(ObservationFilterChainDecorator.java:491)
	at org.springframework.security.web.ObservationFilterChainDecorator$AroundFilterObservation$SimpleAroundFilterObservation.lambda$wrap$1(ObservationFilterChainDecorator.java:353)
	at org.springframework.security.web.ObservationFilterChainDecorator.lambda$wrapSecured$0(ObservationFilterChainDecorator.java:84)
	at org.springframework.security.web.ObservationFilterChainDecorator$VirtualFilterChain.doFilter(ObservationFilterChainDecorator.java:131)
	at org.springframework.security.web.access.intercept.AuthorizationFilter.doFilter(AuthorizationFilter.java:101)
	at org.springframework.security.web.ObservationFilterChainDecorator$ObservationFilter.wrapFilter(ObservationFilterChainDecorator.java:243)
	at org.springframework.security.web.ObservationFilterChainDecorator$ObservationFilter.doFilter(ObservationFilterChainDecorator.java:230)
	at org.springframework.security.web.ObservationFilterChainDecorator$VirtualFilterChain.doFilter(ObservationFilterChainDecorator.java:140)
	at org.springframework.security.web.access.ExceptionTranslationFilter.doFilter(ExceptionTranslationFilter.java:126)
	at org.springframework.security.web.access.ExceptionTranslationFilter.doFilter(ExceptionTranslationFilter.java:120)
	at org.springframework.security.web.ObservationFilterChainDecorator$ObservationFilter.wrapFilter(ObservationFilterChainDecorator.java:243)
	at org.springframework.security.web.ObservationFilterChainDecorator$ObservationFilter.doFilter(ObservationFilterChainDecorator.java:230)
	at org.springframework.security.web.ObservationFilterChainDecorator$VirtualFilterChain.doFilter(ObservationFilterChainDecorator.java:140)
	at org.springframework.security.web.session.SessionManagementFilter.doFilter(SessionManagementFilter.java:132)
	at org.springframework.security.web.session.SessionManagementFilter.doFilter(SessionManagementFilter.java:86)
	at org.springframework.security.web.ObservationFilterChainDecorator$ObservationFilter.wrapFilter(ObservationFilterChainDecorator.java:243)
	at org.springframework.security.web.ObservationFilterChainDecorator$ObservationFilter.doFilter(ObservationFilterChainDecorator.java:230)
	at org.springframework.security.web.ObservationFilterChainDecorator$VirtualFilterChain.doFilter(ObservationFilterChainDecorator.java:140)
	at org.springframework.security.web.authentication.AnonymousAuthenticationFilter.doFilter(AnonymousAuthenticationFilter.java:100)
	at org.springframework.security.web.ObservationFilterChainDecorator$ObservationFilter.wrapFilter(ObservationFilterChainDecorator.java:243)
	at org.springframework.security.web.ObservationFilterChainDecorator$ObservationFilter.doFilter(ObservationFilterChainDecorator.java:230)
	at org.springframework.security.web.ObservationFilterChainDecorator$VirtualFilterChain.doFilter(ObservationFilterChainDecorator.java:140)
	at org.springframework.security.web.servletapi.SecurityContextHolderAwareRequestFilter.doFilter(SecurityContextHolderAwareRequestFilter.java:181)
	at org.springframework.security.web.ObservationFilterChainDecorator$ObservationFilter.wrapFilter(ObservationFilterChainDecorator.java:243)
	at org.springframework.security.web.ObservationFilterChainDecorator$ObservationFilter.doFilter(ObservationFilterChainDecorator.java:230)
	at org.springframework.security.web.ObservationFilterChainDecorator$VirtualFilterChain.doFilter(ObservationFilterChainDecorator.java:140)
	at org.springframework.security.web.savedrequest.RequestCacheAwareFilter.doFilter(RequestCacheAwareFilter.java:63)
	at org.springframework.security.web.ObservationFilterChainDecorator$ObservationFilter.wrapFilter(ObservationFilterChainDecorator.java:243)
	at org.springframework.security.web.ObservationFilterChainDecorator$ObservationFilter.doFilter(ObservationFilterChainDecorator.java:230)
	at org.springframework.security.web.ObservationFilterChainDecorator$VirtualFilterChain.doFilter(ObservationFilterChainDecorator.java:140)
	at com.acleda.training.studentmanagement.features.auth.JwtAuthenticationFilter.doFilterInternal(JwtAuthenticationFilter.java:91)
	at org.springframework.web.filter.OncePerRequestFilter.doFilter(OncePerRequestFilter.java:116)
	at org.springframework.security.web.ObservationFilterChainDecorator$ObservationFilter.wrapFilter(ObservationFilterChainDecorator.java:243)
	at org.springframework.security.web.ObservationFilterChainDecorator$ObservationFilter.doFilter(ObservationFilterChainDecorator.java:230)
	at org.springframework.security.web.ObservationFilterChainDecorator$VirtualFilterChain.doFilter(ObservationFilterChainDecorator.java:140)
	at org.springframework.security.web.header.HeaderWriterFilter.doHeadersAfter(HeaderWriterFilter.java:90)
	at org.springframework.security.web.header.HeaderWriterFilter.doFilterInternal(HeaderWriterFilter.java:75)
	at org.springframework.web.filter.OncePerRequestFilter.doFilter(OncePerRequestFilter.java:116)
	at org.springframework.security.web.ObservationFilterChainDecorator$ObservationFilter.wrapFilter(ObservationFilterChainDecorator.java:243)
	at org.springframework.security.web.ObservationFilterChainDecorator$ObservationFilter.doFilter(ObservationFilterChainDecorator.java:230)
	at org.springframework.security.web.ObservationFilterChainDecorator$VirtualFilterChain.doFilter(ObservationFilterChainDecorator.java:140)
	at org.springframework.security.web.context.SecurityContextHolderFilter.doFilter(SecurityContextHolderFilter.java:82)
	at org.springframework.security.web.context.SecurityContextHolderFilter.doFilter(SecurityContextHolderFilter.java:69)
	at org.springframework.security.web.ObservationFilterChainDecorator$ObservationFilter.wrapFilter(ObservationFilterChainDecorator.java:243)
	at org.springframework.security.web.ObservationFilterChainDecorator$ObservationFilter.doFilter(ObservationFilterChainDecorator.java:230)
	at org.springframework.security.web.ObservationFilterChainDecorator$VirtualFilterChain.doFilter(ObservationFilterChainDecorator.java:140)
	at org.springframework.security.web.context.request.async.WebAsyncManagerIntegrationFilter.doFilterInternal(WebAsyncManagerIntegrationFilter.java:62)
	at org.springframework.web.filter.OncePerRequestFilter.doFilter(OncePerRequestFilter.java:116)
	at org.springframework.security.web.ObservationFilterChainDecorator$ObservationFilter.wrapFilter(ObservationFilterChainDecorator.java:243)
	at org.springframework.security.web.ObservationFilterChainDecorator$ObservationFilter.doFilter(ObservationFilterChainDecorator.java:230)
	at org.springframework.security.web.ObservationFilterChainDecorator$VirtualFilterChain.doFilter(ObservationFilterChainDecorator.java:140)
	at org.springframework.security.web.session.DisableEncodeUrlFilter.doFilterInternal(DisableEncodeUrlFilter.java:42)
	at org.springframework.web.filter.OncePerRequestFilter.doFilter(OncePerRequestFilter.java:116)
	at org.springframework.security.web.ObservationFilterChainDecorator$ObservationFilter.wrapFilter(ObservationFilterChainDecorator.java:243)
	at org.springframework.security.web.ObservationFilterChainDecorator$AroundFilterObservation$SimpleAroundFilterObservation.lambda$wrap$0(ObservationFilterChainDecorator.java:336)
	at org.springframework.security.web.ObservationFilterChainDecorator$ObservationFilter.doFilter(ObservationFilterChainDecorator.java:227)
	at org.springframework.security.web.ObservationFilterChainDecorator$VirtualFilterChain.doFilter(ObservationFilterChainDecorator.java:140)
	at org.springframework.security.web.FilterChainProxy.doFilterInternal(FilterChainProxy.java:237)
	at org.springframework.security.web.FilterChainProxy.doFilter(FilterChainProxy.java:195)
	at org.springframework.web.filter.CompositeFilter$VirtualFilterChain.doFilter(CompositeFilter.java:113)
	at org.springframework.web.filter.ServletRequestPathFilter.doFilter(ServletRequestPathFilter.java:52)
	at org.springframework.web.filter.CompositeFilter$VirtualFilterChain.doFilter(CompositeFilter.java:113)
	at org.springframework.web.filter.CompositeFilter.doFilter(CompositeFilter.java:74)
	at org.springframework.security.config.annotation.web.configuration.WebSecurityConfiguration$CompositeFilterChainProxy.doFilter(WebSecurityConfiguration.java:317)
	at org.springframework.web.filter.DelegatingFilterProxy.invokeDelegate(DelegatingFilterProxy.java:355)
	at org.springframework.web.filter.DelegatingFilterProxy.doFilter(DelegatingFilterProxy.java:272)
	at org.apache.catalina.core.ApplicationFilterChain.doFilter(ApplicationFilterChain.java:107)
	at org.springframework.web.filter.RequestContextFilter.doFilterInternal(RequestContextFilter.java:100)
	at org.springframework.web.filter.OncePerRequestFilter.doFilter(OncePerRequestFilter.java:116)
	at org.apache.catalina.core.ApplicationFilterChain.doFilter(ApplicationFilterChain.java:107)
	at org.springframework.web.filter.FormContentFilter.doFilterInternal(FormContentFilter.java:93)
	at org.springframework.web.filter.OncePerRequestFilter.doFilter(OncePerRequestFilter.java:116)
	at org.apache.catalina.core.ApplicationFilterChain.doFilter(ApplicationFilterChain.java:107)
	at org.springframework.web.filter.ServerHttpObservationFilter.doFilterInternal(ServerHttpObservationFilter.java:110)
	at org.springframework.web.filter.OncePerRequestFilter.doFilter(OncePerRequestFilter.java:116)
	at org.apache.catalina.core.ApplicationFilterChain.doFilter(ApplicationFilterChain.java:107)
	at org.springframework.web.filter.CharacterEncodingFilter.doFilterInternal(CharacterEncodingFilter.java:199)
	at org.springframework.web.filter.OncePerRequestFilter.doFilter(OncePerRequestFilter.java:116)
	at org.apache.catalina.core.ApplicationFilterChain.doFilter(ApplicationFilterChain.java:107)
	at org.apache.catalina.core.StandardWrapperValve.invoke(StandardWrapperValve.java:165)
	at org.apache.catalina.core.StandardContextValve.invoke(StandardContextValve.java:77)
	at org.apache.catalina.authenticator.AuthenticatorBase.invoke(AuthenticatorBase.java:492)
	at org.apache.catalina.core.StandardHostValve.invoke(StandardHostValve.java:113)
	at org.apache.catalina.valves.ErrorReportValve.invoke(ErrorReportValve.java:83)
	at org.apache.catalina.core.StandardEngineValve.invoke(StandardEngineValve.java:72)
	at org.apache.catalina.connector.CoyoteAdapter.service(CoyoteAdapter.java:341)
	at org.apache.coyote.http11.Http11Processor.service(Http11Processor.java:397)
	at org.apache.coyote.AbstractProcessorLight.process(AbstractProcessorLight.java:63)
	at org.apache.coyote.AbstractProtocol$ConnectionHandler.process(AbstractProtocol.java:1272)
	at org.apache.tomcat.util.net.NioEndpoint$SocketProcessor.doRun(NioEndpoint.java:1801)
	at org.apache.tomcat.util.net.SocketProcessorBase.run(SocketProcessorBase.java:52)
	at org.apache.tomcat.util.threads.ThreadPoolExecutor.runWorker(ThreadPoolExecutor.java:946)
	at org.apache.tomcat.util.threads.ThreadPoolExecutor$Worker.run(ThreadPoolExecutor.java:480)
	at org.apache.tomcat.util.threads.TaskThread$WrappingRunnable.run(TaskThread.java:57)
	at java.base/java.lang.Thread.run(Thread.java:1474)
2026-08-17 07:54:07.769 INFO  [a9459705-933e-42f5-af8a-98cd3b8ebdbc] [http-nio-8080-exec-2] c.a.t.s.l.RequestLoggingInterceptor - API RESPONSE | Method: POST | URI: /api/v1/enrollments | Status: 500 | Duration: 204ms
2026-08-17 07:55:38.537 INFO  [NO-REQUEST] [SpringApplicationShutdownHook] o.s.boot.tomcat.GracefulShutdown - Commencing graceful shutdown. Waiting for active requests to complete
2026-08-17 07:55:38.546 INFO  [NO-REQUEST] [tomcat-shutdown] o.s.boot.tomcat.GracefulShutdown - Graceful shutdown complete
2026-08-17 07:55:40.581 INFO  [NO-REQUEST] [SpringApplicationShutdownHook] o.s.o.j.LocalContainerEntityManagerFactoryBean - Closing JPA EntityManagerFactory for persistence unit 'default'
2026-08-17 07:55:40.582 INFO  [NO-REQUEST] [SpringApplicationShutdownHook] com.zaxxer.hikari.HikariDataSource - HikariPool-1 - Shutdown initiated...
2026-08-17 07:55:40.584 INFO  [NO-REQUEST] [SpringApplicationShutdownHook] com.zaxxer.hikari.HikariDataSource - HikariPool-1 - Shutdown completed.
2026-08-17 07:55:44.568 INFO  [NO-REQUEST] [main] c.a.t.s.StudentManagementApiApplication - Starting StudentManagementApiApplication using Java 25.0.4 with PID 17304 (D:\student-management-api\build\classes\java\main started by USER in D:\student-management-api)
2026-08-17 07:55:44.570 INFO  [NO-REQUEST] [main] c.a.t.s.StudentManagementApiApplication - No active profile set, falling back to 1 default profile: "default"
2026-08-17 07:55:45.372 INFO  [NO-REQUEST] [main] o.s.d.r.c.RepositoryConfigurationDelegate - Multiple Spring Data modules found, entering strict repository configuration mode
2026-08-17 07:55:45.373 INFO  [NO-REQUEST] [main] o.s.d.r.c.RepositoryConfigurationDelegate - Bootstrapping Spring Data JPA repositories in DEFAULT mode.
2026-08-17 07:55:45.502 INFO  [NO-REQUEST] [main] o.s.d.r.c.RepositoryConfigurationDelegate - Finished Spring Data repository scanning in 123 ms. Found 7 JPA repository interfaces.
2026-08-17 07:55:45.514 INFO  [NO-REQUEST] [main] o.s.d.r.c.RepositoryConfigurationDelegate - Multiple Spring Data modules found, entering strict repository configuration mode
2026-08-17 07:55:45.515 INFO  [NO-REQUEST] [main] o.s.d.r.c.RepositoryConfigurationDelegate - Bootstrapping Spring Data Redis repositories in DEFAULT mode.
2026-08-17 07:55:45.530 INFO  [NO-REQUEST] [main] o.s.d.r.c.RepositoryConfigurationExtensionSupport - Spring Data Redis - Could not safely identify store assignment for repository candidate interface com.acleda.training.studentmanagement.features.auth.AppUserRepository; If you want this repository to be a Redis repository, consider annotating your entities with one of these annotations: org.springframework.data.redis.core.RedisHash (preferred), or consider extending one of the following types with your repository: org.springframework.data.keyvalue.repository.KeyValueRepository
2026-08-17 07:55:45.530 INFO  [NO-REQUEST] [main] o.s.d.r.c.RepositoryConfigurationExtensionSupport - Spring Data Redis - Could not safely identify store assignment for repository candidate interface com.acleda.training.studentmanagement.features.course.CourseRepository; If you want this repository to be a Redis repository, consider annotating your entities with one of these annotations: org.springframework.data.redis.core.RedisHash (preferred), or consider extending one of the following types with your repository: org.springframework.data.keyvalue.repository.KeyValueRepository
2026-08-17 07:55:45.531 INFO  [NO-REQUEST] [main] o.s.d.r.c.RepositoryConfigurationExtensionSupport - Spring Data Redis - Could not safely identify store assignment for repository candidate interface com.acleda.training.studentmanagement.features.course.offering.CourseOfferingRepository; If you want this repository to be a Redis repository, consider annotating your entities with one of these annotations: org.springframework.data.redis.core.RedisHash (preferred), or consider extending one of the following types with your repository: org.springframework.data.keyvalue.repository.KeyValueRepository
2026-08-17 07:55:45.531 INFO  [NO-REQUEST] [main] o.s.d.r.c.RepositoryConfigurationExtensionSupport - Spring Data Redis - Could not safely identify store assignment for repository candidate interface com.acleda.training.studentmanagement.features.department.DepartmentRepository; If you want this repository to be a Redis repository, consider annotating your entities with one of these annotations: org.springframework.data.redis.core.RedisHash (preferred), or consider extending one of the following types with your repository: org.springframework.data.keyvalue.repository.KeyValueRepository
2026-08-17 07:55:45.531 INFO  [NO-REQUEST] [main] o.s.d.r.c.RepositoryConfigurationExtensionSupport - Spring Data Redis - Could not safely identify store assignment for repository candidate interface com.acleda.training.studentmanagement.features.enrollment.EnrollmentRepository; If you want this repository to be a Redis repository, consider annotating your entities with one of these annotations: org.springframework.data.redis.core.RedisHash (preferred), or consider extending one of the following types with your repository: org.springframework.data.keyvalue.repository.KeyValueRepository
2026-08-17 07:55:45.531 INFO  [NO-REQUEST] [main] o.s.d.r.c.RepositoryConfigurationExtensionSupport - Spring Data Redis - Could not safely identify store assignment for repository candidate interface com.acleda.training.studentmanagement.features.instructor.InstructorRepository; If you want this repository to be a Redis repository, consider annotating your entities with one of these annotations: org.springframework.data.redis.core.RedisHash (preferred), or consider extending one of the following types with your repository: org.springframework.data.keyvalue.repository.KeyValueRepository
2026-08-17 07:55:45.532 INFO  [NO-REQUEST] [main] o.s.d.r.c.RepositoryConfigurationExtensionSupport - Spring Data Redis - Could not safely identify store assignment for repository candidate interface com.acleda.training.studentmanagement.features.student.StudentRepository; If you want this repository to be a Redis repository, consider annotating your entities with one of these annotations: org.springframework.data.redis.core.RedisHash (preferred), or consider extending one of the following types with your repository: org.springframework.data.keyvalue.repository.KeyValueRepository
2026-08-17 07:55:45.532 INFO  [NO-REQUEST] [main] o.s.d.r.c.RepositoryConfigurationDelegate - Finished Spring Data repository scanning in 10 ms. Found 0 Redis repository interfaces.
2026-08-17 07:55:46.062 INFO  [NO-REQUEST] [main] o.s.boot.tomcat.TomcatWebServer - Tomcat initialized with port 8080 (http)
2026-08-17 07:55:46.073 INFO  [NO-REQUEST] [main] o.a.catalina.core.StandardService - Starting service [Tomcat]
2026-08-17 07:55:46.073 INFO  [NO-REQUEST] [main] o.a.catalina.core.StandardEngine - Starting Servlet engine: [Apache Tomcat/11.0.22]
2026-08-17 07:55:46.137 INFO  [NO-REQUEST] [main] o.s.b.w.c.s.WebApplicationContextInitializer - Root WebApplicationContext: initialization completed in 1537 ms
2026-08-17 07:55:46.409 INFO  [NO-REQUEST] [main] org.hibernate.orm.jpa - HHH008540: Processing PersistenceUnitInfo [name: default]
2026-08-17 07:55:46.450 INFO  [NO-REQUEST] [main] org.hibernate.orm.core - HHH000001: Hibernate ORM core version 7.4.1.Final
2026-08-17 07:55:46.793 INFO  [NO-REQUEST] [main] o.s.o.j.p.SpringPersistenceUnitInfo - No LoadTimeWeaver setup: ignoring JPA class transformer
2026-08-17 07:55:46.818 INFO  [NO-REQUEST] [main] com.zaxxer.hikari.HikariDataSource - HikariPool-1 - Starting...
2026-08-17 07:55:46.938 INFO  [NO-REQUEST] [main] com.zaxxer.hikari.pool.HikariPool - HikariPool-1 - Added connection org.postgresql.jdbc.PgConnection@2fc0ad21
2026-08-17 07:55:46.940 INFO  [NO-REQUEST] [main] com.zaxxer.hikari.HikariDataSource - HikariPool-1 - Start completed.
2026-08-17 07:55:46.997 INFO  [NO-REQUEST] [main] o.hibernate.orm.connections.pooling - HHH10001005: Database info:
	Database JDBC URL [jdbc:postgresql://localhost:5432/student_management_db]
	Database driver: PostgreSQL JDBC Driver
	Database dialect: PostgreSQLDialect
	Database version: 18.4
	Default catalog/schema: student_management_db/public
	Autocommit mode: undefined/unknown
	Isolation level: READ_COMMITTED [default READ_COMMITTED]
	JDBC fetch size: none
	Pool: DataSourceConnectionProvider
	Minimum pool size: undefined/unknown
	Maximum pool size: undefined/unknown
2026-08-17 07:55:47.818 INFO  [NO-REQUEST] [main] org.hibernate.orm.core - HHH000489: No JTA platform available (set 'hibernate.transaction.jta.platform' to enable JTA platform integration)
2026-08-17 07:55:47.898 INFO  [NO-REQUEST] [main] o.s.o.j.LocalContainerEntityManagerFactoryBean - Initialized JPA EntityManagerFactory for persistence unit 'default'
2026-08-17 07:55:47.945 INFO  [NO-REQUEST] [main] o.s.d.j.r.q.QueryEnhancerFactories - Hibernate is in classpath; If applicable, HQL parser will be used.
2026-08-17 07:55:48.418 INFO  [NO-REQUEST] [main] o.s.s.c.a.a.c.InitializeAuthenticationProviderBeanManagerConfigurer$InitializeAuthenticationProviderManagerConfigurer - Global AuthenticationManager configured with AuthenticationProvider bean with name authenticationProvider
2026-08-17 07:55:48.418 WARN  [NO-REQUEST] [main] o.s.s.c.a.a.c.InitializeUserDetailsBeanManagerConfigurer$InitializeUserDetailsManagerConfigurer - Global AuthenticationManager configured with an AuthenticationProvider bean. UserDetailsService beans will not be used by Spring Security for automatically configuring username/password login. Consider removing the AuthenticationProvider bean. Alternatively, consider using the UserDetailsService in a manually instantiated DaoAuthenticationProvider. If the current configuration is intentional, to turn off this warning, increase the logging level of 'org.springframework.security.config.annotation.authentication.configuration.InitializeUserDetailsBeanManagerConfigurer' to ERROR
2026-08-17 07:55:50.466 INFO  [NO-REQUEST] [main] o.s.b.a.e.web.EndpointLinksResolver - Exposing 1 endpoint beneath base path '/actuator'
2026-08-17 07:55:50.530 INFO  [NO-REQUEST] [main] o.s.boot.tomcat.TomcatWebServer - Tomcat started on port 8080 (http) with context path '/'
2026-08-17 07:55:50.538 INFO  [NO-REQUEST] [main] c.a.t.s.StudentManagementApiApplication - Started StudentManagementApiApplication in 6.317 seconds (process running for 6.906)
2026-08-17 07:55:50.831 INFO  [NO-REQUEST] [RMI TCP Connection(4)-192.168.33.1] o.a.c.c.C.[Tomcat].[localhost].[/] - Initializing Spring DispatcherServlet 'dispatcherServlet'
2026-08-17 07:55:50.831 INFO  [NO-REQUEST] [RMI TCP Connection(4)-192.168.33.1] o.s.web.servlet.DispatcherServlet - Initializing Servlet 'dispatcherServlet'
2026-08-17 07:55:50.833 INFO  [NO-REQUEST] [RMI TCP Connection(4)-192.168.33.1] o.s.web.servlet.DispatcherServlet - Completed initialization in 2 ms
2026-08-17 07:55:53.863 INFO  [a2cd1552-b499-4781-bceb-5485c63c8962] [http-nio-8080-exec-2] c.a.t.s.l.RequestLoggingInterceptor - API REQUEST | Method: POST | URI: /api/v1/enrollments | Query: null
2026-08-17 07:55:54.135 INFO  [a2cd1552-b499-4781-bceb-5485c63c8962] [http-nio-8080-exec-2] c.a.t.s.l.RequestLoggingInterceptor - API RESPONSE | Method: POST | URI: /api/v1/enrollments | Status: 201 | Duration: 272ms
2026-08-17 07:57:01.183 INFO  [NO-REQUEST] [SpringApplicationShutdownHook] o.s.boot.tomcat.GracefulShutdown - Commencing graceful shutdown. Waiting for active requests to complete
2026-08-17 07:57:01.192 INFO  [NO-REQUEST] [tomcat-shutdown] o.s.boot.tomcat.GracefulShutdown - Graceful shutdown complete
2026-08-17 07:57:03.228 INFO  [NO-REQUEST] [SpringApplicationShutdownHook] o.s.o.j.LocalContainerEntityManagerFactoryBean - Closing JPA EntityManagerFactory for persistence unit 'default'
2026-08-17 07:57:03.229 INFO  [NO-REQUEST] [SpringApplicationShutdownHook] com.zaxxer.hikari.HikariDataSource - HikariPool-1 - Shutdown initiated...
2026-08-17 07:57:03.231 INFO  [NO-REQUEST] [SpringApplicationShutdownHook] com.zaxxer.hikari.HikariDataSource - HikariPool-1 - Shutdown completed.
2026-08-17 08:00:19.590 INFO  [NO-REQUEST] [main] c.a.t.s.StudentManagementApiApplication - Starting StudentManagementApiApplication using Java 25.0.4 with PID 12580 (D:\student-management-api\build\classes\java\main started by USER in D:\student-management-api)
2026-08-17 08:00:19.592 INFO  [NO-REQUEST] [main] c.a.t.s.StudentManagementApiApplication - No active profile set, falling back to 1 default profile: "default"
2026-08-17 08:00:20.526 INFO  [NO-REQUEST] [main] o.s.d.r.c.RepositoryConfigurationDelegate - Multiple Spring Data modules found, entering strict repository configuration mode
2026-08-17 08:00:20.528 INFO  [NO-REQUEST] [main] o.s.d.r.c.RepositoryConfigurationDelegate - Bootstrapping Spring Data JPA repositories in DEFAULT mode.
2026-08-17 08:00:20.686 INFO  [NO-REQUEST] [main] o.s.d.r.c.RepositoryConfigurationDelegate - Finished Spring Data repository scanning in 150 ms. Found 7 JPA repository interfaces.
2026-08-17 08:00:20.703 INFO  [NO-REQUEST] [main] o.s.d.r.c.RepositoryConfigurationDelegate - Multiple Spring Data modules found, entering strict repository configuration mode
2026-08-17 08:00:20.704 INFO  [NO-REQUEST] [main] o.s.d.r.c.RepositoryConfigurationDelegate - Bootstrapping Spring Data Redis repositories in DEFAULT mode.
2026-08-17 08:00:20.724 INFO  [NO-REQUEST] [main] o.s.d.r.c.RepositoryConfigurationExtensionSupport - Spring Data Redis - Could not safely identify store assignment for repository candidate interface com.acleda.training.studentmanagement.features.auth.AppUserRepository; If you want this repository to be a Redis repository, consider annotating your entities with one of these annotations: org.springframework.data.redis.core.RedisHash (preferred), or consider extending one of the following types with your repository: org.springframework.data.keyvalue.repository.KeyValueRepository
2026-08-17 08:00:20.724 INFO  [NO-REQUEST] [main] o.s.d.r.c.RepositoryConfigurationExtensionSupport - Spring Data Redis - Could not safely identify store assignment for repository candidate interface com.acleda.training.studentmanagement.features.course.CourseRepository; If you want this repository to be a Redis repository, consider annotating your entities with one of these annotations: org.springframework.data.redis.core.RedisHash (preferred), or consider extending one of the following types with your repository: org.springframework.data.keyvalue.repository.KeyValueRepository
2026-08-17 08:00:20.725 INFO  [NO-REQUEST] [main] o.s.d.r.c.RepositoryConfigurationExtensionSupport - Spring Data Redis - Could not safely identify store assignment for repository candidate interface com.acleda.training.studentmanagement.features.course.offering.CourseOfferingRepository; If you want this repository to be a Redis repository, consider annotating your entities with one of these annotations: org.springframework.data.redis.core.RedisHash (preferred), or consider extending one of the following types with your repository: org.springframework.data.keyvalue.repository.KeyValueRepository
2026-08-17 08:00:20.725 INFO  [NO-REQUEST] [main] o.s.d.r.c.RepositoryConfigurationExtensionSupport - Spring Data Redis - Could not safely identify store assignment for repository candidate interface com.acleda.training.studentmanagement.features.department.DepartmentRepository; If you want this repository to be a Redis repository, consider annotating your entities with one of these annotations: org.springframework.data.redis.core.RedisHash (preferred), or consider extending one of the following types with your repository: org.springframework.data.keyvalue.repository.KeyValueRepository
2026-08-17 08:00:20.725 INFO  [NO-REQUEST] [main] o.s.d.r.c.RepositoryConfigurationExtensionSupport - Spring Data Redis - Could not safely identify store assignment for repository candidate interface com.acleda.training.studentmanagement.features.enrollment.EnrollmentRepository; If you want this repository to be a Redis repository, consider annotating your entities with one of these annotations: org.springframework.data.redis.core.RedisHash (preferred), or consider extending one of the following types with your repository: org.springframework.data.keyvalue.repository.KeyValueRepository
2026-08-17 08:00:20.725 INFO  [NO-REQUEST] [main] o.s.d.r.c.RepositoryConfigurationExtensionSupport - Spring Data Redis - Could not safely identify store assignment for repository candidate interface com.acleda.training.studentmanagement.features.instructor.InstructorRepository; If you want this repository to be a Redis repository, consider annotating your entities with one of these annotations: org.springframework.data.redis.core.RedisHash (preferred), or consider extending one of the following types with your repository: org.springframework.data.keyvalue.repository.KeyValueRepository
2026-08-17 08:00:20.726 INFO  [NO-REQUEST] [main] o.s.d.r.c.RepositoryConfigurationExtensionSupport - Spring Data Redis - Could not safely identify store assignment for repository candidate interface com.acleda.training.studentmanagement.features.student.StudentRepository; If you want this repository to be a Redis repository, consider annotating your entities with one of these annotations: org.springframework.data.redis.core.RedisHash (preferred), or consider extending one of the following types with your repository: org.springframework.data.keyvalue.repository.KeyValueRepository
2026-08-17 08:00:20.726 INFO  [NO-REQUEST] [main] o.s.d.r.c.RepositoryConfigurationDelegate - Finished Spring Data repository scanning in 12 ms. Found 0 Redis repository interfaces.
2026-08-17 08:00:21.227 INFO  [NO-REQUEST] [main] o.s.boot.tomcat.TomcatWebServer - Tomcat initialized with port 8080 (http)
2026-08-17 08:00:21.236 INFO  [NO-REQUEST] [main] o.a.catalina.core.StandardService - Starting service [Tomcat]
2026-08-17 08:00:21.237 INFO  [NO-REQUEST] [main] o.a.catalina.core.StandardEngine - Starting Servlet engine: [Apache Tomcat/11.0.22]
2026-08-17 08:00:21.298 INFO  [NO-REQUEST] [main] o.s.b.w.c.s.WebApplicationContextInitializer - Root WebApplicationContext: initialization completed in 1673 ms
2026-08-17 08:00:21.540 INFO  [NO-REQUEST] [main] org.hibernate.orm.jpa - HHH008540: Processing PersistenceUnitInfo [name: default]
2026-08-17 08:00:21.587 INFO  [NO-REQUEST] [main] org.hibernate.orm.core - HHH000001: Hibernate ORM core version 7.4.1.Final
2026-08-17 08:00:21.930 INFO  [NO-REQUEST] [main] o.s.o.j.p.SpringPersistenceUnitInfo - No LoadTimeWeaver setup: ignoring JPA class transformer
2026-08-17 08:00:21.955 INFO  [NO-REQUEST] [main] com.zaxxer.hikari.HikariDataSource - HikariPool-1 - Starting...
2026-08-17 08:00:22.114 INFO  [NO-REQUEST] [main] com.zaxxer.hikari.pool.HikariPool - HikariPool-1 - Added connection org.postgresql.jdbc.PgConnection@59d29065
2026-08-17 08:00:22.115 INFO  [NO-REQUEST] [main] com.zaxxer.hikari.HikariDataSource - HikariPool-1 - Start completed.
2026-08-17 08:00:22.177 INFO  [NO-REQUEST] [main] o.hibernate.orm.connections.pooling - HHH10001005: Database info:
	Database JDBC URL [jdbc:postgresql://localhost:5432/student_management_db]
	Database driver: PostgreSQL JDBC Driver
	Database dialect: PostgreSQLDialect
	Database version: 18.4
	Default catalog/schema: student_management_db/public
	Autocommit mode: undefined/unknown
	Isolation level: READ_COMMITTED [default READ_COMMITTED]
	JDBC fetch size: none
	Pool: DataSourceConnectionProvider
	Minimum pool size: undefined/unknown
	Maximum pool size: undefined/unknown
2026-08-17 08:00:22.990 INFO  [NO-REQUEST] [main] org.hibernate.orm.core - HHH000489: No JTA platform available (set 'hibernate.transaction.jta.platform' to enable JTA platform integration)
2026-08-17 08:00:23.072 INFO  [NO-REQUEST] [main] o.s.o.j.LocalContainerEntityManagerFactoryBean - Initialized JPA EntityManagerFactory for persistence unit 'default'
2026-08-17 08:00:23.114 INFO  [NO-REQUEST] [main] o.s.d.j.r.q.QueryEnhancerFactories - Hibernate is in classpath; If applicable, HQL parser will be used.
2026-08-17 08:00:23.232 TRACE [NO-REQUEST] [main] o.s.t.a.AnnotationTransactionAttributeSource - Adding transactional method 'com.acleda.training.studentmanagement.features.auth.CustomUserDetailsService.loadUserByUsername' with attribute: PROPAGATION_REQUIRED,ISOLATION_DEFAULT,readOnly
2026-08-17 08:00:23.562 INFO  [NO-REQUEST] [main] o.s.s.c.a.a.c.InitializeAuthenticationProviderBeanManagerConfigurer$InitializeAuthenticationProviderManagerConfigurer - Global AuthenticationManager configured with AuthenticationProvider bean with name authenticationProvider
2026-08-17 08:00:23.562 WARN  [NO-REQUEST] [main] o.s.s.c.a.a.c.InitializeUserDetailsBeanManagerConfigurer$InitializeUserDetailsManagerConfigurer - Global AuthenticationManager configured with an AuthenticationProvider bean. UserDetailsService beans will not be used by Spring Security for automatically configuring username/password login. Consider removing the AuthenticationProvider bean. Alternatively, consider using the UserDetailsService in a manually instantiated DaoAuthenticationProvider. If the current configuration is intentional, to turn off this warning, increase the logging level of 'org.springframework.security.config.annotation.authentication.configuration.InitializeUserDetailsBeanManagerConfigurer' to ERROR
2026-08-17 08:00:23.566 TRACE [NO-REQUEST] [main] o.s.t.a.AnnotationTransactionAttributeSource - Adding transactional method 'com.acleda.training.studentmanagement.features.auth.AuthService.register' with attribute: PROPAGATION_REQUIRED,ISOLATION_DEFAULT
2026-08-17 08:00:23.567 TRACE [NO-REQUEST] [main] o.s.t.a.AnnotationTransactionAttributeSource - Adding transactional method 'com.acleda.training.studentmanagement.features.auth.AuthService.login' with attribute: PROPAGATION_REQUIRED,ISOLATION_DEFAULT,readOnly
2026-08-17 08:00:23.568 TRACE [NO-REQUEST] [main] o.s.t.a.AnnotationTransactionAttributeSource - Adding transactional method 'com.acleda.training.studentmanagement.features.auth.AuthService.refreshToken' with attribute: PROPAGATION_REQUIRED,ISOLATION_DEFAULT,readOnly
2026-08-17 08:00:24.423 TRACE [NO-REQUEST] [main] o.s.t.a.AnnotationTransactionAttributeSource - Adding transactional method 'com.acleda.training.studentmanagement.features.course.CourseServiceImpl.getCourses' with attribute: PROPAGATION_REQUIRED,ISOLATION_DEFAULT,readOnly
2026-08-17 08:00:24.424 TRACE [NO-REQUEST] [main] o.s.t.a.AnnotationTransactionAttributeSource - Adding transactional method 'com.acleda.training.studentmanagement.features.course.CourseServiceImpl.createCourse' with attribute: PROPAGATION_REQUIRED,ISOLATION_DEFAULT
2026-08-17 08:00:24.424 TRACE [NO-REQUEST] [main] o.s.t.a.AnnotationTransactionAttributeSource - Adding transactional method 'com.acleda.training.studentmanagement.features.course.CourseServiceImpl.deleteCourse' with attribute: PROPAGATION_REQUIRED,ISOLATION_DEFAULT
2026-08-17 08:00:24.425 TRACE [NO-REQUEST] [main] o.s.t.a.AnnotationTransactionAttributeSource - Adding transactional method 'com.acleda.training.studentmanagement.features.course.CourseServiceImpl.getCourseById' with attribute: PROPAGATION_REQUIRED,ISOLATION_DEFAULT,readOnly
2026-08-17 08:00:24.425 TRACE [NO-REQUEST] [main] o.s.t.a.AnnotationTransactionAttributeSource - Adding transactional method 'com.acleda.training.studentmanagement.features.course.CourseServiceImpl.updateCourse' with attribute: PROPAGATION_REQUIRED,ISOLATION_DEFAULT
2026-08-17 08:00:24.619 TRACE [NO-REQUEST] [main] o.s.t.a.AnnotationTransactionAttributeSource - Adding transactional method 'com.acleda.training.studentmanagement.features.course.offering.CourseOfferingServiceImpl.updateCourseOffering' with attribute: PROPAGATION_REQUIRED,ISOLATION_DEFAULT
2026-08-17 08:00:24.619 TRACE [NO-REQUEST] [main] o.s.t.a.AnnotationTransactionAttributeSource - Adding transactional method 'com.acleda.training.studentmanagement.features.course.offering.CourseOfferingServiceImpl.createCourseOffering' with attribute: PROPAGATION_REQUIRED,ISOLATION_DEFAULT
2026-08-17 08:00:24.619 TRACE [NO-REQUEST] [main] o.s.t.a.AnnotationTransactionAttributeSource - Adding transactional method 'com.acleda.training.studentmanagement.features.course.offering.CourseOfferingServiceImpl.getCourseOfferings' with attribute: PROPAGATION_REQUIRED,ISOLATION_DEFAULT,readOnly
2026-08-17 08:00:24.620 TRACE [NO-REQUEST] [main] o.s.t.a.AnnotationTransactionAttributeSource - Adding transactional method 'com.acleda.training.studentmanagement.features.course.offering.CourseOfferingServiceImpl.getCourseOfferingById' with attribute: PROPAGATION_REQUIRED,ISOLATION_DEFAULT,readOnly
2026-08-17 08:00:24.620 TRACE [NO-REQUEST] [main] o.s.t.a.AnnotationTransactionAttributeSource - Adding transactional method 'com.acleda.training.studentmanagement.features.course.offering.CourseOfferingServiceImpl.deleteCourseOffering' with attribute: PROPAGATION_REQUIRED,ISOLATION_DEFAULT
2026-08-17 08:00:24.627 TRACE [NO-REQUEST] [main] o.s.t.a.AnnotationTransactionAttributeSource - Adding transactional method 'com.acleda.training.studentmanagement.features.department.DepartmentServiceImpl.findDepartment' with attribute: PROPAGATION_REQUIRED,ISOLATION_DEFAULT
2026-08-17 08:00:24.629 TRACE [NO-REQUEST] [main] o.s.t.a.AnnotationTransactionAttributeSource - Adding transactional method 'com.acleda.training.studentmanagement.features.department.DepartmentServiceImpl.updateDepartment' with attribute: PROPAGATION_REQUIRED,ISOLATION_DEFAULT
2026-08-17 08:00:24.629 TRACE [NO-REQUEST] [main] o.s.t.a.AnnotationTransactionAttributeSource - Adding transactional method 'com.acleda.training.studentmanagement.features.department.DepartmentServiceImpl.updateDepartmentStatus' with attribute: PROPAGATION_REQUIRED,ISOLATION_DEFAULT
2026-08-17 08:00:24.629 TRACE [NO-REQUEST] [main] o.s.t.a.AnnotationTransactionAttributeSource - Adding transactional method 'com.acleda.training.studentmanagement.features.department.DepartmentServiceImpl.getDepartments' with attribute: PROPAGATION_REQUIRED,ISOLATION_DEFAULT,readOnly
2026-08-17 08:00:24.629 TRACE [NO-REQUEST] [main] o.s.t.a.AnnotationTransactionAttributeSource - Adding transactional method 'com.acleda.training.studentmanagement.features.department.DepartmentServiceImpl.getDepartmentById' with attribute: PROPAGATION_REQUIRED,ISOLATION_DEFAULT,readOnly
2026-08-17 08:00:24.629 TRACE [NO-REQUEST] [main] o.s.t.a.AnnotationTransactionAttributeSource - Adding transactional method 'com.acleda.training.studentmanagement.features.department.DepartmentServiceImpl.createDepartment' with attribute: PROPAGATION_REQUIRED,ISOLATION_DEFAULT
2026-08-17 08:00:24.630 TRACE [NO-REQUEST] [main] o.s.t.a.AnnotationTransactionAttributeSource - Adding transactional method 'com.acleda.training.studentmanagement.features.department.DepartmentServiceImpl.deleteDepartment' with attribute: PROPAGATION_REQUIRED,ISOLATION_DEFAULT
2026-08-17 08:00:24.707 TRACE [NO-REQUEST] [main] o.s.t.a.AnnotationTransactionAttributeSource - Adding transactional method 'com.acleda.training.studentmanagement.features.enrollment.EnrollmentServiceImpl.updateEnrollmentResult' with attribute: PROPAGATION_REQUIRED,ISOLATION_DEFAULT
2026-08-17 08:00:24.708 TRACE [NO-REQUEST] [main] o.s.t.a.AnnotationTransactionAttributeSource - Adding transactional method 'com.acleda.training.studentmanagement.features.enrollment.EnrollmentServiceImpl.getEnrollmentById' with attribute: PROPAGATION_REQUIRED,ISOLATION_DEFAULT,readOnly
2026-08-17 08:00:24.708 TRACE [NO-REQUEST] [main] o.s.t.a.AnnotationTransactionAttributeSource - Adding transactional method 'com.acleda.training.studentmanagement.features.enrollment.EnrollmentServiceImpl.deleteEnrollment' with attribute: PROPAGATION_REQUIRED,ISOLATION_DEFAULT
2026-08-17 08:00:24.708 TRACE [NO-REQUEST] [main] o.s.t.a.AnnotationTransactionAttributeSource - Adding transactional method 'com.acleda.training.studentmanagement.features.enrollment.EnrollmentServiceImpl.createEnrollment' with attribute: PROPAGATION_REQUIRED,ISOLATION_DEFAULT
2026-08-17 08:00:24.709 TRACE [NO-REQUEST] [main] o.s.t.a.AnnotationTransactionAttributeSource - Adding transactional method 'com.acleda.training.studentmanagement.features.enrollment.EnrollmentServiceImpl.updateEnrollment' with attribute: PROPAGATION_REQUIRED,ISOLATION_DEFAULT
2026-08-17 08:00:24.709 TRACE [NO-REQUEST] [main] o.s.t.a.AnnotationTransactionAttributeSource - Adding transactional method 'com.acleda.training.studentmanagement.features.enrollment.EnrollmentServiceImpl.getEnrollments' with attribute: PROPAGATION_REQUIRED,ISOLATION_DEFAULT,readOnly
2026-08-17 08:00:24.951 TRACE [NO-REQUEST] [main] o.s.t.a.AnnotationTransactionAttributeSource - Adding transactional method 'com.acleda.training.studentmanagement.features.instructor.InstructorServiceImpl.deleteInstructor' with attribute: PROPAGATION_REQUIRED,ISOLATION_DEFAULT
2026-08-17 08:00:24.952 TRACE [NO-REQUEST] [main] o.s.t.a.AnnotationTransactionAttributeSource - Adding transactional method 'com.acleda.training.studentmanagement.features.instructor.InstructorServiceImpl.getInstructorById' with attribute: PROPAGATION_REQUIRED,ISOLATION_DEFAULT,readOnly
2026-08-17 08:00:24.952 TRACE [NO-REQUEST] [main] o.s.t.a.AnnotationTransactionAttributeSource - Adding transactional method 'com.acleda.training.studentmanagement.features.instructor.InstructorServiceImpl.getInstructors' with attribute: PROPAGATION_REQUIRED,ISOLATION_DEFAULT,readOnly
2026-08-17 08:00:24.952 TRACE [NO-REQUEST] [main] o.s.t.a.AnnotationTransactionAttributeSource - Adding transactional method 'com.acleda.training.studentmanagement.features.instructor.InstructorServiceImpl.updateInstructor' with attribute: PROPAGATION_REQUIRED,ISOLATION_DEFAULT
2026-08-17 08:00:24.953 TRACE [NO-REQUEST] [main] o.s.t.a.AnnotationTransactionAttributeSource - Adding transactional method 'com.acleda.training.studentmanagement.features.instructor.InstructorServiceImpl.createInstructor' with attribute: PROPAGATION_REQUIRED,ISOLATION_DEFAULT
2026-08-17 08:00:24.958 TRACE [NO-REQUEST] [main] o.s.t.a.AnnotationTransactionAttributeSource - Adding transactional method 'com.acleda.training.studentmanagement.features.student.StudentServiceImpl.createStudent' with attribute: PROPAGATION_REQUIRED,ISOLATION_DEFAULT
2026-08-17 08:00:24.958 TRACE [NO-REQUEST] [main] o.s.t.a.AnnotationTransactionAttributeSource - Adding transactional method 'com.acleda.training.studentmanagement.features.student.StudentServiceImpl.getStudents' with attribute: PROPAGATION_REQUIRED,ISOLATION_DEFAULT,readOnly
2026-08-17 08:00:24.958 TRACE [NO-REQUEST] [main] o.s.t.a.AnnotationTransactionAttributeSource - Adding transactional method 'com.acleda.training.studentmanagement.features.student.StudentServiceImpl.getStudentById' with attribute: PROPAGATION_REQUIRED,ISOLATION_DEFAULT,readOnly
2026-08-17 08:00:24.958 TRACE [NO-REQUEST] [main] o.s.t.a.AnnotationTransactionAttributeSource - Adding transactional method 'com.acleda.training.studentmanagement.features.student.StudentServiceImpl.deleteStudent' with attribute: PROPAGATION_REQUIRED,ISOLATION_DEFAULT
2026-08-17 08:00:24.959 TRACE [NO-REQUEST] [main] o.s.t.a.AnnotationTransactionAttributeSource - Adding transactional method 'com.acleda.training.studentmanagement.features.student.StudentServiceImpl.updateStudent' with attribute: PROPAGATION_REQUIRED,ISOLATION_DEFAULT
2026-08-17 08:00:25.709 INFO  [NO-REQUEST] [main] o.s.b.a.e.web.EndpointLinksResolver - Exposing 1 endpoint beneath base path '/actuator'
2026-08-17 08:00:25.776 INFO  [NO-REQUEST] [main] o.s.boot.tomcat.TomcatWebServer - Tomcat started on port 8080 (http) with context path '/'
2026-08-17 08:00:25.785 INFO  [NO-REQUEST] [main] c.a.t.s.StudentManagementApiApplication - Started StudentManagementApiApplication in 6.559 seconds (process running for 7.134)
2026-08-17 08:00:25.792 TRACE [NO-REQUEST] [main] o.s.t.i.TransactionInterceptor - No need to create transaction for [org.springframework.data.jpa.repository.support.SimpleJpaRepository.existsByUsernameIgnoreCase]: This method is not transactional.
2026-08-17 08:00:25.877 DEBUG [NO-REQUEST] [main] org.hibernate.SQL - 
    select
        au1_0.id 
    from
        app_users au1_0 
    where
        upper(au1_0.username)=upper(?) 
    fetch
        first ? rows only
2026-08-17 08:00:25.878 TRACE [NO-REQUEST] [main] org.hibernate.orm.jdbc.bind - binding parameter (1:VARCHAR) <- [admin]
2026-08-17 08:00:25.878 TRACE [NO-REQUEST] [main] org.hibernate.orm.jdbc.bind - binding parameter (2:INTEGER) <- [1]
2026-08-17 08:00:26.329 INFO  [NO-REQUEST] [RMI TCP Connection(2)-192.168.33.1] o.a.c.c.C.[Tomcat].[localhost].[/] - Initializing Spring DispatcherServlet 'dispatcherServlet'
2026-08-17 08:00:26.330 INFO  [NO-REQUEST] [RMI TCP Connection(2)-192.168.33.1] o.s.web.servlet.DispatcherServlet - Initializing Servlet 'dispatcherServlet'
2026-08-17 08:00:26.333 INFO  [NO-REQUEST] [RMI TCP Connection(2)-192.168.33.1] o.s.web.servlet.DispatcherServlet - Completed initialization in 3 ms
2026-08-17 08:01:23.758 DEBUG [NO-REQUEST] [http-nio-8080-exec-6] o.s.orm.jpa.JpaTransactionManager - Creating new transaction with name [com.acleda.training.studentmanagement.features.auth.CustomUserDetailsService.loadUserByUsername]: PROPAGATION_REQUIRED,ISOLATION_DEFAULT,readOnly
2026-08-17 08:01:23.759 DEBUG [NO-REQUEST] [http-nio-8080-exec-6] o.s.orm.jpa.JpaTransactionManager - Opened new EntityManager [SessionImpl(1137444525<open>)] for JPA transaction
2026-08-17 08:01:23.762 DEBUG [NO-REQUEST] [http-nio-8080-exec-6] o.s.orm.jpa.JpaTransactionManager - Exposing JPA transaction as JDBC [org.springframework.orm.jpa.vendor.HibernateJpaDialect$HibernateConnectionHandle@7893f07f]
2026-08-17 08:01:23.763 TRACE [NO-REQUEST] [http-nio-8080-exec-6] o.s.t.i.TransactionInterceptor - Getting transaction for [com.acleda.training.studentmanagement.features.auth.CustomUserDetailsService.loadUserByUsername]
2026-08-17 08:01:23.763 TRACE [NO-REQUEST] [http-nio-8080-exec-6] o.s.t.i.TransactionInterceptor - No need to create transaction for [org.springframework.data.jpa.repository.support.SimpleJpaRepository.findByUsernameIgnoreCase]: This method is not transactional.
2026-08-17 08:01:23.770 DEBUG [NO-REQUEST] [http-nio-8080-exec-6] org.hibernate.SQL - 
    select
        au1_0.id,
        au1_0.created_at,
        au1_0.enabled,
        au1_0.password,
        au1_0.role,
        au1_0.updated_at,
        au1_0.username 
    from
        app_users au1_0 
    where
        upper(au1_0.username)=upper(?)
2026-08-17 08:01:23.770 TRACE [NO-REQUEST] [http-nio-8080-exec-6] org.hibernate.orm.jdbc.bind - binding parameter (1:VARCHAR) <- [admin]
2026-08-17 08:01:23.785 TRACE [NO-REQUEST] [http-nio-8080-exec-6] o.s.t.i.TransactionInterceptor - Completing transaction for [com.acleda.training.studentmanagement.features.auth.CustomUserDetailsService.loadUserByUsername]
2026-08-17 08:01:23.785 DEBUG [NO-REQUEST] [http-nio-8080-exec-6] o.s.orm.jpa.JpaTransactionManager - Initiating transaction commit
2026-08-17 08:01:23.786 DEBUG [NO-REQUEST] [http-nio-8080-exec-6] o.s.orm.jpa.JpaTransactionManager - Committing JPA transaction on EntityManager [SessionImpl(1137444525<open>)]
2026-08-17 08:01:23.788 DEBUG [NO-REQUEST] [http-nio-8080-exec-6] o.s.orm.jpa.JpaTransactionManager - Closing JPA EntityManager after transaction
2026-08-17 08:01:23.801 INFO  [11b0695d-5040-47f9-9409-afb67911572f] [http-nio-8080-exec-6] c.a.t.s.l.RequestLoggingInterceptor - API REQUEST | Method: POST | URI: /api/v1/enrollments | Query: null
2026-08-17 08:01:23.881 DEBUG [11b0695d-5040-47f9-9409-afb67911572f] [http-nio-8080-exec-6] o.s.orm.jpa.JpaTransactionManager - Creating new transaction with name [com.acleda.training.studentmanagement.features.enrollment.EnrollmentServiceImpl.createEnrollment]: PROPAGATION_REQUIRED,ISOLATION_DEFAULT
2026-08-17 08:01:23.881 DEBUG [11b0695d-5040-47f9-9409-afb67911572f] [http-nio-8080-exec-6] o.s.orm.jpa.JpaTransactionManager - Opened new EntityManager [SessionImpl(5152085<open>)] for JPA transaction
2026-08-17 08:01:23.881 DEBUG [11b0695d-5040-47f9-9409-afb67911572f] [http-nio-8080-exec-6] o.s.orm.jpa.JpaTransactionManager - Exposing JPA transaction as JDBC [org.springframework.orm.jpa.vendor.HibernateJpaDialect$HibernateConnectionHandle@70d4e940]
2026-08-17 08:01:23.881 TRACE [11b0695d-5040-47f9-9409-afb67911572f] [http-nio-8080-exec-6] o.s.t.i.TransactionInterceptor - Getting transaction for [com.acleda.training.studentmanagement.features.enrollment.EnrollmentServiceImpl.createEnrollment]
2026-08-17 08:01:23.881 TRACE [11b0695d-5040-47f9-9409-afb67911572f] [http-nio-8080-exec-6] o.s.t.i.TransactionInterceptor - No need to create transaction for [org.springframework.data.jpa.repository.support.SimpleJpaRepository.findByIdAndDeletedFalse]: This method is not transactional.
2026-08-17 08:01:23.886 DEBUG [11b0695d-5040-47f9-9409-afb67911572f] [http-nio-8080-exec-6] org.hibernate.SQL - 
    select
        s1_0.id,
        s1_0.address,
        s1_0.created_at,
        s1_0.date_of_birth,
        s1_0.deleted,
        s1_0.email,
        s1_0.enrolled_at,
        s1_0.first_name,
        s1_0.gender,
        s1_0.last_name,
        s1_0.phone_number,
        s1_0.status,
        s1_0.student_code,
        s1_0.updated_at 
    from
        students s1_0 
    where
        s1_0.id=? 
        and s1_0.deleted=false
2026-08-17 08:01:23.887 TRACE [11b0695d-5040-47f9-9409-afb67911572f] [http-nio-8080-exec-6] org.hibernate.orm.jdbc.bind - binding parameter (1:UUID) <- [b7874d8b-2513-47ad-994d-12f81c7af427]
2026-08-17 08:01:23.893 TRACE [11b0695d-5040-47f9-9409-afb67911572f] [http-nio-8080-exec-6] o.s.t.i.TransactionInterceptor - No need to create transaction for [org.springframework.data.jpa.repository.support.SimpleJpaRepository.findByIdAndDeletedFalse]: This method is not transactional.
2026-08-17 08:01:23.901 DEBUG [11b0695d-5040-47f9-9409-afb67911572f] [http-nio-8080-exec-6] org.hibernate.SQL - 
    select
        c1_0.id,
        c1_0.code,
        c1_0.created_at,
        c1_0.credit,
        c1_0.deleted,
        c1_0.department_id,
        c1_0.description,
        c1_0.name,
        c1_0.updated_at 
    from
        courses c1_0 
    where
        c1_0.id=? 
        and c1_0.deleted=false
2026-08-17 08:01:23.902 TRACE [11b0695d-5040-47f9-9409-afb67911572f] [http-nio-8080-exec-6] org.hibernate.orm.jdbc.bind - binding parameter (1:UUID) <- [6b39c013-b472-4a3b-8083-32d35da2babf]
2026-08-17 08:01:23.910 TRACE [11b0695d-5040-47f9-9409-afb67911572f] [http-nio-8080-exec-6] o.s.t.i.TransactionInterceptor - No need to create transaction for [org.springframework.data.jpa.repository.support.SimpleJpaRepository.existsByStudent_IdAndCourse_IdAndSemesterAndAcademicYearAndDeletedFalse]: This method is not transactional.
2026-08-17 08:01:23.914 DEBUG [11b0695d-5040-47f9-9409-afb67911572f] [http-nio-8080-exec-6] org.hibernate.SQL - 
    select
        e1_0.id 
    from
        enrollments e1_0 
    where
        e1_0.student_id=? 
        and e1_0.course_id=? 
        and e1_0.semester=? 
        and e1_0.academic_year=? 
        and e1_0.deleted=false 
    fetch
        first ? rows only
2026-08-17 08:01:23.914 TRACE [11b0695d-5040-47f9-9409-afb67911572f] [http-nio-8080-exec-6] org.hibernate.orm.jdbc.bind - binding parameter (1:UUID) <- [b7874d8b-2513-47ad-994d-12f81c7af427]
2026-08-17 08:01:23.915 TRACE [11b0695d-5040-47f9-9409-afb67911572f] [http-nio-8080-exec-6] org.hibernate.orm.jdbc.bind - binding parameter (2:UUID) <- [6b39c013-b472-4a3b-8083-32d35da2babf]
2026-08-17 08:01:23.915 TRACE [11b0695d-5040-47f9-9409-afb67911572f] [http-nio-8080-exec-6] org.hibernate.orm.jdbc.bind - binding parameter (3:VARCHAR) <- [SEMESTER_1]
2026-08-17 08:01:23.915 TRACE [11b0695d-5040-47f9-9409-afb67911572f] [http-nio-8080-exec-6] org.hibernate.orm.jdbc.bind - binding parameter (4:VARCHAR) <- [2026-2027]
2026-08-17 08:01:23.915 TRACE [11b0695d-5040-47f9-9409-afb67911572f] [http-nio-8080-exec-6] org.hibernate.orm.jdbc.bind - binding parameter (5:INTEGER) <- [1]
2026-08-17 08:01:23.919 TRACE [11b0695d-5040-47f9-9409-afb67911572f] [http-nio-8080-exec-6] o.s.t.i.TransactionInterceptor - Completing transaction for [com.acleda.training.studentmanagement.features.enrollment.EnrollmentServiceImpl.createEnrollment] after exception: com.acleda.training.studentmanagement.exception.ConflictException: Student is already enrolled in this course for SEMESTER_1 2026-2027
2026-08-17 08:01:23.920 TRACE [11b0695d-5040-47f9-9409-afb67911572f] [http-nio-8080-exec-6] o.s.t.i.TransactionInterceptor - MethodRollbackEvent: com.acleda.training.studentmanagement.features.enrollment.EnrollmentServiceImpl.createEnrollment [com.acleda.training.studentmanagement.exception.ConflictException: Student is already enrolled in this course for SEMESTER_1 2026-2027]
com.acleda.training.studentmanagement.exception.ConflictException: Student is already enrolled in this course for SEMESTER_1 2026-2027
	at com.acleda.training.studentmanagement.features.enrollment.EnrollmentServiceImpl.createEnrollment(EnrollmentServiceImpl.java:74)
	at java.base/jdk.internal.reflect.DirectMethodHandleAccessor.invoke(DirectMethodHandleAccessor.java:104)
	at java.base/java.lang.reflect.Method.invoke(Method.java:565)
	at org.springframework.aop.support.AopUtils.invokeJoinpointUsingReflection(AopUtils.java:359)
	at org.springframework.aop.framework.ReflectiveMethodInvocation.invokeJoinpoint(ReflectiveMethodInvocation.java:190)
	at org.springframework.aop.framework.ReflectiveMethodInvocation.proceed(ReflectiveMethodInvocation.java:158)
	at org.springframework.transaction.interceptor.TransactionInterceptor$1.proceedWithInvocation(TransactionInterceptor.java:133)
	at org.springframework.transaction.interceptor.TransactionAspectSupport.invokeWithinTransaction(TransactionAspectSupport.java:371)
	at org.springframework.transaction.interceptor.TransactionInterceptor.invoke(TransactionInterceptor.java:130)
	at org.springframework.aop.framework.ReflectiveMethodInvocation.proceed(ReflectiveMethodInvocation.java:179)
	at org.springframework.cache.interceptor.CacheInterceptor.lambda$invoke$0(CacheInterceptor.java:54)
	at org.springframework.cache.interceptor.CacheAspectSupport.invokeOperation(CacheAspectSupport.java:426)
	at org.springframework.cache.interceptor.CacheAspectSupport.evaluate(CacheAspectSupport.java:591)
	at org.springframework.cache.interceptor.CacheAspectSupport.execute(CacheAspectSupport.java:442)
	at org.springframework.cache.interceptor.CacheAspectSupport.execute(CacheAspectSupport.java:406)
	at org.springframework.cache.interceptor.CacheInterceptor.invoke(CacheInterceptor.java:64)
	at org.springframework.aop.framework.ReflectiveMethodInvocation.proceed(ReflectiveMethodInvocation.java:179)
	at org.springframework.aop.framework.CglibAopProxy$DynamicAdvisedInterceptor.intercept(CglibAopProxy.java:719)
	at com.acleda.training.studentmanagement.features.enrollment.EnrollmentServiceImpl$$SpringCGLIB$$0.createEnrollment(<generated>)
	at com.acleda.training.studentmanagement.features.enrollment.EnrollmentController.createEnrollment(EnrollmentController.java:48)
	at java.base/jdk.internal.reflect.DirectMethodHandleAccessor.invoke(DirectMethodHandleAccessor.java:104)
	at java.base/java.lang.reflect.Method.invoke(Method.java:565)
	at org.springframework.web.method.support.InvocableHandlerMethod.doInvoke(InvocableHandlerMethod.java:252)
	at org.springframework.web.method.support.InvocableHandlerMethod.invokeForRequest(InvocableHandlerMethod.java:184)
	at org.springframework.web.servlet.mvc.method.annotation.ServletInvocableHandlerMethod.invokeAndHandle(ServletInvocableHandlerMethod.java:117)
	at org.springframework.web.servlet.mvc.method.annotation.RequestMappingHandlerAdapter.invokeHandlerMethod(RequestMappingHandlerAdapter.java:934)
	at org.springframework.web.servlet.mvc.method.annotation.RequestMappingHandlerAdapter.handleInternal(RequestMappingHandlerAdapter.java:853)
	at org.springframework.web.servlet.mvc.method.AbstractHandlerMethodAdapter.handle(AbstractHandlerMethodAdapter.java:86)
	at org.springframework.web.servlet.DispatcherServlet.doDispatch(DispatcherServlet.java:963)
	at org.springframework.web.servlet.DispatcherServlet.doService(DispatcherServlet.java:866)
	at org.springframework.web.servlet.FrameworkServlet.processRequest(FrameworkServlet.java:1000)
	at org.springframework.web.servlet.FrameworkServlet.doPost(FrameworkServlet.java:903)
	at jakarta.servlet.http.HttpServlet.service(HttpServlet.java:649)
	at org.springframework.web.servlet.FrameworkServlet.service(FrameworkServlet.java:874)
	at jakarta.servlet.http.HttpServlet.service(HttpServlet.java:710)
	at org.apache.catalina.core.ApplicationFilterChain.doFilter(ApplicationFilterChain.java:128)
	at org.apache.tomcat.websocket.server.WsFilter.doFilter(WsFilter.java:53)
	at org.apache.catalina.core.ApplicationFilterChain.doFilter(ApplicationFilterChain.java:107)
	at com.acleda.training.studentmanagement.logging.RequestIdFilter.doFilterInternal(RequestIdFilter.java:40)
	at org.springframework.web.filter.OncePerRequestFilter.doFilter(OncePerRequestFilter.java:116)
	at org.apache.catalina.core.ApplicationFilterChain.doFilter(ApplicationFilterChain.java:107)
	at org.springframework.web.filter.OncePerRequestFilter.doFilter(OncePerRequestFilter.java:110)
	at org.apache.catalina.core.ApplicationFilterChain.doFilter(ApplicationFilterChain.java:107)
	at org.springframework.web.filter.OncePerRequestFilter.doFilter(OncePerRequestFilter.java:101)
	at org.apache.catalina.core.ApplicationFilterChain.doFilter(ApplicationFilterChain.java:107)
	at org.springframework.web.filter.CompositeFilter$VirtualFilterChain.doFilter(CompositeFilter.java:108)
	at org.springframework.security.web.FilterChainProxy.lambda$doFilterInternal$2(FilterChainProxy.java:235)
	at org.springframework.security.web.ObservationFilterChainDecorator$FilterObservation$SimpleFilterObservation.lambda$wrap$1(ObservationFilterChainDecorator.java:491)
	at org.springframework.security.web.ObservationFilterChainDecorator$AroundFilterObservation$SimpleAroundFilterObservation.lambda$wrap$1(ObservationFilterChainDecorator.java:353)
	at org.springframework.security.web.ObservationFilterChainDecorator.lambda$wrapSecured$0(ObservationFilterChainDecorator.java:84)
	at org.springframework.security.web.ObservationFilterChainDecorator$VirtualFilterChain.doFilter(ObservationFilterChainDecorator.java:131)
	at org.springframework.security.web.access.intercept.AuthorizationFilter.doFilter(AuthorizationFilter.java:101)
	at org.springframework.security.web.ObservationFilterChainDecorator$ObservationFilter.wrapFilter(ObservationFilterChainDecorator.java:243)
	at org.springframework.security.web.ObservationFilterChainDecorator$ObservationFilter.doFilter(ObservationFilterChainDecorator.java:230)
	at org.springframework.security.web.ObservationFilterChainDecorator$VirtualFilterChain.doFilter(ObservationFilterChainDecorator.java:140)
	at org.springframework.security.web.access.ExceptionTranslationFilter.doFilter(ExceptionTranslationFilter.java:126)
	at org.springframework.security.web.access.ExceptionTranslationFilter.doFilter(ExceptionTranslationFilter.java:120)
	at org.springframework.security.web.ObservationFilterChainDecorator$ObservationFilter.wrapFilter(ObservationFilterChainDecorator.java:243)
	at org.springframework.security.web.ObservationFilterChainDecorator$ObservationFilter.doFilter(ObservationFilterChainDecorator.java:230)
	at org.springframework.security.web.ObservationFilterChainDecorator$VirtualFilterChain.doFilter(ObservationFilterChainDecorator.java:140)
	at org.springframework.security.web.session.SessionManagementFilter.doFilter(SessionManagementFilter.java:132)
	at org.springframework.security.web.session.SessionManagementFilter.doFilter(SessionManagementFilter.java:86)
	at org.springframework.security.web.ObservationFilterChainDecorator$ObservationFilter.wrapFilter(ObservationFilterChainDecorator.java:243)
	at org.springframework.security.web.ObservationFilterChainDecorator$ObservationFilter.doFilter(ObservationFilterChainDecorator.java:230)
	at org.springframework.security.web.ObservationFilterChainDecorator$VirtualFilterChain.doFilter(ObservationFilterChainDecorator.java:140)
	at org.springframework.security.web.authentication.AnonymousAuthenticationFilter.doFilter(AnonymousAuthenticationFilter.java:100)
	at org.springframework.security.web.ObservationFilterChainDecorator$ObservationFilter.wrapFilter(ObservationFilterChainDecorator.java:243)
	at org.springframework.security.web.ObservationFilterChainDecorator$ObservationFilter.doFilter(ObservationFilterChainDecorator.java:230)
	at org.springframework.security.web.ObservationFilterChainDecorator$VirtualFilterChain.doFilter(ObservationFilterChainDecorator.java:140)
	at org.springframework.security.web.servletapi.SecurityContextHolderAwareRequestFilter.doFilter(SecurityContextHolderAwareRequestFilter.java:181)
	at org.springframework.security.web.ObservationFilterChainDecorator$ObservationFilter.wrapFilter(ObservationFilterChainDecorator.java:243)
	at org.springframework.security.web.ObservationFilterChainDecorator$ObservationFilter.doFilter(ObservationFilterChainDecorator.java:230)
	at org.springframework.security.web.ObservationFilterChainDecorator$VirtualFilterChain.doFilter(ObservationFilterChainDecorator.java:140)
	at org.springframework.security.web.savedrequest.RequestCacheAwareFilter.doFilter(RequestCacheAwareFilter.java:63)
	at org.springframework.security.web.ObservationFilterChainDecorator$ObservationFilter.wrapFilter(ObservationFilterChainDecorator.java:243)
	at org.springframework.security.web.ObservationFilterChainDecorator$ObservationFilter.doFilter(ObservationFilterChainDecorator.java:230)
	at org.springframework.security.web.ObservationFilterChainDecorator$VirtualFilterChain.doFilter(ObservationFilterChainDecorator.java:140)
	at com.acleda.training.studentmanagement.features.auth.JwtAuthenticationFilter.doFilterInternal(JwtAuthenticationFilter.java:91)
	at org.springframework.web.filter.OncePerRequestFilter.doFilter(OncePerRequestFilter.java:116)
	at org.springframework.security.web.ObservationFilterChainDecorator$ObservationFilter.wrapFilter(ObservationFilterChainDecorator.java:243)
	at org.springframework.security.web.ObservationFilterChainDecorator$ObservationFilter.doFilter(ObservationFilterChainDecorator.java:230)
	at org.springframework.security.web.ObservationFilterChainDecorator$VirtualFilterChain.doFilter(ObservationFilterChainDecorator.java:140)
	at org.springframework.security.web.header.HeaderWriterFilter.doHeadersAfter(HeaderWriterFilter.java:90)
	at org.springframework.security.web.header.HeaderWriterFilter.doFilterInternal(HeaderWriterFilter.java:75)
	at org.springframework.web.filter.OncePerRequestFilter.doFilter(OncePerRequestFilter.java:116)
	at org.springframework.security.web.ObservationFilterChainDecorator$ObservationFilter.wrapFilter(ObservationFilterChainDecorator.java:243)
	at org.springframework.security.web.ObservationFilterChainDecorator$ObservationFilter.doFilter(ObservationFilterChainDecorator.java:230)
	at org.springframework.security.web.ObservationFilterChainDecorator$VirtualFilterChain.doFilter(ObservationFilterChainDecorator.java:140)
	at org.springframework.security.web.context.SecurityContextHolderFilter.doFilter(SecurityContextHolderFilter.java:82)
	at org.springframework.security.web.context.SecurityContextHolderFilter.doFilter(SecurityContextHolderFilter.java:69)
	at org.springframework.security.web.ObservationFilterChainDecorator$ObservationFilter.wrapFilter(ObservationFilterChainDecorator.java:243)
	at org.springframework.security.web.ObservationFilterChainDecorator$ObservationFilter.doFilter(ObservationFilterChainDecorator.java:230)
	at org.springframework.security.web.ObservationFilterChainDecorator$VirtualFilterChain.doFilter(ObservationFilterChainDecorator.java:140)
	at org.springframework.security.web.context.request.async.WebAsyncManagerIntegrationFilter.doFilterInternal(WebAsyncManagerIntegrationFilter.java:62)
	at org.springframework.web.filter.OncePerRequestFilter.doFilter(OncePerRequestFilter.java:116)
	at org.springframework.security.web.ObservationFilterChainDecorator$ObservationFilter.wrapFilter(ObservationFilterChainDecorator.java:243)
	at org.springframework.security.web.ObservationFilterChainDecorator$ObservationFilter.doFilter(ObservationFilterChainDecorator.java:230)
	at org.springframework.security.web.ObservationFilterChainDecorator$VirtualFilterChain.doFilter(ObservationFilterChainDecorator.java:140)
	at org.springframework.security.web.session.DisableEncodeUrlFilter.doFilterInternal(DisableEncodeUrlFilter.java:42)
	at org.springframework.web.filter.OncePerRequestFilter.doFilter(OncePerRequestFilter.java:116)
	at org.springframework.security.web.ObservationFilterChainDecorator$ObservationFilter.wrapFilter(ObservationFilterChainDecorator.java:243)
	at org.springframework.security.web.ObservationFilterChainDecorator$AroundFilterObservation$SimpleAroundFilterObservation.lambda$wrap$0(ObservationFilterChainDecorator.java:336)
	at org.springframework.security.web.ObservationFilterChainDecorator$ObservationFilter.doFilter(ObservationFilterChainDecorator.java:227)
	at org.springframework.security.web.ObservationFilterChainDecorator$VirtualFilterChain.doFilter(ObservationFilterChainDecorator.java:140)
	at org.springframework.security.web.FilterChainProxy.doFilterInternal(FilterChainProxy.java:237)
	at org.springframework.security.web.FilterChainProxy.doFilter(FilterChainProxy.java:195)
	at org.springframework.web.filter.CompositeFilter$VirtualFilterChain.doFilter(CompositeFilter.java:113)
	at org.springframework.web.filter.ServletRequestPathFilter.doFilter(ServletRequestPathFilter.java:52)
	at org.springframework.web.filter.CompositeFilter$VirtualFilterChain.doFilter(CompositeFilter.java:113)
	at org.springframework.web.filter.CompositeFilter.doFilter(CompositeFilter.java:74)
	at org.springframework.security.config.annotation.web.configuration.WebSecurityConfiguration$CompositeFilterChainProxy.doFilter(WebSecurityConfiguration.java:317)
	at org.springframework.web.filter.DelegatingFilterProxy.invokeDelegate(DelegatingFilterProxy.java:355)
	at org.springframework.web.filter.DelegatingFilterProxy.doFilter(DelegatingFilterProxy.java:272)
	at org.apache.catalina.core.ApplicationFilterChain.doFilter(ApplicationFilterChain.java:107)
	at org.springframework.web.filter.RequestContextFilter.doFilterInternal(RequestContextFilter.java:100)
	at org.springframework.web.filter.OncePerRequestFilter.doFilter(OncePerRequestFilter.java:116)
	at org.apache.catalina.core.ApplicationFilterChain.doFilter(ApplicationFilterChain.java:107)
	at org.springframework.web.filter.FormContentFilter.doFilterInternal(FormContentFilter.java:93)
	at org.springframework.web.filter.OncePerRequestFilter.doFilter(OncePerRequestFilter.java:116)
	at org.apache.catalina.core.ApplicationFilterChain.doFilter(ApplicationFilterChain.java:107)
	at org.springframework.web.filter.ServerHttpObservationFilter.doFilterInternal(ServerHttpObservationFilter.java:110)
	at org.springframework.web.filter.OncePerRequestFilter.doFilter(OncePerRequestFilter.java:116)
	at org.apache.catalina.core.ApplicationFilterChain.doFilter(ApplicationFilterChain.java:107)
	at org.springframework.web.filter.CharacterEncodingFilter.doFilterInternal(CharacterEncodingFilter.java:199)
	at org.springframework.web.filter.OncePerRequestFilter.doFilter(OncePerRequestFilter.java:116)
	at org.apache.catalina.core.ApplicationFilterChain.doFilter(ApplicationFilterChain.java:107)
	at org.apache.catalina.core.StandardWrapperValve.invoke(StandardWrapperValve.java:165)
	at org.apache.catalina.core.StandardContextValve.invoke(StandardContextValve.java:77)
	at org.apache.catalina.authenticator.AuthenticatorBase.invoke(AuthenticatorBase.java:492)
	at org.apache.catalina.core.StandardHostValve.invoke(StandardHostValve.java:113)
	at org.apache.catalina.valves.ErrorReportValve.invoke(ErrorReportValve.java:83)
	at org.apache.catalina.core.StandardEngineValve.invoke(StandardEngineValve.java:72)
	at org.apache.catalina.connector.CoyoteAdapter.service(CoyoteAdapter.java:341)
	at org.apache.coyote.http11.Http11Processor.service(Http11Processor.java:397)
	at org.apache.coyote.AbstractProcessorLight.process(AbstractProcessorLight.java:63)
	at org.apache.coyote.AbstractProtocol$ConnectionHandler.process(AbstractProtocol.java:1272)
	at org.apache.tomcat.util.net.NioEndpoint$SocketProcessor.doRun(NioEndpoint.java:1801)
	at org.apache.tomcat.util.net.SocketProcessorBase.run(SocketProcessorBase.java:52)
	at org.apache.tomcat.util.threads.ThreadPoolExecutor.runWorker(ThreadPoolExecutor.java:946)
	at org.apache.tomcat.util.threads.ThreadPoolExecutor$Worker.run(ThreadPoolExecutor.java:480)
	at org.apache.tomcat.util.threads.TaskThread$WrappingRunnable.run(TaskThread.java:57)
	at java.base/java.lang.Thread.run(Thread.java:1474)
2026-08-17 08:01:23.925 DEBUG [11b0695d-5040-47f9-9409-afb67911572f] [http-nio-8080-exec-6] o.s.orm.jpa.JpaTransactionManager - Initiating transaction rollback
2026-08-17 08:01:23.925 DEBUG [11b0695d-5040-47f9-9409-afb67911572f] [http-nio-8080-exec-6] o.s.orm.jpa.JpaTransactionManager - Rolling back JPA transaction on EntityManager [SessionImpl(5152085<open>)]
2026-08-17 08:01:23.926 DEBUG [11b0695d-5040-47f9-9409-afb67911572f] [http-nio-8080-exec-6] o.s.orm.jpa.JpaTransactionManager - Closing JPA EntityManager after transaction
2026-08-17 08:01:23.929 WARN  [11b0695d-5040-47f9-9409-afb67911572f] [http-nio-8080-exec-6] c.a.t.s.e.GlobalExceptionHandler - CONFLICT | Method: POST | URI: /api/v1/enrollments | Message: Student is already enrolled in this course for SEMESTER_1 2026-2027
2026-08-17 08:01:23.964 INFO  [11b0695d-5040-47f9-9409-afb67911572f] [http-nio-8080-exec-6] c.a.t.s.l.RequestLoggingInterceptor - API RESPONSE | Method: POST | URI: /api/v1/enrollments | Status: 409 | Duration: 163ms
2026-08-17 08:01:35.824 INFO  [NO-REQUEST] [SpringApplicationShutdownHook] o.s.boot.tomcat.GracefulShutdown - Commencing graceful shutdown. Waiting for active requests to complete
2026-08-17 08:01:35.835 INFO  [NO-REQUEST] [tomcat-shutdown] o.s.boot.tomcat.GracefulShutdown - Graceful shutdown complete
2026-08-17 08:01:37.872 INFO  [NO-REQUEST] [SpringApplicationShutdownHook] o.s.o.j.LocalContainerEntityManagerFactoryBean - Closing JPA EntityManagerFactory for persistence unit 'default'
2026-08-17 08:01:37.873 INFO  [NO-REQUEST] [SpringApplicationShutdownHook] com.zaxxer.hikari.HikariDataSource - HikariPool-1 - Shutdown initiated...
2026-08-17 08:01:37.875 INFO  [NO-REQUEST] [SpringApplicationShutdownHook] com.zaxxer.hikari.HikariDataSource - HikariPool-1 - Shutdown completed.
2026-08-17 08:01:40.150 INFO  [NO-REQUEST] [main] c.a.t.s.StudentManagementApiApplication - Starting StudentManagementApiApplication using Java 25.0.4 with PID 29032 (D:\student-management-api\build\classes\java\main started by USER in D:\student-management-api)
2026-08-17 08:01:40.152 INFO  [NO-REQUEST] [main] c.a.t.s.StudentManagementApiApplication - No active profile set, falling back to 1 default profile: "default"
2026-08-17 08:01:41.006 INFO  [NO-REQUEST] [main] o.s.d.r.c.RepositoryConfigurationDelegate - Multiple Spring Data modules found, entering strict repository configuration mode
2026-08-17 08:01:41.007 INFO  [NO-REQUEST] [main] o.s.d.r.c.RepositoryConfigurationDelegate - Bootstrapping Spring Data JPA repositories in DEFAULT mode.
2026-08-17 08:01:41.134 INFO  [NO-REQUEST] [main] o.s.d.r.c.RepositoryConfigurationDelegate - Finished Spring Data repository scanning in 118 ms. Found 7 JPA repository interfaces.
2026-08-17 08:01:41.147 INFO  [NO-REQUEST] [main] o.s.d.r.c.RepositoryConfigurationDelegate - Multiple Spring Data modules found, entering strict repository configuration mode
2026-08-17 08:01:41.147 INFO  [NO-REQUEST] [main] o.s.d.r.c.RepositoryConfigurationDelegate - Bootstrapping Spring Data Redis repositories in DEFAULT mode.
2026-08-17 08:01:41.162 INFO  [NO-REQUEST] [main] o.s.d.r.c.RepositoryConfigurationExtensionSupport - Spring Data Redis - Could not safely identify store assignment for repository candidate interface com.acleda.training.studentmanagement.features.auth.AppUserRepository; If you want this repository to be a Redis repository, consider annotating your entities with one of these annotations: org.springframework.data.redis.core.RedisHash (preferred), or consider extending one of the following types with your repository: org.springframework.data.keyvalue.repository.KeyValueRepository
2026-08-17 08:01:41.163 INFO  [NO-REQUEST] [main] o.s.d.r.c.RepositoryConfigurationExtensionSupport - Spring Data Redis - Could not safely identify store assignment for repository candidate interface com.acleda.training.studentmanagement.features.course.CourseRepository; If you want this repository to be a Redis repository, consider annotating your entities with one of these annotations: org.springframework.data.redis.core.RedisHash (preferred), or consider extending one of the following types with your repository: org.springframework.data.keyvalue.repository.KeyValueRepository
2026-08-17 08:01:41.164 INFO  [NO-REQUEST] [main] o.s.d.r.c.RepositoryConfigurationExtensionSupport - Spring Data Redis - Could not safely identify store assignment for repository candidate interface com.acleda.training.studentmanagement.features.course.offering.CourseOfferingRepository; If you want this repository to be a Redis repository, consider annotating your entities with one of these annotations: org.springframework.data.redis.core.RedisHash (preferred), or consider extending one of the following types with your repository: org.springframework.data.keyvalue.repository.KeyValueRepository
2026-08-17 08:01:41.164 INFO  [NO-REQUEST] [main] o.s.d.r.c.RepositoryConfigurationExtensionSupport - Spring Data Redis - Could not safely identify store assignment for repository candidate interface com.acleda.training.studentmanagement.features.department.DepartmentRepository; If you want this repository to be a Redis repository, consider annotating your entities with one of these annotations: org.springframework.data.redis.core.RedisHash (preferred), or consider extending one of the following types with your repository: org.springframework.data.keyvalue.repository.KeyValueRepository
2026-08-17 08:01:41.164 INFO  [NO-REQUEST] [main] o.s.d.r.c.RepositoryConfigurationExtensionSupport - Spring Data Redis - Could not safely identify store assignment for repository candidate interface com.acleda.training.studentmanagement.features.enrollment.EnrollmentRepository; If you want this repository to be a Redis repository, consider annotating your entities with one of these annotations: org.springframework.data.redis.core.RedisHash (preferred), or consider extending one of the following types with your repository: org.springframework.data.keyvalue.repository.KeyValueRepository
2026-08-17 08:01:41.164 INFO  [NO-REQUEST] [main] o.s.d.r.c.RepositoryConfigurationExtensionSupport - Spring Data Redis - Could not safely identify store assignment for repository candidate interface com.acleda.training.studentmanagement.features.instructor.InstructorRepository; If you want this repository to be a Redis repository, consider annotating your entities with one of these annotations: org.springframework.data.redis.core.RedisHash (preferred), or consider extending one of the following types with your repository: org.springframework.data.keyvalue.repository.KeyValueRepository
2026-08-17 08:01:41.164 INFO  [NO-REQUEST] [main] o.s.d.r.c.RepositoryConfigurationExtensionSupport - Spring Data Redis - Could not safely identify store assignment for repository candidate interface com.acleda.training.studentmanagement.features.student.StudentRepository; If you want this repository to be a Redis repository, consider annotating your entities with one of these annotations: org.springframework.data.redis.core.RedisHash (preferred), or consider extending one of the following types with your repository: org.springframework.data.keyvalue.repository.KeyValueRepository
2026-08-17 08:01:41.164 INFO  [NO-REQUEST] [main] o.s.d.r.c.RepositoryConfigurationDelegate - Finished Spring Data repository scanning in 10 ms. Found 0 Redis repository interfaces.
2026-08-17 08:01:41.643 INFO  [NO-REQUEST] [main] o.s.boot.tomcat.TomcatWebServer - Tomcat initialized with port 8080 (http)
2026-08-17 08:01:41.653 INFO  [NO-REQUEST] [main] o.a.catalina.core.StandardService - Starting service [Tomcat]
2026-08-17 08:01:41.654 INFO  [NO-REQUEST] [main] o.a.catalina.core.StandardEngine - Starting Servlet engine: [Apache Tomcat/11.0.22]
2026-08-17 08:01:41.723 INFO  [NO-REQUEST] [main] o.s.b.w.c.s.WebApplicationContextInitializer - Root WebApplicationContext: initialization completed in 1540 ms
2026-08-17 08:01:41.949 INFO  [NO-REQUEST] [main] org.hibernate.orm.jpa - HHH008540: Processing PersistenceUnitInfo [name: default]
2026-08-17 08:01:41.986 INFO  [NO-REQUEST] [main] org.hibernate.orm.core - HHH000001: Hibernate ORM core version 7.4.1.Final
2026-08-17 08:01:42.301 INFO  [NO-REQUEST] [main] o.s.o.j.p.SpringPersistenceUnitInfo - No LoadTimeWeaver setup: ignoring JPA class transformer
2026-08-17 08:01:42.324 INFO  [NO-REQUEST] [main] com.zaxxer.hikari.HikariDataSource - HikariPool-1 - Starting...
2026-08-17 08:01:42.462 INFO  [NO-REQUEST] [main] com.zaxxer.hikari.pool.HikariPool - HikariPool-1 - Added connection org.postgresql.jdbc.PgConnection@3e24bab6
2026-08-17 08:01:42.463 INFO  [NO-REQUEST] [main] com.zaxxer.hikari.HikariDataSource - HikariPool-1 - Start completed.
2026-08-17 08:01:42.515 INFO  [NO-REQUEST] [main] o.hibernate.orm.connections.pooling - HHH10001005: Database info:
	Database JDBC URL [jdbc:postgresql://localhost:5432/student_management_db]
	Database driver: PostgreSQL JDBC Driver
	Database dialect: PostgreSQLDialect
	Database version: 18.4
	Default catalog/schema: student_management_db/public
	Autocommit mode: undefined/unknown
	Isolation level: READ_COMMITTED [default READ_COMMITTED]
	JDBC fetch size: none
	Pool: DataSourceConnectionProvider
	Minimum pool size: undefined/unknown
	Maximum pool size: undefined/unknown
2026-08-17 08:01:43.295 INFO  [NO-REQUEST] [main] org.hibernate.orm.core - HHH000489: No JTA platform available (set 'hibernate.transaction.jta.platform' to enable JTA platform integration)
2026-08-17 08:01:43.379 INFO  [NO-REQUEST] [main] o.s.o.j.LocalContainerEntityManagerFactoryBean - Initialized JPA EntityManagerFactory for persistence unit 'default'
2026-08-17 08:01:43.421 INFO  [NO-REQUEST] [main] o.s.d.j.r.q.QueryEnhancerFactories - Hibernate is in classpath; If applicable, HQL parser will be used.
2026-08-17 08:01:43.534 TRACE [NO-REQUEST] [main] o.s.t.a.AnnotationTransactionAttributeSource - Adding transactional method 'com.acleda.training.studentmanagement.features.auth.CustomUserDetailsService.loadUserByUsername' with attribute: PROPAGATION_REQUIRED,ISOLATION_DEFAULT,readOnly
2026-08-17 08:01:43.873 INFO  [NO-REQUEST] [main] o.s.s.c.a.a.c.InitializeAuthenticationProviderBeanManagerConfigurer$InitializeAuthenticationProviderManagerConfigurer - Global AuthenticationManager configured with AuthenticationProvider bean with name authenticationProvider
2026-08-17 08:01:43.873 WARN  [NO-REQUEST] [main] o.s.s.c.a.a.c.InitializeUserDetailsBeanManagerConfigurer$InitializeUserDetailsManagerConfigurer - Global AuthenticationManager configured with an AuthenticationProvider bean. UserDetailsService beans will not be used by Spring Security for automatically configuring username/password login. Consider removing the AuthenticationProvider bean. Alternatively, consider using the UserDetailsService in a manually instantiated DaoAuthenticationProvider. If the current configuration is intentional, to turn off this warning, increase the logging level of 'org.springframework.security.config.annotation.authentication.configuration.InitializeUserDetailsBeanManagerConfigurer' to ERROR
2026-08-17 08:01:43.877 TRACE [NO-REQUEST] [main] o.s.t.a.AnnotationTransactionAttributeSource - Adding transactional method 'com.acleda.training.studentmanagement.features.auth.AuthService.register' with attribute: PROPAGATION_REQUIRED,ISOLATION_DEFAULT
2026-08-17 08:01:43.878 TRACE [NO-REQUEST] [main] o.s.t.a.AnnotationTransactionAttributeSource - Adding transactional method 'com.acleda.training.studentmanagement.features.auth.AuthService.login' with attribute: PROPAGATION_REQUIRED,ISOLATION_DEFAULT,readOnly
2026-08-17 08:01:43.878 TRACE [NO-REQUEST] [main] o.s.t.a.AnnotationTransactionAttributeSource - Adding transactional method 'com.acleda.training.studentmanagement.features.auth.AuthService.refreshToken' with attribute: PROPAGATION_REQUIRED,ISOLATION_DEFAULT,readOnly
2026-08-17 08:01:44.678 TRACE [NO-REQUEST] [main] o.s.t.a.AnnotationTransactionAttributeSource - Adding transactional method 'com.acleda.training.studentmanagement.features.course.CourseServiceImpl.getCourses' with attribute: PROPAGATION_REQUIRED,ISOLATION_DEFAULT,readOnly
2026-08-17 08:01:44.678 TRACE [NO-REQUEST] [main] o.s.t.a.AnnotationTransactionAttributeSource - Adding transactional method 'com.acleda.training.studentmanagement.features.course.CourseServiceImpl.deleteCourse' with attribute: PROPAGATION_REQUIRED,ISOLATION_DEFAULT
2026-08-17 08:01:44.679 TRACE [NO-REQUEST] [main] o.s.t.a.AnnotationTransactionAttributeSource - Adding transactional method 'com.acleda.training.studentmanagement.features.course.CourseServiceImpl.createCourse' with attribute: PROPAGATION_REQUIRED,ISOLATION_DEFAULT
2026-08-17 08:01:44.679 TRACE [NO-REQUEST] [main] o.s.t.a.AnnotationTransactionAttributeSource - Adding transactional method 'com.acleda.training.studentmanagement.features.course.CourseServiceImpl.getCourseById' with attribute: PROPAGATION_REQUIRED,ISOLATION_DEFAULT,readOnly
2026-08-17 08:01:44.679 TRACE [NO-REQUEST] [main] o.s.t.a.AnnotationTransactionAttributeSource - Adding transactional method 'com.acleda.training.studentmanagement.features.course.CourseServiceImpl.updateCourse' with attribute: PROPAGATION_REQUIRED,ISOLATION_DEFAULT
2026-08-17 08:01:44.865 TRACE [NO-REQUEST] [main] o.s.t.a.AnnotationTransactionAttributeSource - Adding transactional method 'com.acleda.training.studentmanagement.features.course.offering.CourseOfferingServiceImpl.createCourseOffering' with attribute: PROPAGATION_REQUIRED,ISOLATION_DEFAULT
2026-08-17 08:01:44.865 TRACE [NO-REQUEST] [main] o.s.t.a.AnnotationTransactionAttributeSource - Adding transactional method 'com.acleda.training.studentmanagement.features.course.offering.CourseOfferingServiceImpl.getCourseOfferings' with attribute: PROPAGATION_REQUIRED,ISOLATION_DEFAULT,readOnly
2026-08-17 08:01:44.866 TRACE [NO-REQUEST] [main] o.s.t.a.AnnotationTransactionAttributeSource - Adding transactional method 'com.acleda.training.studentmanagement.features.course.offering.CourseOfferingServiceImpl.updateCourseOffering' with attribute: PROPAGATION_REQUIRED,ISOLATION_DEFAULT
2026-08-17 08:01:44.866 TRACE [NO-REQUEST] [main] o.s.t.a.AnnotationTransactionAttributeSource - Adding transactional method 'com.acleda.training.studentmanagement.features.course.offering.CourseOfferingServiceImpl.getCourseOfferingById' with attribute: PROPAGATION_REQUIRED,ISOLATION_DEFAULT,readOnly
2026-08-17 08:01:44.866 TRACE [NO-REQUEST] [main] o.s.t.a.AnnotationTransactionAttributeSource - Adding transactional method 'com.acleda.training.studentmanagement.features.course.offering.CourseOfferingServiceImpl.deleteCourseOffering' with attribute: PROPAGATION_REQUIRED,ISOLATION_DEFAULT
2026-08-17 08:01:44.872 TRACE [NO-REQUEST] [main] o.s.t.a.AnnotationTransactionAttributeSource - Adding transactional method 'com.acleda.training.studentmanagement.features.department.DepartmentServiceImpl.findDepartment' with attribute: PROPAGATION_REQUIRED,ISOLATION_DEFAULT
2026-08-17 08:01:44.873 TRACE [NO-REQUEST] [main] o.s.t.a.AnnotationTransactionAttributeSource - Adding transactional method 'com.acleda.training.studentmanagement.features.department.DepartmentServiceImpl.updateDepartmentStatus' with attribute: PROPAGATION_REQUIRED,ISOLATION_DEFAULT
2026-08-17 08:01:44.873 TRACE [NO-REQUEST] [main] o.s.t.a.AnnotationTransactionAttributeSource - Adding transactional method 'com.acleda.training.studentmanagement.features.department.DepartmentServiceImpl.createDepartment' with attribute: PROPAGATION_REQUIRED,ISOLATION_DEFAULT
2026-08-17 08:01:44.873 TRACE [NO-REQUEST] [main] o.s.t.a.AnnotationTransactionAttributeSource - Adding transactional method 'com.acleda.training.studentmanagement.features.department.DepartmentServiceImpl.getDepartments' with attribute: PROPAGATION_REQUIRED,ISOLATION_DEFAULT,readOnly
2026-08-17 08:01:44.874 TRACE [NO-REQUEST] [main] o.s.t.a.AnnotationTransactionAttributeSource - Adding transactional method 'com.acleda.training.studentmanagement.features.department.DepartmentServiceImpl.updateDepartment' with attribute: PROPAGATION_REQUIRED,ISOLATION_DEFAULT
2026-08-17 08:01:44.874 TRACE [NO-REQUEST] [main] o.s.t.a.AnnotationTransactionAttributeSource - Adding transactional method 'com.acleda.training.studentmanagement.features.department.DepartmentServiceImpl.deleteDepartment' with attribute: PROPAGATION_REQUIRED,ISOLATION_DEFAULT
2026-08-17 08:01:44.874 TRACE [NO-REQUEST] [main] o.s.t.a.AnnotationTransactionAttributeSource - Adding transactional method 'com.acleda.training.studentmanagement.features.department.DepartmentServiceImpl.getDepartmentById' with attribute: PROPAGATION_REQUIRED,ISOLATION_DEFAULT,readOnly
2026-08-17 08:01:44.954 TRACE [NO-REQUEST] [main] o.s.t.a.AnnotationTransactionAttributeSource - Adding transactional method 'com.acleda.training.studentmanagement.features.enrollment.EnrollmentServiceImpl.updateEnrollmentResult' with attribute: PROPAGATION_REQUIRED,ISOLATION_DEFAULT
2026-08-17 08:01:44.955 TRACE [NO-REQUEST] [main] o.s.t.a.AnnotationTransactionAttributeSource - Adding transactional method 'com.acleda.training.studentmanagement.features.enrollment.EnrollmentServiceImpl.deleteEnrollment' with attribute: PROPAGATION_REQUIRED,ISOLATION_DEFAULT
2026-08-17 08:01:44.955 TRACE [NO-REQUEST] [main] o.s.t.a.AnnotationTransactionAttributeSource - Adding transactional method 'com.acleda.training.studentmanagement.features.enrollment.EnrollmentServiceImpl.getEnrollments' with attribute: PROPAGATION_REQUIRED,ISOLATION_DEFAULT,readOnly
2026-08-17 08:01:44.956 TRACE [NO-REQUEST] [main] o.s.t.a.AnnotationTransactionAttributeSource - Adding transactional method 'com.acleda.training.studentmanagement.features.enrollment.EnrollmentServiceImpl.getEnrollmentById' with attribute: PROPAGATION_REQUIRED,ISOLATION_DEFAULT,readOnly
2026-08-17 08:01:44.956 TRACE [NO-REQUEST] [main] o.s.t.a.AnnotationTransactionAttributeSource - Adding transactional method 'com.acleda.training.studentmanagement.features.enrollment.EnrollmentServiceImpl.updateEnrollment' with attribute: PROPAGATION_REQUIRED,ISOLATION_DEFAULT
2026-08-17 08:01:44.956 TRACE [NO-REQUEST] [main] o.s.t.a.AnnotationTransactionAttributeSource - Adding transactional method 'com.acleda.training.studentmanagement.features.enrollment.EnrollmentServiceImpl.createEnrollment' with attribute: PROPAGATION_REQUIRED,ISOLATION_DEFAULT
2026-08-17 08:01:45.172 TRACE [NO-REQUEST] [main] o.s.t.a.AnnotationTransactionAttributeSource - Adding transactional method 'com.acleda.training.studentmanagement.features.instructor.InstructorServiceImpl.getInstructorById' with attribute: PROPAGATION_REQUIRED,ISOLATION_DEFAULT,readOnly
2026-08-17 08:01:45.173 TRACE [NO-REQUEST] [main] o.s.t.a.AnnotationTransactionAttributeSource - Adding transactional method 'com.acleda.training.studentmanagement.features.instructor.InstructorServiceImpl.updateInstructor' with attribute: PROPAGATION_REQUIRED,ISOLATION_DEFAULT
2026-08-17 08:01:45.173 TRACE [NO-REQUEST] [main] o.s.t.a.AnnotationTransactionAttributeSource - Adding transactional method 'com.acleda.training.studentmanagement.features.instructor.InstructorServiceImpl.deleteInstructor' with attribute: PROPAGATION_REQUIRED,ISOLATION_DEFAULT
2026-08-17 08:01:45.173 TRACE [NO-REQUEST] [main] o.s.t.a.AnnotationTransactionAttributeSource - Adding transactional method 'com.acleda.training.studentmanagement.features.instructor.InstructorServiceImpl.getInstructors' with attribute: PROPAGATION_REQUIRED,ISOLATION_DEFAULT,readOnly
2026-08-17 08:01:45.173 TRACE [NO-REQUEST] [main] o.s.t.a.AnnotationTransactionAttributeSource - Adding transactional method 'com.acleda.training.studentmanagement.features.instructor.InstructorServiceImpl.createInstructor' with attribute: PROPAGATION_REQUIRED,ISOLATION_DEFAULT
2026-08-17 08:01:45.178 TRACE [NO-REQUEST] [main] o.s.t.a.AnnotationTransactionAttributeSource - Adding transactional method 'com.acleda.training.studentmanagement.features.student.StudentServiceImpl.getStudents' with attribute: PROPAGATION_REQUIRED,ISOLATION_DEFAULT,readOnly
2026-08-17 08:01:45.179 TRACE [NO-REQUEST] [main] o.s.t.a.AnnotationTransactionAttributeSource - Adding transactional method 'com.acleda.training.studentmanagement.features.student.StudentServiceImpl.updateStudent' with attribute: PROPAGATION_REQUIRED,ISOLATION_DEFAULT
2026-08-17 08:01:45.179 TRACE [NO-REQUEST] [main] o.s.t.a.AnnotationTransactionAttributeSource - Adding transactional method 'com.acleda.training.studentmanagement.features.student.StudentServiceImpl.createStudent' with attribute: PROPAGATION_REQUIRED,ISOLATION_DEFAULT
2026-08-17 08:01:45.179 TRACE [NO-REQUEST] [main] o.s.t.a.AnnotationTransactionAttributeSource - Adding transactional method 'com.acleda.training.studentmanagement.features.student.StudentServiceImpl.deleteStudent' with attribute: PROPAGATION_REQUIRED,ISOLATION_DEFAULT
2026-08-17 08:01:45.179 TRACE [NO-REQUEST] [main] o.s.t.a.AnnotationTransactionAttributeSource - Adding transactional method 'com.acleda.training.studentmanagement.features.student.StudentServiceImpl.getStudentById' with attribute: PROPAGATION_REQUIRED,ISOLATION_DEFAULT,readOnly
2026-08-17 08:01:45.960 INFO  [NO-REQUEST] [main] o.s.b.a.e.web.EndpointLinksResolver - Exposing 1 endpoint beneath base path '/actuator'
2026-08-17 08:01:46.026 INFO  [NO-REQUEST] [main] o.s.boot.tomcat.TomcatWebServer - Tomcat started on port 8080 (http) with context path '/'
2026-08-17 08:01:46.035 INFO  [NO-REQUEST] [main] c.a.t.s.StudentManagementApiApplication - Started StudentManagementApiApplication in 6.221 seconds (process running for 6.829)
2026-08-17 08:01:46.042 TRACE [NO-REQUEST] [main] o.s.t.i.TransactionInterceptor - No need to create transaction for [org.springframework.data.jpa.repository.support.SimpleJpaRepository.existsByUsernameIgnoreCase]: This method is not transactional.
2026-08-17 08:01:46.120 DEBUG [NO-REQUEST] [main] org.hibernate.SQL - 
    select
        au1_0.id 
    from
        app_users au1_0 
    where
        upper(au1_0.username)=upper(?) 
    fetch
        first ? rows only
2026-08-17 08:01:46.121 TRACE [NO-REQUEST] [main] org.hibernate.orm.jdbc.bind - binding parameter (1:VARCHAR) <- [admin]
2026-08-17 08:01:46.121 TRACE [NO-REQUEST] [main] org.hibernate.orm.jdbc.bind - binding parameter (2:INTEGER) <- [1]
2026-08-17 08:01:46.409 INFO  [NO-REQUEST] [RMI TCP Connection(5)-192.168.33.1] o.a.c.c.C.[Tomcat].[localhost].[/] - Initializing Spring DispatcherServlet 'dispatcherServlet'
2026-08-17 08:01:46.409 INFO  [NO-REQUEST] [RMI TCP Connection(5)-192.168.33.1] o.s.web.servlet.DispatcherServlet - Initializing Servlet 'dispatcherServlet'
2026-08-17 08:01:46.412 INFO  [NO-REQUEST] [RMI TCP Connection(5)-192.168.33.1] o.s.web.servlet.DispatcherServlet - Completed initialization in 3 ms
2026-08-17 08:01:53.008 DEBUG [NO-REQUEST] [http-nio-8080-exec-2] o.s.orm.jpa.JpaTransactionManager - Creating new transaction with name [com.acleda.training.studentmanagement.features.auth.CustomUserDetailsService.loadUserByUsername]: PROPAGATION_REQUIRED,ISOLATION_DEFAULT,readOnly
2026-08-17 08:01:53.008 DEBUG [NO-REQUEST] [http-nio-8080-exec-2] o.s.orm.jpa.JpaTransactionManager - Opened new EntityManager [SessionImpl(1118376880<open>)] for JPA transaction
2026-08-17 08:01:53.011 DEBUG [NO-REQUEST] [http-nio-8080-exec-2] o.s.orm.jpa.JpaTransactionManager - Exposing JPA transaction as JDBC [org.springframework.orm.jpa.vendor.HibernateJpaDialect$HibernateConnectionHandle@61e6d0cd]
2026-08-17 08:01:53.012 TRACE [NO-REQUEST] [http-nio-8080-exec-2] o.s.t.i.TransactionInterceptor - Getting transaction for [com.acleda.training.studentmanagement.features.auth.CustomUserDetailsService.loadUserByUsername]
2026-08-17 08:01:53.012 TRACE [NO-REQUEST] [http-nio-8080-exec-2] o.s.t.i.TransactionInterceptor - No need to create transaction for [org.springframework.data.jpa.repository.support.SimpleJpaRepository.findByUsernameIgnoreCase]: This method is not transactional.
2026-08-17 08:01:53.019 DEBUG [NO-REQUEST] [http-nio-8080-exec-2] org.hibernate.SQL - 
    select
        au1_0.id,
        au1_0.created_at,
        au1_0.enabled,
        au1_0.password,
        au1_0.role,
        au1_0.updated_at,
        au1_0.username 
    from
        app_users au1_0 
    where
        upper(au1_0.username)=upper(?)
2026-08-17 08:01:53.019 TRACE [NO-REQUEST] [http-nio-8080-exec-2] org.hibernate.orm.jdbc.bind - binding parameter (1:VARCHAR) <- [admin]
2026-08-17 08:01:53.033 TRACE [NO-REQUEST] [http-nio-8080-exec-2] o.s.t.i.TransactionInterceptor - Completing transaction for [com.acleda.training.studentmanagement.features.auth.CustomUserDetailsService.loadUserByUsername]
2026-08-17 08:01:53.033 DEBUG [NO-REQUEST] [http-nio-8080-exec-2] o.s.orm.jpa.JpaTransactionManager - Initiating transaction commit
2026-08-17 08:01:53.033 DEBUG [NO-REQUEST] [http-nio-8080-exec-2] o.s.orm.jpa.JpaTransactionManager - Committing JPA transaction on EntityManager [SessionImpl(1118376880<open>)]
2026-08-17 08:01:53.035 DEBUG [NO-REQUEST] [http-nio-8080-exec-2] o.s.orm.jpa.JpaTransactionManager - Closing JPA EntityManager after transaction
2026-08-17 08:01:53.047 INFO  [a0d800f2-85ac-4eec-b3da-0a2b1f3df830] [http-nio-8080-exec-2] c.a.t.s.l.RequestLoggingInterceptor - API REQUEST | Method: POST | URI: /api/v1/enrollments | Query: null
2026-08-17 08:01:53.131 DEBUG [a0d800f2-85ac-4eec-b3da-0a2b1f3df830] [http-nio-8080-exec-2] o.s.orm.jpa.JpaTransactionManager - Creating new transaction with name [com.acleda.training.studentmanagement.features.enrollment.EnrollmentServiceImpl.createEnrollment]: PROPAGATION_REQUIRED,ISOLATION_DEFAULT
2026-08-17 08:01:53.131 DEBUG [a0d800f2-85ac-4eec-b3da-0a2b1f3df830] [http-nio-8080-exec-2] o.s.orm.jpa.JpaTransactionManager - Opened new EntityManager [SessionImpl(320704413<open>)] for JPA transaction
2026-08-17 08:01:53.131 DEBUG [a0d800f2-85ac-4eec-b3da-0a2b1f3df830] [http-nio-8080-exec-2] o.s.orm.jpa.JpaTransactionManager - Exposing JPA transaction as JDBC [org.springframework.orm.jpa.vendor.HibernateJpaDialect$HibernateConnectionHandle@52453151]
2026-08-17 08:01:53.131 TRACE [a0d800f2-85ac-4eec-b3da-0a2b1f3df830] [http-nio-8080-exec-2] o.s.t.i.TransactionInterceptor - Getting transaction for [com.acleda.training.studentmanagement.features.enrollment.EnrollmentServiceImpl.createEnrollment]
2026-08-17 08:01:53.131 TRACE [a0d800f2-85ac-4eec-b3da-0a2b1f3df830] [http-nio-8080-exec-2] o.s.t.i.TransactionInterceptor - No need to create transaction for [org.springframework.data.jpa.repository.support.SimpleJpaRepository.findByIdAndDeletedFalse]: This method is not transactional.
2026-08-17 08:01:53.137 DEBUG [a0d800f2-85ac-4eec-b3da-0a2b1f3df830] [http-nio-8080-exec-2] org.hibernate.SQL - 
    select
        s1_0.id,
        s1_0.address,
        s1_0.created_at,
        s1_0.date_of_birth,
        s1_0.deleted,
        s1_0.email,
        s1_0.enrolled_at,
        s1_0.first_name,
        s1_0.gender,
        s1_0.last_name,
        s1_0.phone_number,
        s1_0.status,
        s1_0.student_code,
        s1_0.updated_at 
    from
        students s1_0 
    where
        s1_0.id=? 
        and s1_0.deleted=false
2026-08-17 08:01:53.138 TRACE [a0d800f2-85ac-4eec-b3da-0a2b1f3df830] [http-nio-8080-exec-2] org.hibernate.orm.jdbc.bind - binding parameter (1:UUID) <- [b7874d8b-2513-47ad-994d-12f81c7af427]
2026-08-17 08:01:53.144 TRACE [a0d800f2-85ac-4eec-b3da-0a2b1f3df830] [http-nio-8080-exec-2] o.s.t.i.TransactionInterceptor - No need to create transaction for [org.springframework.data.jpa.repository.support.SimpleJpaRepository.findByIdAndDeletedFalse]: This method is not transactional.
2026-08-17 08:01:53.152 DEBUG [a0d800f2-85ac-4eec-b3da-0a2b1f3df830] [http-nio-8080-exec-2] org.hibernate.SQL - 
    select
        c1_0.id,
        c1_0.code,
        c1_0.created_at,
        c1_0.credit,
        c1_0.deleted,
        c1_0.department_id,
        c1_0.description,
        c1_0.name,
        c1_0.updated_at 
    from
        courses c1_0 
    where
        c1_0.id=? 
        and c1_0.deleted=false
2026-08-17 08:01:53.153 TRACE [a0d800f2-85ac-4eec-b3da-0a2b1f3df830] [http-nio-8080-exec-2] org.hibernate.orm.jdbc.bind - binding parameter (1:UUID) <- [6b39c013-b472-4a3b-8083-32d35da2babf]
2026-08-17 08:01:53.161 TRACE [a0d800f2-85ac-4eec-b3da-0a2b1f3df830] [http-nio-8080-exec-2] o.s.t.i.TransactionInterceptor - No need to create transaction for [org.springframework.data.jpa.repository.support.SimpleJpaRepository.existsByStudent_IdAndCourse_IdAndSemesterAndAcademicYearAndDeletedFalse]: This method is not transactional.
2026-08-17 08:01:53.165 DEBUG [a0d800f2-85ac-4eec-b3da-0a2b1f3df830] [http-nio-8080-exec-2] org.hibernate.SQL - 
    select
        e1_0.id 
    from
        enrollments e1_0 
    where
        e1_0.student_id=? 
        and e1_0.course_id=? 
        and e1_0.semester=? 
        and e1_0.academic_year=? 
        and e1_0.deleted=false 
    fetch
        first ? rows only
2026-08-17 08:01:53.165 TRACE [a0d800f2-85ac-4eec-b3da-0a2b1f3df830] [http-nio-8080-exec-2] org.hibernate.orm.jdbc.bind - binding parameter (1:UUID) <- [b7874d8b-2513-47ad-994d-12f81c7af427]
2026-08-17 08:01:53.165 TRACE [a0d800f2-85ac-4eec-b3da-0a2b1f3df830] [http-nio-8080-exec-2] org.hibernate.orm.jdbc.bind - binding parameter (2:UUID) <- [6b39c013-b472-4a3b-8083-32d35da2babf]
2026-08-17 08:01:53.165 TRACE [a0d800f2-85ac-4eec-b3da-0a2b1f3df830] [http-nio-8080-exec-2] org.hibernate.orm.jdbc.bind - binding parameter (3:VARCHAR) <- [SEMESTER_2]
2026-08-17 08:01:53.166 TRACE [a0d800f2-85ac-4eec-b3da-0a2b1f3df830] [http-nio-8080-exec-2] org.hibernate.orm.jdbc.bind - binding parameter (4:VARCHAR) <- [2026-2027]
2026-08-17 08:01:53.166 TRACE [a0d800f2-85ac-4eec-b3da-0a2b1f3df830] [http-nio-8080-exec-2] org.hibernate.orm.jdbc.bind - binding parameter (5:INTEGER) <- [1]
2026-08-17 08:01:53.172 DEBUG [a0d800f2-85ac-4eec-b3da-0a2b1f3df830] [http-nio-8080-exec-2] o.s.orm.jpa.JpaTransactionManager - Found thread-bound EntityManager [SessionImpl(320704413<open>)] for JPA transaction
2026-08-17 08:01:53.172 DEBUG [a0d800f2-85ac-4eec-b3da-0a2b1f3df830] [http-nio-8080-exec-2] o.s.orm.jpa.JpaTransactionManager - Participating in existing transaction
2026-08-17 08:01:53.172 TRACE [a0d800f2-85ac-4eec-b3da-0a2b1f3df830] [http-nio-8080-exec-2] o.s.t.i.TransactionInterceptor - Getting transaction for [org.springframework.data.jpa.repository.support.SimpleJpaRepository.saveAndFlush]
2026-08-17 08:01:53.188 DEBUG [a0d800f2-85ac-4eec-b3da-0a2b1f3df830] [http-nio-8080-exec-2] org.hibernate.SQL - 
    insert 
    into
        enrollments
        (academic_year, course_id, created_at, deleted, enrollment_date, grade, score, semester, status, student_id, updated_at, id) 
    values
        (?, ?, ?, ?, ?, ?, ?, ?, ?, ?, ?, ?)
2026-08-17 08:01:53.189 TRACE [a0d800f2-85ac-4eec-b3da-0a2b1f3df830] [http-nio-8080-exec-2] org.hibernate.orm.jdbc.bind - binding parameter (1:VARCHAR) <- [2026-2027]
2026-08-17 08:01:53.190 TRACE [a0d800f2-85ac-4eec-b3da-0a2b1f3df830] [http-nio-8080-exec-2] org.hibernate.orm.jdbc.bind - binding parameter (2:UUID) <- [6b39c013-b472-4a3b-8083-32d35da2babf]
2026-08-17 08:01:53.190 TRACE [a0d800f2-85ac-4eec-b3da-0a2b1f3df830] [http-nio-8080-exec-2] org.hibernate.orm.jdbc.bind - binding parameter (3:TIMESTAMP_UTC) <- [2026-08-17T01:01:53.182731Z]
2026-08-17 08:01:53.190 TRACE [a0d800f2-85ac-4eec-b3da-0a2b1f3df830] [http-nio-8080-exec-2] org.hibernate.orm.jdbc.bind - binding parameter (4:BOOLEAN) <- [false]
2026-08-17 08:01:53.190 TRACE [a0d800f2-85ac-4eec-b3da-0a2b1f3df830] [http-nio-8080-exec-2] org.hibernate.orm.jdbc.bind - binding parameter (5:DATE) <- [2026-08-10]
2026-08-17 08:01:53.190 TRACE [a0d800f2-85ac-4eec-b3da-0a2b1f3df830] [http-nio-8080-exec-2] org.hibernate.orm.jdbc.bind - binding parameter (6:VARCHAR) <- [null]
2026-08-17 08:01:53.191 TRACE [a0d800f2-85ac-4eec-b3da-0a2b1f3df830] [http-nio-8080-exec-2] org.hibernate.orm.jdbc.bind - binding parameter (7:DOUBLE) <- [null]
2026-08-17 08:01:53.191 TRACE [a0d800f2-85ac-4eec-b3da-0a2b1f3df830] [http-nio-8080-exec-2] org.hibernate.orm.jdbc.bind - binding parameter (8:VARCHAR) <- [SEMESTER_2]
2026-08-17 08:01:53.191 TRACE [a0d800f2-85ac-4eec-b3da-0a2b1f3df830] [http-nio-8080-exec-2] org.hibernate.orm.jdbc.bind - binding parameter (9:VARCHAR) <- [ENROLLED]
2026-08-17 08:01:53.191 TRACE [a0d800f2-85ac-4eec-b3da-0a2b1f3df830] [http-nio-8080-exec-2] org.hibernate.orm.jdbc.bind - binding parameter (10:UUID) <- [b7874d8b-2513-47ad-994d-12f81c7af427]
2026-08-17 08:01:53.191 TRACE [a0d800f2-85ac-4eec-b3da-0a2b1f3df830] [http-nio-8080-exec-2] org.hibernate.orm.jdbc.bind - binding parameter (11:TIMESTAMP_UTC) <- [2026-08-17T01:01:53.182731Z]
2026-08-17 08:01:53.191 TRACE [a0d800f2-85ac-4eec-b3da-0a2b1f3df830] [http-nio-8080-exec-2] org.hibernate.orm.jdbc.bind - binding parameter (12:UUID) <- [4a8be17b-d0ca-4ea0-a1d9-15c099c3da9d]
2026-08-17 08:01:53.194 TRACE [a0d800f2-85ac-4eec-b3da-0a2b1f3df830] [http-nio-8080-exec-2] o.s.t.i.TransactionInterceptor - Completing transaction for [org.springframework.data.jpa.repository.support.SimpleJpaRepository.saveAndFlush]
2026-08-17 08:01:53.194 TRACE [a0d800f2-85ac-4eec-b3da-0a2b1f3df830] [http-nio-8080-exec-2] o.s.t.i.TransactionInterceptor - Completing transaction for [com.acleda.training.studentmanagement.features.enrollment.EnrollmentServiceImpl.createEnrollment] after exception: java.lang.RuntimeException: TEST TRANSACTION ROLLBACK
2026-08-17 08:01:53.195 TRACE [a0d800f2-85ac-4eec-b3da-0a2b1f3df830] [http-nio-8080-exec-2] o.s.t.i.TransactionInterceptor - MethodRollbackEvent: com.acleda.training.studentmanagement.features.enrollment.EnrollmentServiceImpl.createEnrollment [java.lang.RuntimeException: TEST TRANSACTION ROLLBACK]
java.lang.RuntimeException: TEST TRANSACTION ROLLBACK
	at com.acleda.training.studentmanagement.features.enrollment.EnrollmentServiceImpl.createEnrollment(EnrollmentServiceImpl.java:100)
	at java.base/jdk.internal.reflect.DirectMethodHandleAccessor.invoke(DirectMethodHandleAccessor.java:104)
	at java.base/java.lang.reflect.Method.invoke(Method.java:565)
	at org.springframework.aop.support.AopUtils.invokeJoinpointUsingReflection(AopUtils.java:359)
	at org.springframework.aop.framework.ReflectiveMethodInvocation.invokeJoinpoint(ReflectiveMethodInvocation.java:190)
	at org.springframework.aop.framework.ReflectiveMethodInvocation.proceed(ReflectiveMethodInvocation.java:158)
	at org.springframework.transaction.interceptor.TransactionInterceptor$1.proceedWithInvocation(TransactionInterceptor.java:133)
	at org.springframework.transaction.interceptor.TransactionAspectSupport.invokeWithinTransaction(TransactionAspectSupport.java:371)
	at org.springframework.transaction.interceptor.TransactionInterceptor.invoke(TransactionInterceptor.java:130)
	at org.springframework.aop.framework.ReflectiveMethodInvocation.proceed(ReflectiveMethodInvocation.java:179)
	at org.springframework.cache.interceptor.CacheInterceptor.lambda$invoke$0(CacheInterceptor.java:54)
	at org.springframework.cache.interceptor.CacheAspectSupport.invokeOperation(CacheAspectSupport.java:426)
	at org.springframework.cache.interceptor.CacheAspectSupport.evaluate(CacheAspectSupport.java:591)
	at org.springframework.cache.interceptor.CacheAspectSupport.execute(CacheAspectSupport.java:442)
	at org.springframework.cache.interceptor.CacheAspectSupport.execute(CacheAspectSupport.java:406)
	at org.springframework.cache.interceptor.CacheInterceptor.invoke(CacheInterceptor.java:64)
	at org.springframework.aop.framework.ReflectiveMethodInvocation.proceed(ReflectiveMethodInvocation.java:179)
	at org.springframework.aop.framework.CglibAopProxy$DynamicAdvisedInterceptor.intercept(CglibAopProxy.java:719)
	at com.acleda.training.studentmanagement.features.enrollment.EnrollmentServiceImpl$$SpringCGLIB$$0.createEnrollment(<generated>)
	at com.acleda.training.studentmanagement.features.enrollment.EnrollmentController.createEnrollment(EnrollmentController.java:48)
	at java.base/jdk.internal.reflect.DirectMethodHandleAccessor.invoke(DirectMethodHandleAccessor.java:104)
	at java.base/java.lang.reflect.Method.invoke(Method.java:565)
	at org.springframework.web.method.support.InvocableHandlerMethod.doInvoke(InvocableHandlerMethod.java:252)
	at org.springframework.web.method.support.InvocableHandlerMethod.invokeForRequest(InvocableHandlerMethod.java:184)
	at org.springframework.web.servlet.mvc.method.annotation.ServletInvocableHandlerMethod.invokeAndHandle(ServletInvocableHandlerMethod.java:117)
	at org.springframework.web.servlet.mvc.method.annotation.RequestMappingHandlerAdapter.invokeHandlerMethod(RequestMappingHandlerAdapter.java:934)
	at org.springframework.web.servlet.mvc.method.annotation.RequestMappingHandlerAdapter.handleInternal(RequestMappingHandlerAdapter.java:853)
	at org.springframework.web.servlet.mvc.method.AbstractHandlerMethodAdapter.handle(AbstractHandlerMethodAdapter.java:86)
	at org.springframework.web.servlet.DispatcherServlet.doDispatch(DispatcherServlet.java:963)
	at org.springframework.web.servlet.DispatcherServlet.doService(DispatcherServlet.java:866)
	at org.springframework.web.servlet.FrameworkServlet.processRequest(FrameworkServlet.java:1000)
	at org.springframework.web.servlet.FrameworkServlet.doPost(FrameworkServlet.java:903)
	at jakarta.servlet.http.HttpServlet.service(HttpServlet.java:649)
	at org.springframework.web.servlet.FrameworkServlet.service(FrameworkServlet.java:874)
	at jakarta.servlet.http.HttpServlet.service(HttpServlet.java:710)
	at org.apache.catalina.core.ApplicationFilterChain.doFilter(ApplicationFilterChain.java:128)
	at org.apache.tomcat.websocket.server.WsFilter.doFilter(WsFilter.java:53)
	at org.apache.catalina.core.ApplicationFilterChain.doFilter(ApplicationFilterChain.java:107)
	at com.acleda.training.studentmanagement.logging.RequestIdFilter.doFilterInternal(RequestIdFilter.java:40)
	at org.springframework.web.filter.OncePerRequestFilter.doFilter(OncePerRequestFilter.java:116)
	at org.apache.catalina.core.ApplicationFilterChain.doFilter(ApplicationFilterChain.java:107)
	at org.springframework.web.filter.OncePerRequestFilter.doFilter(OncePerRequestFilter.java:110)
	at org.apache.catalina.core.ApplicationFilterChain.doFilter(ApplicationFilterChain.java:107)
	at org.springframework.web.filter.OncePerRequestFilter.doFilter(OncePerRequestFilter.java:101)
	at org.apache.catalina.core.ApplicationFilterChain.doFilter(ApplicationFilterChain.java:107)
	at org.springframework.web.filter.CompositeFilter$VirtualFilterChain.doFilter(CompositeFilter.java:108)
	at org.springframework.security.web.FilterChainProxy.lambda$doFilterInternal$2(FilterChainProxy.java:235)
	at org.springframework.security.web.ObservationFilterChainDecorator$FilterObservation$SimpleFilterObservation.lambda$wrap$1(ObservationFilterChainDecorator.java:491)
	at org.springframework.security.web.ObservationFilterChainDecorator$AroundFilterObservation$SimpleAroundFilterObservation.lambda$wrap$1(ObservationFilterChainDecorator.java:353)
	at org.springframework.security.web.ObservationFilterChainDecorator.lambda$wrapSecured$0(ObservationFilterChainDecorator.java:84)
	at org.springframework.security.web.ObservationFilterChainDecorator$VirtualFilterChain.doFilter(ObservationFilterChainDecorator.java:131)
	at org.springframework.security.web.access.intercept.AuthorizationFilter.doFilter(AuthorizationFilter.java:101)
	at org.springframework.security.web.ObservationFilterChainDecorator$ObservationFilter.wrapFilter(ObservationFilterChainDecorator.java:243)
	at org.springframework.security.web.ObservationFilterChainDecorator$ObservationFilter.doFilter(ObservationFilterChainDecorator.java:230)
	at org.springframework.security.web.ObservationFilterChainDecorator$VirtualFilterChain.doFilter(ObservationFilterChainDecorator.java:140)
	at org.springframework.security.web.access.ExceptionTranslationFilter.doFilter(ExceptionTranslationFilter.java:126)
	at org.springframework.security.web.access.ExceptionTranslationFilter.doFilter(ExceptionTranslationFilter.java:120)
	at org.springframework.security.web.ObservationFilterChainDecorator$ObservationFilter.wrapFilter(ObservationFilterChainDecorator.java:243)
	at org.springframework.security.web.ObservationFilterChainDecorator$ObservationFilter.doFilter(ObservationFilterChainDecorator.java:230)
	at org.springframework.security.web.ObservationFilterChainDecorator$VirtualFilterChain.doFilter(ObservationFilterChainDecorator.java:140)
	at org.springframework.security.web.session.SessionManagementFilter.doFilter(SessionManagementFilter.java:132)
	at org.springframework.security.web.session.SessionManagementFilter.doFilter(SessionManagementFilter.java:86)
	at org.springframework.security.web.ObservationFilterChainDecorator$ObservationFilter.wrapFilter(ObservationFilterChainDecorator.java:243)
	at org.springframework.security.web.ObservationFilterChainDecorator$ObservationFilter.doFilter(ObservationFilterChainDecorator.java:230)
	at org.springframework.security.web.ObservationFilterChainDecorator$VirtualFilterChain.doFilter(ObservationFilterChainDecorator.java:140)
	at org.springframework.security.web.authentication.AnonymousAuthenticationFilter.doFilter(AnonymousAuthenticationFilter.java:100)
	at org.springframework.security.web.ObservationFilterChainDecorator$ObservationFilter.wrapFilter(ObservationFilterChainDecorator.java:243)
	at org.springframework.security.web.ObservationFilterChainDecorator$ObservationFilter.doFilter(ObservationFilterChainDecorator.java:230)
	at org.springframework.security.web.ObservationFilterChainDecorator$VirtualFilterChain.doFilter(ObservationFilterChainDecorator.java:140)
	at org.springframework.security.web.servletapi.SecurityContextHolderAwareRequestFilter.doFilter(SecurityContextHolderAwareRequestFilter.java:181)
	at org.springframework.security.web.ObservationFilterChainDecorator$ObservationFilter.wrapFilter(ObservationFilterChainDecorator.java:243)
	at org.springframework.security.web.ObservationFilterChainDecorator$ObservationFilter.doFilter(ObservationFilterChainDecorator.java:230)
	at org.springframework.security.web.ObservationFilterChainDecorator$VirtualFilterChain.doFilter(ObservationFilterChainDecorator.java:140)
	at org.springframework.security.web.savedrequest.RequestCacheAwareFilter.doFilter(RequestCacheAwareFilter.java:63)
	at org.springframework.security.web.ObservationFilterChainDecorator$ObservationFilter.wrapFilter(ObservationFilterChainDecorator.java:243)
	at org.springframework.security.web.ObservationFilterChainDecorator$ObservationFilter.doFilter(ObservationFilterChainDecorator.java:230)
	at org.springframework.security.web.ObservationFilterChainDecorator$VirtualFilterChain.doFilter(ObservationFilterChainDecorator.java:140)
	at com.acleda.training.studentmanagement.features.auth.JwtAuthenticationFilter.doFilterInternal(JwtAuthenticationFilter.java:91)
	at org.springframework.web.filter.OncePerRequestFilter.doFilter(OncePerRequestFilter.java:116)
	at org.springframework.security.web.ObservationFilterChainDecorator$ObservationFilter.wrapFilter(ObservationFilterChainDecorator.java:243)
	at org.springframework.security.web.ObservationFilterChainDecorator$ObservationFilter.doFilter(ObservationFilterChainDecorator.java:230)
	at org.springframework.security.web.ObservationFilterChainDecorator$VirtualFilterChain.doFilter(ObservationFilterChainDecorator.java:140)
	at org.springframework.security.web.header.HeaderWriterFilter.doHeadersAfter(HeaderWriterFilter.java:90)
	at org.springframework.security.web.header.HeaderWriterFilter.doFilterInternal(HeaderWriterFilter.java:75)
	at org.springframework.web.filter.OncePerRequestFilter.doFilter(OncePerRequestFilter.java:116)
	at org.springframework.security.web.ObservationFilterChainDecorator$ObservationFilter.wrapFilter(ObservationFilterChainDecorator.java:243)
	at org.springframework.security.web.ObservationFilterChainDecorator$ObservationFilter.doFilter(ObservationFilterChainDecorator.java:230)
	at org.springframework.security.web.ObservationFilterChainDecorator$VirtualFilterChain.doFilter(ObservationFilterChainDecorator.java:140)
	at org.springframework.security.web.context.SecurityContextHolderFilter.doFilter(SecurityContextHolderFilter.java:82)
	at org.springframework.security.web.context.SecurityContextHolderFilter.doFilter(SecurityContextHolderFilter.java:69)
	at org.springframework.security.web.ObservationFilterChainDecorator$ObservationFilter.wrapFilter(ObservationFilterChainDecorator.java:243)
	at org.springframework.security.web.ObservationFilterChainDecorator$ObservationFilter.doFilter(ObservationFilterChainDecorator.java:230)
	at org.springframework.security.web.ObservationFilterChainDecorator$VirtualFilterChain.doFilter(ObservationFilterChainDecorator.java:140)
	at org.springframework.security.web.context.request.async.WebAsyncManagerIntegrationFilter.doFilterInternal(WebAsyncManagerIntegrationFilter.java:62)
	at org.springframework.web.filter.OncePerRequestFilter.doFilter(OncePerRequestFilter.java:116)
	at org.springframework.security.web.ObservationFilterChainDecorator$ObservationFilter.wrapFilter(ObservationFilterChainDecorator.java:243)
	at org.springframework.security.web.ObservationFilterChainDecorator$ObservationFilter.doFilter(ObservationFilterChainDecorator.java:230)
	at org.springframework.security.web.ObservationFilterChainDecorator$VirtualFilterChain.doFilter(ObservationFilterChainDecorator.java:140)
	at org.springframework.security.web.session.DisableEncodeUrlFilter.doFilterInternal(DisableEncodeUrlFilter.java:42)
	at org.springframework.web.filter.OncePerRequestFilter.doFilter(OncePerRequestFilter.java:116)
	at org.springframework.security.web.ObservationFilterChainDecorator$ObservationFilter.wrapFilter(ObservationFilterChainDecorator.java:243)
	at org.springframework.security.web.ObservationFilterChainDecorator$AroundFilterObservation$SimpleAroundFilterObservation.lambda$wrap$0(ObservationFilterChainDecorator.java:336)
	at org.springframework.security.web.ObservationFilterChainDecorator$ObservationFilter.doFilter(ObservationFilterChainDecorator.java:227)
	at org.springframework.security.web.ObservationFilterChainDecorator$VirtualFilterChain.doFilter(ObservationFilterChainDecorator.java:140)
	at org.springframework.security.web.FilterChainProxy.doFilterInternal(FilterChainProxy.java:237)
	at org.springframework.security.web.FilterChainProxy.doFilter(FilterChainProxy.java:195)
	at org.springframework.web.filter.CompositeFilter$VirtualFilterChain.doFilter(CompositeFilter.java:113)
	at org.springframework.web.filter.ServletRequestPathFilter.doFilter(ServletRequestPathFilter.java:52)
	at org.springframework.web.filter.CompositeFilter$VirtualFilterChain.doFilter(CompositeFilter.java:113)
	at org.springframework.web.filter.CompositeFilter.doFilter(CompositeFilter.java:74)
	at org.springframework.security.config.annotation.web.configuration.WebSecurityConfiguration$CompositeFilterChainProxy.doFilter(WebSecurityConfiguration.java:317)
	at org.springframework.web.filter.DelegatingFilterProxy.invokeDelegate(DelegatingFilterProxy.java:355)
	at org.springframework.web.filter.DelegatingFilterProxy.doFilter(DelegatingFilterProxy.java:272)
	at org.apache.catalina.core.ApplicationFilterChain.doFilter(ApplicationFilterChain.java:107)
	at org.springframework.web.filter.RequestContextFilter.doFilterInternal(RequestContextFilter.java:100)
	at org.springframework.web.filter.OncePerRequestFilter.doFilter(OncePerRequestFilter.java:116)
	at org.apache.catalina.core.ApplicationFilterChain.doFilter(ApplicationFilterChain.java:107)
	at org.springframework.web.filter.FormContentFilter.doFilterInternal(FormContentFilter.java:93)
	at org.springframework.web.filter.OncePerRequestFilter.doFilter(OncePerRequestFilter.java:116)
	at org.apache.catalina.core.ApplicationFilterChain.doFilter(ApplicationFilterChain.java:107)
	at org.springframework.web.filter.ServerHttpObservationFilter.doFilterInternal(ServerHttpObservationFilter.java:110)
	at org.springframework.web.filter.OncePerRequestFilter.doFilter(OncePerRequestFilter.java:116)
	at org.apache.catalina.core.ApplicationFilterChain.doFilter(ApplicationFilterChain.java:107)
	at org.springframework.web.filter.CharacterEncodingFilter.doFilterInternal(CharacterEncodingFilter.java:199)
	at org.springframework.web.filter.OncePerRequestFilter.doFilter(OncePerRequestFilter.java:116)
	at org.apache.catalina.core.ApplicationFilterChain.doFilter(ApplicationFilterChain.java:107)
	at org.apache.catalina.core.StandardWrapperValve.invoke(StandardWrapperValve.java:165)
	at org.apache.catalina.core.StandardContextValve.invoke(StandardContextValve.java:77)
	at org.apache.catalina.authenticator.AuthenticatorBase.invoke(AuthenticatorBase.java:492)
	at org.apache.catalina.core.StandardHostValve.invoke(StandardHostValve.java:113)
	at org.apache.catalina.valves.ErrorReportValve.invoke(ErrorReportValve.java:83)
	at org.apache.catalina.core.StandardEngineValve.invoke(StandardEngineValve.java:72)
	at org.apache.catalina.connector.CoyoteAdapter.service(CoyoteAdapter.java:341)
	at org.apache.coyote.http11.Http11Processor.service(Http11Processor.java:397)
	at org.apache.coyote.AbstractProcessorLight.process(AbstractProcessorLight.java:63)
	at org.apache.coyote.AbstractProtocol$ConnectionHandler.process(AbstractProtocol.java:1272)
	at org.apache.tomcat.util.net.NioEndpoint$SocketProcessor.doRun(NioEndpoint.java:1801)
	at org.apache.tomcat.util.net.SocketProcessorBase.run(SocketProcessorBase.java:52)
	at org.apache.tomcat.util.threads.ThreadPoolExecutor.runWorker(ThreadPoolExecutor.java:946)
	at org.apache.tomcat.util.threads.ThreadPoolExecutor$Worker.run(ThreadPoolExecutor.java:480)
	at org.apache.tomcat.util.threads.TaskThread$WrappingRunnable.run(TaskThread.java:57)
	at java.base/java.lang.Thread.run(Thread.java:1474)
2026-08-17 08:01:53.198 DEBUG [a0d800f2-85ac-4eec-b3da-0a2b1f3df830] [http-nio-8080-exec-2] o.s.orm.jpa.JpaTransactionManager - Initiating transaction rollback
2026-08-17 08:01:53.198 DEBUG [a0d800f2-85ac-4eec-b3da-0a2b1f3df830] [http-nio-8080-exec-2] o.s.orm.jpa.JpaTransactionManager - Rolling back JPA transaction on EntityManager [SessionImpl(320704413<open>)]
2026-08-17 08:01:53.200 DEBUG [a0d800f2-85ac-4eec-b3da-0a2b1f3df830] [http-nio-8080-exec-2] o.s.orm.jpa.JpaTransactionManager - Closing JPA EntityManager after transaction
2026-08-17 08:01:53.202 ERROR [a0d800f2-85ac-4eec-b3da-0a2b1f3df830] [http-nio-8080-exec-2] c.a.t.s.e.GlobalExceptionHandler - INTERNAL SERVER ERROR | Method: POST | URI: /api/v1/enrollments | Exception: RuntimeException | Message: TEST TRANSACTION ROLLBACK
java.lang.RuntimeException: TEST TRANSACTION ROLLBACK
	at com.acleda.training.studentmanagement.features.enrollment.EnrollmentServiceImpl.createEnrollment(EnrollmentServiceImpl.java:100)
	at java.base/jdk.internal.reflect.DirectMethodHandleAccessor.invoke(DirectMethodHandleAccessor.java:104)
	at java.base/java.lang.reflect.Method.invoke(Method.java:565)
	at org.springframework.aop.support.AopUtils.invokeJoinpointUsingReflection(AopUtils.java:359)
	at org.springframework.aop.framework.ReflectiveMethodInvocation.invokeJoinpoint(ReflectiveMethodInvocation.java:190)
	at org.springframework.aop.framework.ReflectiveMethodInvocation.proceed(ReflectiveMethodInvocation.java:158)
	at org.springframework.transaction.interceptor.TransactionInterceptor$1.proceedWithInvocation(TransactionInterceptor.java:133)
	at org.springframework.transaction.interceptor.TransactionAspectSupport.invokeWithinTransaction(TransactionAspectSupport.java:371)
	at org.springframework.transaction.interceptor.TransactionInterceptor.invoke(TransactionInterceptor.java:130)
	at org.springframework.aop.framework.ReflectiveMethodInvocation.proceed(ReflectiveMethodInvocation.java:179)
	at org.springframework.cache.interceptor.CacheInterceptor.lambda$invoke$0(CacheInterceptor.java:54)
	at org.springframework.cache.interceptor.CacheAspectSupport.invokeOperation(CacheAspectSupport.java:426)
	at org.springframework.cache.interceptor.CacheAspectSupport.evaluate(CacheAspectSupport.java:591)
	at org.springframework.cache.interceptor.CacheAspectSupport.execute(CacheAspectSupport.java:442)
	at org.springframework.cache.interceptor.CacheAspectSupport.execute(CacheAspectSupport.java:406)
	at org.springframework.cache.interceptor.CacheInterceptor.invoke(CacheInterceptor.java:64)
	at org.springframework.aop.framework.ReflectiveMethodInvocation.proceed(ReflectiveMethodInvocation.java:179)
	at org.springframework.aop.framework.CglibAopProxy$DynamicAdvisedInterceptor.intercept(CglibAopProxy.java:719)
	at com.acleda.training.studentmanagement.features.enrollment.EnrollmentServiceImpl$$SpringCGLIB$$0.createEnrollment(<generated>)
	at com.acleda.training.studentmanagement.features.enrollment.EnrollmentController.createEnrollment(EnrollmentController.java:48)
	at java.base/jdk.internal.reflect.DirectMethodHandleAccessor.invoke(DirectMethodHandleAccessor.java:104)
	at java.base/java.lang.reflect.Method.invoke(Method.java:565)
	at org.springframework.web.method.support.InvocableHandlerMethod.doInvoke(InvocableHandlerMethod.java:252)
	at org.springframework.web.method.support.InvocableHandlerMethod.invokeForRequest(InvocableHandlerMethod.java:184)
	at org.springframework.web.servlet.mvc.method.annotation.ServletInvocableHandlerMethod.invokeAndHandle(ServletInvocableHandlerMethod.java:117)
	at org.springframework.web.servlet.mvc.method.annotation.RequestMappingHandlerAdapter.invokeHandlerMethod(RequestMappingHandlerAdapter.java:934)
	at org.springframework.web.servlet.mvc.method.annotation.RequestMappingHandlerAdapter.handleInternal(RequestMappingHandlerAdapter.java:853)
	at org.springframework.web.servlet.mvc.method.AbstractHandlerMethodAdapter.handle(AbstractHandlerMethodAdapter.java:86)
	at org.springframework.web.servlet.DispatcherServlet.doDispatch(DispatcherServlet.java:963)
	at org.springframework.web.servlet.DispatcherServlet.doService(DispatcherServlet.java:866)
	at org.springframework.web.servlet.FrameworkServlet.processRequest(FrameworkServlet.java:1000)
	at org.springframework.web.servlet.FrameworkServlet.doPost(FrameworkServlet.java:903)
	at jakarta.servlet.http.HttpServlet.service(HttpServlet.java:649)
	at org.springframework.web.servlet.FrameworkServlet.service(FrameworkServlet.java:874)
	at jakarta.servlet.http.HttpServlet.service(HttpServlet.java:710)
	at org.apache.catalina.core.ApplicationFilterChain.doFilter(ApplicationFilterChain.java:128)
	at org.apache.tomcat.websocket.server.WsFilter.doFilter(WsFilter.java:53)
	at org.apache.catalina.core.ApplicationFilterChain.doFilter(ApplicationFilterChain.java:107)
	at com.acleda.training.studentmanagement.logging.RequestIdFilter.doFilterInternal(RequestIdFilter.java:40)
	at org.springframework.web.filter.OncePerRequestFilter.doFilter(OncePerRequestFilter.java:116)
	at org.apache.catalina.core.ApplicationFilterChain.doFilter(ApplicationFilterChain.java:107)
	at org.springframework.web.filter.OncePerRequestFilter.doFilter(OncePerRequestFilter.java:110)
	at org.apache.catalina.core.ApplicationFilterChain.doFilter(ApplicationFilterChain.java:107)
	at org.springframework.web.filter.OncePerRequestFilter.doFilter(OncePerRequestFilter.java:101)
	at org.apache.catalina.core.ApplicationFilterChain.doFilter(ApplicationFilterChain.java:107)
	at org.springframework.web.filter.CompositeFilter$VirtualFilterChain.doFilter(CompositeFilter.java:108)
	at org.springframework.security.web.FilterChainProxy.lambda$doFilterInternal$2(FilterChainProxy.java:235)
	at org.springframework.security.web.ObservationFilterChainDecorator$FilterObservation$SimpleFilterObservation.lambda$wrap$1(ObservationFilterChainDecorator.java:491)
	at org.springframework.security.web.ObservationFilterChainDecorator$AroundFilterObservation$SimpleAroundFilterObservation.lambda$wrap$1(ObservationFilterChainDecorator.java:353)
	at org.springframework.security.web.ObservationFilterChainDecorator.lambda$wrapSecured$0(ObservationFilterChainDecorator.java:84)
	at org.springframework.security.web.ObservationFilterChainDecorator$VirtualFilterChain.doFilter(ObservationFilterChainDecorator.java:131)
	at org.springframework.security.web.access.intercept.AuthorizationFilter.doFilter(AuthorizationFilter.java:101)
	at org.springframework.security.web.ObservationFilterChainDecorator$ObservationFilter.wrapFilter(ObservationFilterChainDecorator.java:243)
	at org.springframework.security.web.ObservationFilterChainDecorator$ObservationFilter.doFilter(ObservationFilterChainDecorator.java:230)
	at org.springframework.security.web.ObservationFilterChainDecorator$VirtualFilterChain.doFilter(ObservationFilterChainDecorator.java:140)
	at org.springframework.security.web.access.ExceptionTranslationFilter.doFilter(ExceptionTranslationFilter.java:126)
	at org.springframework.security.web.access.ExceptionTranslationFilter.doFilter(ExceptionTranslationFilter.java:120)
	at org.springframework.security.web.ObservationFilterChainDecorator$ObservationFilter.wrapFilter(ObservationFilterChainDecorator.java:243)
	at org.springframework.security.web.ObservationFilterChainDecorator$ObservationFilter.doFilter(ObservationFilterChainDecorator.java:230)
	at org.springframework.security.web.ObservationFilterChainDecorator$VirtualFilterChain.doFilter(ObservationFilterChainDecorator.java:140)
	at org.springframework.security.web.session.SessionManagementFilter.doFilter(SessionManagementFilter.java:132)
	at org.springframework.security.web.session.SessionManagementFilter.doFilter(SessionManagementFilter.java:86)
	at org.springframework.security.web.ObservationFilterChainDecorator$ObservationFilter.wrapFilter(ObservationFilterChainDecorator.java:243)
	at org.springframework.security.web.ObservationFilterChainDecorator$ObservationFilter.doFilter(ObservationFilterChainDecorator.java:230)
	at org.springframework.security.web.ObservationFilterChainDecorator$VirtualFilterChain.doFilter(ObservationFilterChainDecorator.java:140)
	at org.springframework.security.web.authentication.AnonymousAuthenticationFilter.doFilter(AnonymousAuthenticationFilter.java:100)
	at org.springframework.security.web.ObservationFilterChainDecorator$ObservationFilter.wrapFilter(ObservationFilterChainDecorator.java:243)
	at org.springframework.security.web.ObservationFilterChainDecorator$ObservationFilter.doFilter(ObservationFilterChainDecorator.java:230)
	at org.springframework.security.web.ObservationFilterChainDecorator$VirtualFilterChain.doFilter(ObservationFilterChainDecorator.java:140)
	at org.springframework.security.web.servletapi.SecurityContextHolderAwareRequestFilter.doFilter(SecurityContextHolderAwareRequestFilter.java:181)
	at org.springframework.security.web.ObservationFilterChainDecorator$ObservationFilter.wrapFilter(ObservationFilterChainDecorator.java:243)
	at org.springframework.security.web.ObservationFilterChainDecorator$ObservationFilter.doFilter(ObservationFilterChainDecorator.java:230)
	at org.springframework.security.web.ObservationFilterChainDecorator$VirtualFilterChain.doFilter(ObservationFilterChainDecorator.java:140)
	at org.springframework.security.web.savedrequest.RequestCacheAwareFilter.doFilter(RequestCacheAwareFilter.java:63)
	at org.springframework.security.web.ObservationFilterChainDecorator$ObservationFilter.wrapFilter(ObservationFilterChainDecorator.java:243)
	at org.springframework.security.web.ObservationFilterChainDecorator$ObservationFilter.doFilter(ObservationFilterChainDecorator.java:230)
	at org.springframework.security.web.ObservationFilterChainDecorator$VirtualFilterChain.doFilter(ObservationFilterChainDecorator.java:140)
	at com.acleda.training.studentmanagement.features.auth.JwtAuthenticationFilter.doFilterInternal(JwtAuthenticationFilter.java:91)
	at org.springframework.web.filter.OncePerRequestFilter.doFilter(OncePerRequestFilter.java:116)
	at org.springframework.security.web.ObservationFilterChainDecorator$ObservationFilter.wrapFilter(ObservationFilterChainDecorator.java:243)
	at org.springframework.security.web.ObservationFilterChainDecorator$ObservationFilter.doFilter(ObservationFilterChainDecorator.java:230)
	at org.springframework.security.web.ObservationFilterChainDecorator$VirtualFilterChain.doFilter(ObservationFilterChainDecorator.java:140)
	at org.springframework.security.web.header.HeaderWriterFilter.doHeadersAfter(HeaderWriterFilter.java:90)
	at org.springframework.security.web.header.HeaderWriterFilter.doFilterInternal(HeaderWriterFilter.java:75)
	at org.springframework.web.filter.OncePerRequestFilter.doFilter(OncePerRequestFilter.java:116)
	at org.springframework.security.web.ObservationFilterChainDecorator$ObservationFilter.wrapFilter(ObservationFilterChainDecorator.java:243)
	at org.springframework.security.web.ObservationFilterChainDecorator$ObservationFilter.doFilter(ObservationFilterChainDecorator.java:230)
	at org.springframework.security.web.ObservationFilterChainDecorator$VirtualFilterChain.doFilter(ObservationFilterChainDecorator.java:140)
	at org.springframework.security.web.context.SecurityContextHolderFilter.doFilter(SecurityContextHolderFilter.java:82)
	at org.springframework.security.web.context.SecurityContextHolderFilter.doFilter(SecurityContextHolderFilter.java:69)
	at org.springframework.security.web.ObservationFilterChainDecorator$ObservationFilter.wrapFilter(ObservationFilterChainDecorator.java:243)
	at org.springframework.security.web.ObservationFilterChainDecorator$ObservationFilter.doFilter(ObservationFilterChainDecorator.java:230)
	at org.springframework.security.web.ObservationFilterChainDecorator$VirtualFilterChain.doFilter(ObservationFilterChainDecorator.java:140)
	at org.springframework.security.web.context.request.async.WebAsyncManagerIntegrationFilter.doFilterInternal(WebAsyncManagerIntegrationFilter.java:62)
	at org.springframework.web.filter.OncePerRequestFilter.doFilter(OncePerRequestFilter.java:116)
	at org.springframework.security.web.ObservationFilterChainDecorator$ObservationFilter.wrapFilter(ObservationFilterChainDecorator.java:243)
	at org.springframework.security.web.ObservationFilterChainDecorator$ObservationFilter.doFilter(ObservationFilterChainDecorator.java:230)
	at org.springframework.security.web.ObservationFilterChainDecorator$VirtualFilterChain.doFilter(ObservationFilterChainDecorator.java:140)
	at org.springframework.security.web.session.DisableEncodeUrlFilter.doFilterInternal(DisableEncodeUrlFilter.java:42)
	at org.springframework.web.filter.OncePerRequestFilter.doFilter(OncePerRequestFilter.java:116)
	at org.springframework.security.web.ObservationFilterChainDecorator$ObservationFilter.wrapFilter(ObservationFilterChainDecorator.java:243)
	at org.springframework.security.web.ObservationFilterChainDecorator$AroundFilterObservation$SimpleAroundFilterObservation.lambda$wrap$0(ObservationFilterChainDecorator.java:336)
	at org.springframework.security.web.ObservationFilterChainDecorator$ObservationFilter.doFilter(ObservationFilterChainDecorator.java:227)
	at org.springframework.security.web.ObservationFilterChainDecorator$VirtualFilterChain.doFilter(ObservationFilterChainDecorator.java:140)
	at org.springframework.security.web.FilterChainProxy.doFilterInternal(FilterChainProxy.java:237)
	at org.springframework.security.web.FilterChainProxy.doFilter(FilterChainProxy.java:195)
	at org.springframework.web.filter.CompositeFilter$VirtualFilterChain.doFilter(CompositeFilter.java:113)
	at org.springframework.web.filter.ServletRequestPathFilter.doFilter(ServletRequestPathFilter.java:52)
	at org.springframework.web.filter.CompositeFilter$VirtualFilterChain.doFilter(CompositeFilter.java:113)
	at org.springframework.web.filter.CompositeFilter.doFilter(CompositeFilter.java:74)
	at org.springframework.security.config.annotation.web.configuration.WebSecurityConfiguration$CompositeFilterChainProxy.doFilter(WebSecurityConfiguration.java:317)
	at org.springframework.web.filter.DelegatingFilterProxy.invokeDelegate(DelegatingFilterProxy.java:355)
	at org.springframework.web.filter.DelegatingFilterProxy.doFilter(DelegatingFilterProxy.java:272)
	at org.apache.catalina.core.ApplicationFilterChain.doFilter(ApplicationFilterChain.java:107)
	at org.springframework.web.filter.RequestContextFilter.doFilterInternal(RequestContextFilter.java:100)
	at org.springframework.web.filter.OncePerRequestFilter.doFilter(OncePerRequestFilter.java:116)
	at org.apache.catalina.core.ApplicationFilterChain.doFilter(ApplicationFilterChain.java:107)
	at org.springframework.web.filter.FormContentFilter.doFilterInternal(FormContentFilter.java:93)
	at org.springframework.web.filter.OncePerRequestFilter.doFilter(OncePerRequestFilter.java:116)
	at org.apache.catalina.core.ApplicationFilterChain.doFilter(ApplicationFilterChain.java:107)
	at org.springframework.web.filter.ServerHttpObservationFilter.doFilterInternal(ServerHttpObservationFilter.java:110)
	at org.springframework.web.filter.OncePerRequestFilter.doFilter(OncePerRequestFilter.java:116)
	at org.apache.catalina.core.ApplicationFilterChain.doFilter(ApplicationFilterChain.java:107)
	at org.springframework.web.filter.CharacterEncodingFilter.doFilterInternal(CharacterEncodingFilter.java:199)
	at org.springframework.web.filter.OncePerRequestFilter.doFilter(OncePerRequestFilter.java:116)
	at org.apache.catalina.core.ApplicationFilterChain.doFilter(ApplicationFilterChain.java:107)
	at org.apache.catalina.core.StandardWrapperValve.invoke(StandardWrapperValve.java:165)
	at org.apache.catalina.core.StandardContextValve.invoke(StandardContextValve.java:77)
	at org.apache.catalina.authenticator.AuthenticatorBase.invoke(AuthenticatorBase.java:492)
	at org.apache.catalina.core.StandardHostValve.invoke(StandardHostValve.java:113)
	at org.apache.catalina.valves.ErrorReportValve.invoke(ErrorReportValve.java:83)
	at org.apache.catalina.core.StandardEngineValve.invoke(StandardEngineValve.java:72)
	at org.apache.catalina.connector.CoyoteAdapter.service(CoyoteAdapter.java:341)
	at org.apache.coyote.http11.Http11Processor.service(Http11Processor.java:397)
	at org.apache.coyote.AbstractProcessorLight.process(AbstractProcessorLight.java:63)
	at org.apache.coyote.AbstractProtocol$ConnectionHandler.process(AbstractProtocol.java:1272)
	at org.apache.tomcat.util.net.NioEndpoint$SocketProcessor.doRun(NioEndpoint.java:1801)
	at org.apache.tomcat.util.net.SocketProcessorBase.run(SocketProcessorBase.java:52)
	at org.apache.tomcat.util.threads.ThreadPoolExecutor.runWorker(ThreadPoolExecutor.java:946)
	at org.apache.tomcat.util.threads.ThreadPoolExecutor$Worker.run(ThreadPoolExecutor.java:480)
	at org.apache.tomcat.util.threads.TaskThread$WrappingRunnable.run(TaskThread.java:57)
	at java.base/java.lang.Thread.run(Thread.java:1474)
2026-08-17 08:01:53.243 INFO  [a0d800f2-85ac-4eec-b3da-0a2b1f3df830] [http-nio-8080-exec-2] c.a.t.s.l.RequestLoggingInterceptor - API RESPONSE | Method: POST | URI: /api/v1/enrollments | Status: 500 | Duration: 196ms
2026-08-17 08:04:15.935 INFO  [NO-REQUEST] [SpringApplicationShutdownHook] o.s.boot.tomcat.GracefulShutdown - Commencing graceful shutdown. Waiting for active requests to complete
2026-08-17 08:04:15.945 INFO  [NO-REQUEST] [tomcat-shutdown] o.s.boot.tomcat.GracefulShutdown - Graceful shutdown complete
2026-08-17 08:04:18.020 INFO  [NO-REQUEST] [SpringApplicationShutdownHook] o.s.o.j.LocalContainerEntityManagerFactoryBean - Closing JPA EntityManagerFactory for persistence unit 'default'
2026-08-17 08:04:18.024 INFO  [NO-REQUEST] [SpringApplicationShutdownHook] com.zaxxer.hikari.HikariDataSource - HikariPool-1 - Shutdown initiated...
2026-08-17 08:04:18.027 INFO  [NO-REQUEST] [SpringApplicationShutdownHook] com.zaxxer.hikari.HikariDataSource - HikariPool-1 - Shutdown completed.
2026-08-17 08:20:03.557 INFO  [NO-REQUEST] [main] c.a.t.s.StudentManagementApiApplication - Starting StudentManagementApiApplication using Java 25.0.4 with PID 18860 (D:\student-management-api\build\classes\java\main started by USER in D:\student-management-api)
2026-08-17 08:20:03.559 INFO  [NO-REQUEST] [main] c.a.t.s.StudentManagementApiApplication - No active profile set, falling back to 1 default profile: "default"
2026-08-17 08:20:04.393 INFO  [NO-REQUEST] [main] o.s.d.r.c.RepositoryConfigurationDelegate - Multiple Spring Data modules found, entering strict repository configuration mode
2026-08-17 08:20:04.395 INFO  [NO-REQUEST] [main] o.s.d.r.c.RepositoryConfigurationDelegate - Bootstrapping Spring Data JPA repositories in DEFAULT mode.
2026-08-17 08:20:04.538 INFO  [NO-REQUEST] [main] o.s.d.r.c.RepositoryConfigurationDelegate - Finished Spring Data repository scanning in 136 ms. Found 7 JPA repository interfaces.
2026-08-17 08:20:04.562 INFO  [NO-REQUEST] [main] o.s.d.r.c.RepositoryConfigurationDelegate - Multiple Spring Data modules found, entering strict repository configuration mode
2026-08-17 08:20:04.564 INFO  [NO-REQUEST] [main] o.s.d.r.c.RepositoryConfigurationDelegate - Bootstrapping Spring Data Redis repositories in DEFAULT mode.
2026-08-17 08:20:04.586 INFO  [NO-REQUEST] [main] o.s.d.r.c.RepositoryConfigurationExtensionSupport - Spring Data Redis - Could not safely identify store assignment for repository candidate interface com.acleda.training.studentmanagement.features.auth.AppUserRepository; If you want this repository to be a Redis repository, consider annotating your entities with one of these annotations: org.springframework.data.redis.core.RedisHash (preferred), or consider extending one of the following types with your repository: org.springframework.data.keyvalue.repository.KeyValueRepository
2026-08-17 08:20:04.586 INFO  [NO-REQUEST] [main] o.s.d.r.c.RepositoryConfigurationExtensionSupport - Spring Data Redis - Could not safely identify store assignment for repository candidate interface com.acleda.training.studentmanagement.features.course.CourseRepository; If you want this repository to be a Redis repository, consider annotating your entities with one of these annotations: org.springframework.data.redis.core.RedisHash (preferred), or consider extending one of the following types with your repository: org.springframework.data.keyvalue.repository.KeyValueRepository
2026-08-17 08:20:04.588 INFO  [NO-REQUEST] [main] o.s.d.r.c.RepositoryConfigurationExtensionSupport - Spring Data Redis - Could not safely identify store assignment for repository candidate interface com.acleda.training.studentmanagement.features.course.offering.CourseOfferingRepository; If you want this repository to be a Redis repository, consider annotating your entities with one of these annotations: org.springframework.data.redis.core.RedisHash (preferred), or consider extending one of the following types with your repository: org.springframework.data.keyvalue.repository.KeyValueRepository
2026-08-17 08:20:04.588 INFO  [NO-REQUEST] [main] o.s.d.r.c.RepositoryConfigurationExtensionSupport - Spring Data Redis - Could not safely identify store assignment for repository candidate interface com.acleda.training.studentmanagement.features.department.DepartmentRepository; If you want this repository to be a Redis repository, consider annotating your entities with one of these annotations: org.springframework.data.redis.core.RedisHash (preferred), or consider extending one of the following types with your repository: org.springframework.data.keyvalue.repository.KeyValueRepository
2026-08-17 08:20:04.588 INFO  [NO-REQUEST] [main] o.s.d.r.c.RepositoryConfigurationExtensionSupport - Spring Data Redis - Could not safely identify store assignment for repository candidate interface com.acleda.training.studentmanagement.features.enrollment.EnrollmentRepository; If you want this repository to be a Redis repository, consider annotating your entities with one of these annotations: org.springframework.data.redis.core.RedisHash (preferred), or consider extending one of the following types with your repository: org.springframework.data.keyvalue.repository.KeyValueRepository
2026-08-17 08:20:04.589 INFO  [NO-REQUEST] [main] o.s.d.r.c.RepositoryConfigurationExtensionSupport - Spring Data Redis - Could not safely identify store assignment for repository candidate interface com.acleda.training.studentmanagement.features.instructor.InstructorRepository; If you want this repository to be a Redis repository, consider annotating your entities with one of these annotations: org.springframework.data.redis.core.RedisHash (preferred), or consider extending one of the following types with your repository: org.springframework.data.keyvalue.repository.KeyValueRepository
2026-08-17 08:20:04.589 INFO  [NO-REQUEST] [main] o.s.d.r.c.RepositoryConfigurationExtensionSupport - Spring Data Redis - Could not safely identify store assignment for repository candidate interface com.acleda.training.studentmanagement.features.student.StudentRepository; If you want this repository to be a Redis repository, consider annotating your entities with one of these annotations: org.springframework.data.redis.core.RedisHash (preferred), or consider extending one of the following types with your repository: org.springframework.data.keyvalue.repository.KeyValueRepository
2026-08-17 08:20:04.589 INFO  [NO-REQUEST] [main] o.s.d.r.c.RepositoryConfigurationDelegate - Finished Spring Data repository scanning in 15 ms. Found 0 Redis repository interfaces.
2026-08-17 08:20:05.222 INFO  [NO-REQUEST] [main] o.s.boot.tomcat.TomcatWebServer - Tomcat initialized with port 8080 (http)
2026-08-17 08:20:05.234 INFO  [NO-REQUEST] [main] o.a.catalina.core.StandardService - Starting service [Tomcat]
2026-08-17 08:20:05.234 INFO  [NO-REQUEST] [main] o.a.catalina.core.StandardEngine - Starting Servlet engine: [Apache Tomcat/11.0.22]
2026-08-17 08:20:05.317 INFO  [NO-REQUEST] [main] o.s.b.w.c.s.WebApplicationContextInitializer - Root WebApplicationContext: initialization completed in 1726 ms
2026-08-17 08:20:05.573 INFO  [NO-REQUEST] [main] org.hibernate.orm.jpa - HHH008540: Processing PersistenceUnitInfo [name: default]
2026-08-17 08:20:05.611 INFO  [NO-REQUEST] [main] org.hibernate.orm.core - HHH000001: Hibernate ORM core version 7.4.1.Final
2026-08-17 08:20:05.931 INFO  [NO-REQUEST] [main] o.s.o.j.p.SpringPersistenceUnitInfo - No LoadTimeWeaver setup: ignoring JPA class transformer
2026-08-17 08:20:05.954 INFO  [NO-REQUEST] [main] com.zaxxer.hikari.HikariDataSource - HikariPool-1 - Starting...
2026-08-17 08:20:06.185 INFO  [NO-REQUEST] [main] com.zaxxer.hikari.pool.HikariPool - HikariPool-1 - Added connection org.postgresql.jdbc.PgConnection@3e24bab6
2026-08-17 08:20:06.186 INFO  [NO-REQUEST] [main] com.zaxxer.hikari.HikariDataSource - HikariPool-1 - Start completed.
2026-08-17 08:20:06.237 INFO  [NO-REQUEST] [main] o.hibernate.orm.connections.pooling - HHH10001005: Database info:
	Database JDBC URL [jdbc:postgresql://localhost:5432/student_management_db]
	Database driver: PostgreSQL JDBC Driver
	Database dialect: PostgreSQLDialect
	Database version: 18.4
	Default catalog/schema: student_management_db/public
	Autocommit mode: undefined/unknown
	Isolation level: READ_COMMITTED [default READ_COMMITTED]
	JDBC fetch size: none
	Pool: DataSourceConnectionProvider
	Minimum pool size: undefined/unknown
	Maximum pool size: undefined/unknown
2026-08-17 08:20:07.042 INFO  [NO-REQUEST] [main] org.hibernate.orm.core - HHH000489: No JTA platform available (set 'hibernate.transaction.jta.platform' to enable JTA platform integration)
2026-08-17 08:20:07.124 INFO  [NO-REQUEST] [main] o.s.o.j.LocalContainerEntityManagerFactoryBean - Initialized JPA EntityManagerFactory for persistence unit 'default'
2026-08-17 08:20:07.172 INFO  [NO-REQUEST] [main] o.s.d.j.r.q.QueryEnhancerFactories - Hibernate is in classpath; If applicable, HQL parser will be used.
2026-08-17 08:20:07.285 TRACE [NO-REQUEST] [main] o.s.t.a.AnnotationTransactionAttributeSource - Adding transactional method 'com.acleda.training.studentmanagement.features.auth.CustomUserDetailsService.loadUserByUsername' with attribute: PROPAGATION_REQUIRED,ISOLATION_DEFAULT,readOnly
2026-08-17 08:20:07.608 INFO  [NO-REQUEST] [main] o.s.s.c.a.a.c.InitializeAuthenticationProviderBeanManagerConfigurer$InitializeAuthenticationProviderManagerConfigurer - Global AuthenticationManager configured with AuthenticationProvider bean with name authenticationProvider
2026-08-17 08:20:07.609 WARN  [NO-REQUEST] [main] o.s.s.c.a.a.c.InitializeUserDetailsBeanManagerConfigurer$InitializeUserDetailsManagerConfigurer - Global AuthenticationManager configured with an AuthenticationProvider bean. UserDetailsService beans will not be used by Spring Security for automatically configuring username/password login. Consider removing the AuthenticationProvider bean. Alternatively, consider using the UserDetailsService in a manually instantiated DaoAuthenticationProvider. If the current configuration is intentional, to turn off this warning, increase the logging level of 'org.springframework.security.config.annotation.authentication.configuration.InitializeUserDetailsBeanManagerConfigurer' to ERROR
2026-08-17 08:20:07.614 TRACE [NO-REQUEST] [main] o.s.t.a.AnnotationTransactionAttributeSource - Adding transactional method 'com.acleda.training.studentmanagement.features.auth.AuthService.register' with attribute: PROPAGATION_REQUIRED,ISOLATION_DEFAULT
2026-08-17 08:20:07.615 TRACE [NO-REQUEST] [main] o.s.t.a.AnnotationTransactionAttributeSource - Adding transactional method 'com.acleda.training.studentmanagement.features.auth.AuthService.login' with attribute: PROPAGATION_REQUIRED,ISOLATION_DEFAULT,readOnly
2026-08-17 08:20:07.615 TRACE [NO-REQUEST] [main] o.s.t.a.AnnotationTransactionAttributeSource - Adding transactional method 'com.acleda.training.studentmanagement.features.auth.AuthService.refreshToken' with attribute: PROPAGATION_REQUIRED,ISOLATION_DEFAULT,readOnly
2026-08-17 08:20:08.430 TRACE [NO-REQUEST] [main] o.s.t.a.AnnotationTransactionAttributeSource - Adding transactional method 'com.acleda.training.studentmanagement.features.course.CourseServiceImpl.getCourses' with attribute: PROPAGATION_REQUIRED,ISOLATION_DEFAULT,readOnly
2026-08-17 08:20:08.431 TRACE [NO-REQUEST] [main] o.s.t.a.AnnotationTransactionAttributeSource - Adding transactional method 'com.acleda.training.studentmanagement.features.course.CourseServiceImpl.deleteCourse' with attribute: PROPAGATION_REQUIRED,ISOLATION_DEFAULT
2026-08-17 08:20:08.431 TRACE [NO-REQUEST] [main] o.s.t.a.AnnotationTransactionAttributeSource - Adding transactional method 'com.acleda.training.studentmanagement.features.course.CourseServiceImpl.updateCourse' with attribute: PROPAGATION_REQUIRED,ISOLATION_DEFAULT
2026-08-17 08:20:08.432 TRACE [NO-REQUEST] [main] o.s.t.a.AnnotationTransactionAttributeSource - Adding transactional method 'com.acleda.training.studentmanagement.features.course.CourseServiceImpl.getCourseById' with attribute: PROPAGATION_REQUIRED,ISOLATION_DEFAULT,readOnly
2026-08-17 08:20:08.432 TRACE [NO-REQUEST] [main] o.s.t.a.AnnotationTransactionAttributeSource - Adding transactional method 'com.acleda.training.studentmanagement.features.course.CourseServiceImpl.createCourse' with attribute: PROPAGATION_REQUIRED,ISOLATION_DEFAULT
2026-08-17 08:20:08.629 TRACE [NO-REQUEST] [main] o.s.t.a.AnnotationTransactionAttributeSource - Adding transactional method 'com.acleda.training.studentmanagement.features.course.offering.CourseOfferingServiceImpl.deleteCourseOffering' with attribute: PROPAGATION_REQUIRED,ISOLATION_DEFAULT
2026-08-17 08:20:08.630 TRACE [NO-REQUEST] [main] o.s.t.a.AnnotationTransactionAttributeSource - Adding transactional method 'com.acleda.training.studentmanagement.features.course.offering.CourseOfferingServiceImpl.createCourseOffering' with attribute: PROPAGATION_REQUIRED,ISOLATION_DEFAULT
2026-08-17 08:20:08.630 TRACE [NO-REQUEST] [main] o.s.t.a.AnnotationTransactionAttributeSource - Adding transactional method 'com.acleda.training.studentmanagement.features.course.offering.CourseOfferingServiceImpl.getCourseOfferingById' with attribute: PROPAGATION_REQUIRED,ISOLATION_DEFAULT,readOnly
2026-08-17 08:20:08.630 TRACE [NO-REQUEST] [main] o.s.t.a.AnnotationTransactionAttributeSource - Adding transactional method 'com.acleda.training.studentmanagement.features.course.offering.CourseOfferingServiceImpl.updateCourseOffering' with attribute: PROPAGATION_REQUIRED,ISOLATION_DEFAULT
2026-08-17 08:20:08.630 TRACE [NO-REQUEST] [main] o.s.t.a.AnnotationTransactionAttributeSource - Adding transactional method 'com.acleda.training.studentmanagement.features.course.offering.CourseOfferingServiceImpl.getCourseOfferings' with attribute: PROPAGATION_REQUIRED,ISOLATION_DEFAULT,readOnly
2026-08-17 08:20:08.639 TRACE [NO-REQUEST] [main] o.s.t.a.AnnotationTransactionAttributeSource - Adding transactional method 'com.acleda.training.studentmanagement.features.department.DepartmentServiceImpl.findDepartment' with attribute: PROPAGATION_REQUIRED,ISOLATION_DEFAULT
2026-08-17 08:20:08.641 TRACE [NO-REQUEST] [main] o.s.t.a.AnnotationTransactionAttributeSource - Adding transactional method 'com.acleda.training.studentmanagement.features.department.DepartmentServiceImpl.createDepartment' with attribute: PROPAGATION_REQUIRED,ISOLATION_DEFAULT
2026-08-17 08:20:08.641 TRACE [NO-REQUEST] [main] o.s.t.a.AnnotationTransactionAttributeSource - Adding transactional method 'com.acleda.training.studentmanagement.features.department.DepartmentServiceImpl.getDepartments' with attribute: PROPAGATION_REQUIRED,ISOLATION_DEFAULT,readOnly
2026-08-17 08:20:08.642 TRACE [NO-REQUEST] [main] o.s.t.a.AnnotationTransactionAttributeSource - Adding transactional method 'com.acleda.training.studentmanagement.features.department.DepartmentServiceImpl.deleteDepartment' with attribute: PROPAGATION_REQUIRED,ISOLATION_DEFAULT
2026-08-17 08:20:08.642 TRACE [NO-REQUEST] [main] o.s.t.a.AnnotationTransactionAttributeSource - Adding transactional method 'com.acleda.training.studentmanagement.features.department.DepartmentServiceImpl.updateDepartment' with attribute: PROPAGATION_REQUIRED,ISOLATION_DEFAULT
2026-08-17 08:20:08.642 TRACE [NO-REQUEST] [main] o.s.t.a.AnnotationTransactionAttributeSource - Adding transactional method 'com.acleda.training.studentmanagement.features.department.DepartmentServiceImpl.updateDepartmentStatus' with attribute: PROPAGATION_REQUIRED,ISOLATION_DEFAULT
2026-08-17 08:20:08.643 TRACE [NO-REQUEST] [main] o.s.t.a.AnnotationTransactionAttributeSource - Adding transactional method 'com.acleda.training.studentmanagement.features.department.DepartmentServiceImpl.getDepartmentById' with attribute: PROPAGATION_REQUIRED,ISOLATION_DEFAULT,readOnly
2026-08-17 08:20:08.732 TRACE [NO-REQUEST] [main] o.s.t.a.AnnotationTransactionAttributeSource - Adding transactional method 'com.acleda.training.studentmanagement.features.enrollment.EnrollmentServiceImpl.testBulkEnrollmentTransaction' with attribute: PROPAGATION_REQUIRED,ISOLATION_DEFAULT
2026-08-17 08:20:08.733 TRACE [NO-REQUEST] [main] o.s.t.a.AnnotationTransactionAttributeSource - Adding transactional method 'com.acleda.training.studentmanagement.features.enrollment.EnrollmentServiceImpl.deleteEnrollment' with attribute: PROPAGATION_REQUIRED,ISOLATION_DEFAULT
2026-08-17 08:20:08.733 TRACE [NO-REQUEST] [main] o.s.t.a.AnnotationTransactionAttributeSource - Adding transactional method 'com.acleda.training.studentmanagement.features.enrollment.EnrollmentServiceImpl.getEnrollmentById' with attribute: PROPAGATION_REQUIRED,ISOLATION_DEFAULT,readOnly
2026-08-17 08:20:08.733 TRACE [NO-REQUEST] [main] o.s.t.a.AnnotationTransactionAttributeSource - Adding transactional method 'com.acleda.training.studentmanagement.features.enrollment.EnrollmentServiceImpl.createEnrollment' with attribute: PROPAGATION_REQUIRED,ISOLATION_DEFAULT
2026-08-17 08:20:08.733 TRACE [NO-REQUEST] [main] o.s.t.a.AnnotationTransactionAttributeSource - Adding transactional method 'com.acleda.training.studentmanagement.features.enrollment.EnrollmentServiceImpl.getEnrollments' with attribute: PROPAGATION_REQUIRED,ISOLATION_DEFAULT,readOnly
2026-08-17 08:20:08.734 TRACE [NO-REQUEST] [main] o.s.t.a.AnnotationTransactionAttributeSource - Adding transactional method 'com.acleda.training.studentmanagement.features.enrollment.EnrollmentServiceImpl.updateEnrollment' with attribute: PROPAGATION_REQUIRED,ISOLATION_DEFAULT
2026-08-17 08:20:08.734 TRACE [NO-REQUEST] [main] o.s.t.a.AnnotationTransactionAttributeSource - Adding transactional method 'com.acleda.training.studentmanagement.features.enrollment.EnrollmentServiceImpl.updateEnrollmentResult' with attribute: PROPAGATION_REQUIRED,ISOLATION_DEFAULT
2026-08-17 08:20:09.009 TRACE [NO-REQUEST] [main] o.s.t.a.AnnotationTransactionAttributeSource - Adding transactional method 'com.acleda.training.studentmanagement.features.instructor.InstructorServiceImpl.getInstructorById' with attribute: PROPAGATION_REQUIRED,ISOLATION_DEFAULT,readOnly
2026-08-17 08:20:09.010 TRACE [NO-REQUEST] [main] o.s.t.a.AnnotationTransactionAttributeSource - Adding transactional method 'com.acleda.training.studentmanagement.features.instructor.InstructorServiceImpl.getInstructors' with attribute: PROPAGATION_REQUIRED,ISOLATION_DEFAULT,readOnly
2026-08-17 08:20:09.010 TRACE [NO-REQUEST] [main] o.s.t.a.AnnotationTransactionAttributeSource - Adding transactional method 'com.acleda.training.studentmanagement.features.instructor.InstructorServiceImpl.updateInstructor' with attribute: PROPAGATION_REQUIRED,ISOLATION_DEFAULT
2026-08-17 08:20:09.011 TRACE [NO-REQUEST] [main] o.s.t.a.AnnotationTransactionAttributeSource - Adding transactional method 'com.acleda.training.studentmanagement.features.instructor.InstructorServiceImpl.createInstructor' with attribute: PROPAGATION_REQUIRED,ISOLATION_DEFAULT
2026-08-17 08:20:09.011 TRACE [NO-REQUEST] [main] o.s.t.a.AnnotationTransactionAttributeSource - Adding transactional method 'com.acleda.training.studentmanagement.features.instructor.InstructorServiceImpl.deleteInstructor' with attribute: PROPAGATION_REQUIRED,ISOLATION_DEFAULT
2026-08-17 08:20:09.020 TRACE [NO-REQUEST] [main] o.s.t.a.AnnotationTransactionAttributeSource - Adding transactional method 'com.acleda.training.studentmanagement.features.student.StudentServiceImpl.updateStudent' with attribute: PROPAGATION_REQUIRED,ISOLATION_DEFAULT
2026-08-17 08:20:09.021 TRACE [NO-REQUEST] [main] o.s.t.a.AnnotationTransactionAttributeSource - Adding transactional method 'com.acleda.training.studentmanagement.features.student.StudentServiceImpl.deleteStudent' with attribute: PROPAGATION_REQUIRED,ISOLATION_DEFAULT
2026-08-17 08:20:09.021 TRACE [NO-REQUEST] [main] o.s.t.a.AnnotationTransactionAttributeSource - Adding transactional method 'com.acleda.training.studentmanagement.features.student.StudentServiceImpl.getStudentById' with attribute: PROPAGATION_REQUIRED,ISOLATION_DEFAULT,readOnly
2026-08-17 08:20:09.021 TRACE [NO-REQUEST] [main] o.s.t.a.AnnotationTransactionAttributeSource - Adding transactional method 'com.acleda.training.studentmanagement.features.student.StudentServiceImpl.createStudent' with attribute: PROPAGATION_REQUIRED,ISOLATION_DEFAULT
2026-08-17 08:20:09.021 TRACE [NO-REQUEST] [main] o.s.t.a.AnnotationTransactionAttributeSource - Adding transactional method 'com.acleda.training.studentmanagement.features.student.StudentServiceImpl.getStudents' with attribute: PROPAGATION_REQUIRED,ISOLATION_DEFAULT,readOnly
2026-08-17 08:20:10.094 INFO  [NO-REQUEST] [main] o.s.b.a.e.web.EndpointLinksResolver - Exposing 1 endpoint beneath base path '/actuator'
2026-08-17 08:20:10.172 INFO  [NO-REQUEST] [main] o.s.boot.tomcat.TomcatWebServer - Tomcat started on port 8080 (http) with context path '/'
2026-08-17 08:20:10.186 INFO  [NO-REQUEST] [main] c.a.t.s.StudentManagementApiApplication - Started StudentManagementApiApplication in 6.943 seconds (process running for 7.503)
2026-08-17 08:20:10.198 TRACE [NO-REQUEST] [main] o.s.t.i.TransactionInterceptor - No need to create transaction for [org.springframework.data.jpa.repository.support.SimpleJpaRepository.existsByUsernameIgnoreCase]: This method is not transactional.
2026-08-17 08:20:10.299 DEBUG [NO-REQUEST] [main] org.hibernate.SQL - 
    select
        au1_0.id 
    from
        app_users au1_0 
    where
        upper(au1_0.username)=upper(?) 
    fetch
        first ? rows only
2026-08-17 08:20:10.300 TRACE [NO-REQUEST] [main] org.hibernate.orm.jdbc.bind - binding parameter (1:VARCHAR) <- [admin]
2026-08-17 08:20:10.300 TRACE [NO-REQUEST] [main] org.hibernate.orm.jdbc.bind - binding parameter (2:INTEGER) <- [1]
2026-08-17 08:20:10.920 INFO  [NO-REQUEST] [RMI TCP Connection(4)-192.168.33.1] o.a.c.c.C.[Tomcat].[localhost].[/] - Initializing Spring DispatcherServlet 'dispatcherServlet'
2026-08-17 08:20:10.920 INFO  [NO-REQUEST] [RMI TCP Connection(4)-192.168.33.1] o.s.web.servlet.DispatcherServlet - Initializing Servlet 'dispatcherServlet'
2026-08-17 08:20:10.925 INFO  [NO-REQUEST] [RMI TCP Connection(4)-192.168.33.1] o.s.web.servlet.DispatcherServlet - Completed initialization in 5 ms
2026-08-17 08:20:14.758 DEBUG [NO-REQUEST] [http-nio-8080-exec-2] o.s.orm.jpa.JpaTransactionManager - Creating new transaction with name [com.acleda.training.studentmanagement.features.auth.CustomUserDetailsService.loadUserByUsername]: PROPAGATION_REQUIRED,ISOLATION_DEFAULT,readOnly
2026-08-17 08:20:14.759 DEBUG [NO-REQUEST] [http-nio-8080-exec-2] o.s.orm.jpa.JpaTransactionManager - Opened new EntityManager [SessionImpl(1857790243<open>)] for JPA transaction
2026-08-17 08:20:14.761 DEBUG [NO-REQUEST] [http-nio-8080-exec-2] o.s.orm.jpa.JpaTransactionManager - Exposing JPA transaction as JDBC [org.springframework.orm.jpa.vendor.HibernateJpaDialect$HibernateConnectionHandle@667d525a]
2026-08-17 08:20:14.762 TRACE [NO-REQUEST] [http-nio-8080-exec-2] o.s.t.i.TransactionInterceptor - Getting transaction for [com.acleda.training.studentmanagement.features.auth.CustomUserDetailsService.loadUserByUsername]
2026-08-17 08:20:14.762 TRACE [NO-REQUEST] [http-nio-8080-exec-2] o.s.t.i.TransactionInterceptor - No need to create transaction for [org.springframework.data.jpa.repository.support.SimpleJpaRepository.findByUsernameIgnoreCase]: This method is not transactional.
2026-08-17 08:20:14.769 DEBUG [NO-REQUEST] [http-nio-8080-exec-2] org.hibernate.SQL - 
    select
        au1_0.id,
        au1_0.created_at,
        au1_0.enabled,
        au1_0.password,
        au1_0.role,
        au1_0.updated_at,
        au1_0.username 
    from
        app_users au1_0 
    where
        upper(au1_0.username)=upper(?)
2026-08-17 08:20:14.770 TRACE [NO-REQUEST] [http-nio-8080-exec-2] org.hibernate.orm.jdbc.bind - binding parameter (1:VARCHAR) <- [admin]
2026-08-17 08:20:14.786 TRACE [NO-REQUEST] [http-nio-8080-exec-2] o.s.t.i.TransactionInterceptor - Completing transaction for [com.acleda.training.studentmanagement.features.auth.CustomUserDetailsService.loadUserByUsername]
2026-08-17 08:20:14.786 DEBUG [NO-REQUEST] [http-nio-8080-exec-2] o.s.orm.jpa.JpaTransactionManager - Initiating transaction commit
2026-08-17 08:20:14.787 DEBUG [NO-REQUEST] [http-nio-8080-exec-2] o.s.orm.jpa.JpaTransactionManager - Committing JPA transaction on EntityManager [SessionImpl(1857790243<open>)]
2026-08-17 08:20:14.789 DEBUG [NO-REQUEST] [http-nio-8080-exec-2] o.s.orm.jpa.JpaTransactionManager - Closing JPA EntityManager after transaction
2026-08-17 08:20:14.804 INFO  [c31b0b1a-3103-40fd-9e6f-36de71401ab3] [http-nio-8080-exec-2] c.a.t.s.l.RequestLoggingInterceptor - API REQUEST | Method: GET | URI: /api/v1/students | Query: null
2026-08-17 08:20:14.815 DEBUG [c31b0b1a-3103-40fd-9e6f-36de71401ab3] [http-nio-8080-exec-2] o.s.orm.jpa.JpaTransactionManager - Creating new transaction with name [com.acleda.training.studentmanagement.features.student.StudentServiceImpl.getStudents]: PROPAGATION_REQUIRED,ISOLATION_DEFAULT,readOnly
2026-08-17 08:20:14.816 DEBUG [c31b0b1a-3103-40fd-9e6f-36de71401ab3] [http-nio-8080-exec-2] o.s.orm.jpa.JpaTransactionManager - Opened new EntityManager [SessionImpl(640758870<open>)] for JPA transaction
2026-08-17 08:20:14.816 DEBUG [c31b0b1a-3103-40fd-9e6f-36de71401ab3] [http-nio-8080-exec-2] o.s.orm.jpa.JpaTransactionManager - Exposing JPA transaction as JDBC [org.springframework.orm.jpa.vendor.HibernateJpaDialect$HibernateConnectionHandle@721405d9]
2026-08-17 08:20:14.816 TRACE [c31b0b1a-3103-40fd-9e6f-36de71401ab3] [http-nio-8080-exec-2] o.s.t.i.TransactionInterceptor - Getting transaction for [com.acleda.training.studentmanagement.features.student.StudentServiceImpl.getStudents]
2026-08-17 08:20:14.816 TRACE [c31b0b1a-3103-40fd-9e6f-36de71401ab3] [http-nio-8080-exec-2] o.s.t.i.TransactionInterceptor - No need to create transaction for [org.springframework.data.jpa.repository.support.SimpleJpaRepository.findAllByDeletedFalse]: This method is not transactional.
2026-08-17 08:20:14.823 DEBUG [c31b0b1a-3103-40fd-9e6f-36de71401ab3] [http-nio-8080-exec-2] org.hibernate.SQL - 
    select
        s1_0.id,
        s1_0.address,
        s1_0.created_at,
        s1_0.date_of_birth,
        s1_0.deleted,
        s1_0.email,
        s1_0.enrolled_at,
        s1_0.first_name,
        s1_0.gender,
        s1_0.last_name,
        s1_0.phone_number,
        s1_0.status,
        s1_0.student_code,
        s1_0.updated_at 
    from
        students s1_0 
    where
        s1_0.deleted=false 
    order by
        s1_0.created_at desc 
    fetch
        first ? rows only
2026-08-17 08:20:14.824 TRACE [c31b0b1a-3103-40fd-9e6f-36de71401ab3] [http-nio-8080-exec-2] org.hibernate.orm.jdbc.bind - binding parameter (1:INTEGER) <- [10]
2026-08-17 08:20:14.835 DEBUG [c31b0b1a-3103-40fd-9e6f-36de71401ab3] [http-nio-8080-exec-2] org.hibernate.SQL - 
    select
        count(*) 
    from
        students s1_0 
    where
        s1_0.deleted=false
2026-08-17 08:20:14.838 TRACE [c31b0b1a-3103-40fd-9e6f-36de71401ab3] [http-nio-8080-exec-2] o.s.t.i.TransactionInterceptor - Completing transaction for [com.acleda.training.studentmanagement.features.student.StudentServiceImpl.getStudents]
2026-08-17 08:20:14.838 DEBUG [c31b0b1a-3103-40fd-9e6f-36de71401ab3] [http-nio-8080-exec-2] o.s.orm.jpa.JpaTransactionManager - Initiating transaction commit
2026-08-17 08:20:14.838 DEBUG [c31b0b1a-3103-40fd-9e6f-36de71401ab3] [http-nio-8080-exec-2] o.s.orm.jpa.JpaTransactionManager - Committing JPA transaction on EntityManager [SessionImpl(640758870<open>)]
2026-08-17 08:20:14.838 DEBUG [c31b0b1a-3103-40fd-9e6f-36de71401ab3] [http-nio-8080-exec-2] o.s.orm.jpa.JpaTransactionManager - Closing JPA EntityManager after transaction
2026-08-17 08:20:14.888 INFO  [c31b0b1a-3103-40fd-9e6f-36de71401ab3] [http-nio-8080-exec-2] c.a.t.s.l.RequestLoggingInterceptor - API RESPONSE | Method: GET | URI: /api/v1/students | Status: 200 | Duration: 84ms
2026-08-17 08:20:53.558 DEBUG [NO-REQUEST] [http-nio-8080-exec-3] o.s.orm.jpa.JpaTransactionManager - Creating new transaction with name [com.acleda.training.studentmanagement.features.auth.CustomUserDetailsService.loadUserByUsername]: PROPAGATION_REQUIRED,ISOLATION_DEFAULT,readOnly
2026-08-17 08:20:53.558 DEBUG [NO-REQUEST] [http-nio-8080-exec-3] o.s.orm.jpa.JpaTransactionManager - Opened new EntityManager [SessionImpl(1272499266<open>)] for JPA transaction
2026-08-17 08:20:53.559 DEBUG [NO-REQUEST] [http-nio-8080-exec-3] o.s.orm.jpa.JpaTransactionManager - Exposing JPA transaction as JDBC [org.springframework.orm.jpa.vendor.HibernateJpaDialect$HibernateConnectionHandle@4fe751e1]
2026-08-17 08:20:53.559 TRACE [NO-REQUEST] [http-nio-8080-exec-3] o.s.t.i.TransactionInterceptor - Getting transaction for [com.acleda.training.studentmanagement.features.auth.CustomUserDetailsService.loadUserByUsername]
2026-08-17 08:20:53.559 TRACE [NO-REQUEST] [http-nio-8080-exec-3] o.s.t.i.TransactionInterceptor - No need to create transaction for [org.springframework.data.jpa.repository.support.SimpleJpaRepository.findByUsernameIgnoreCase]: This method is not transactional.
2026-08-17 08:20:53.560 DEBUG [NO-REQUEST] [http-nio-8080-exec-3] org.hibernate.SQL - 
    select
        au1_0.id,
        au1_0.created_at,
        au1_0.enabled,
        au1_0.password,
        au1_0.role,
        au1_0.updated_at,
        au1_0.username 
    from
        app_users au1_0 
    where
        upper(au1_0.username)=upper(?)
2026-08-17 08:20:53.560 TRACE [NO-REQUEST] [http-nio-8080-exec-3] org.hibernate.orm.jdbc.bind - binding parameter (1:VARCHAR) <- [admin]
2026-08-17 08:20:53.562 TRACE [NO-REQUEST] [http-nio-8080-exec-3] o.s.t.i.TransactionInterceptor - Completing transaction for [com.acleda.training.studentmanagement.features.auth.CustomUserDetailsService.loadUserByUsername]
2026-08-17 08:20:53.562 DEBUG [NO-REQUEST] [http-nio-8080-exec-3] o.s.orm.jpa.JpaTransactionManager - Initiating transaction commit
2026-08-17 08:20:53.562 DEBUG [NO-REQUEST] [http-nio-8080-exec-3] o.s.orm.jpa.JpaTransactionManager - Committing JPA transaction on EntityManager [SessionImpl(1272499266<open>)]
2026-08-17 08:20:53.562 DEBUG [NO-REQUEST] [http-nio-8080-exec-3] o.s.orm.jpa.JpaTransactionManager - Closing JPA EntityManager after transaction
2026-08-17 08:20:53.564 INFO  [714868c6-9541-4aa7-a972-3725ec73a1ea] [http-nio-8080-exec-3] c.a.t.s.l.RequestLoggingInterceptor - API REQUEST | Method: GET | URI: /api/v1/courses | Query: null
2026-08-17 08:20:53.571 DEBUG [714868c6-9541-4aa7-a972-3725ec73a1ea] [http-nio-8080-exec-3] o.s.orm.jpa.JpaTransactionManager - Creating new transaction with name [com.acleda.training.studentmanagement.features.course.CourseServiceImpl.getCourses]: PROPAGATION_REQUIRED,ISOLATION_DEFAULT,readOnly
2026-08-17 08:20:53.571 DEBUG [714868c6-9541-4aa7-a972-3725ec73a1ea] [http-nio-8080-exec-3] o.s.orm.jpa.JpaTransactionManager - Opened new EntityManager [SessionImpl(577647499<open>)] for JPA transaction
2026-08-17 08:20:53.571 DEBUG [714868c6-9541-4aa7-a972-3725ec73a1ea] [http-nio-8080-exec-3] o.s.orm.jpa.JpaTransactionManager - Exposing JPA transaction as JDBC [org.springframework.orm.jpa.vendor.HibernateJpaDialect$HibernateConnectionHandle@4faef31d]
2026-08-17 08:20:53.571 TRACE [714868c6-9541-4aa7-a972-3725ec73a1ea] [http-nio-8080-exec-3] o.s.t.i.TransactionInterceptor - Getting transaction for [com.acleda.training.studentmanagement.features.course.CourseServiceImpl.getCourses]
2026-08-17 08:20:53.573 TRACE [714868c6-9541-4aa7-a972-3725ec73a1ea] [http-nio-8080-exec-3] o.s.t.i.TransactionInterceptor - No need to create transaction for [org.springframework.data.jpa.repository.support.SimpleJpaRepository.searchCourses]: This method is not transactional.
2026-08-17 08:20:53.583 DEBUG [714868c6-9541-4aa7-a972-3725ec73a1ea] [http-nio-8080-exec-3] org.hibernate.SQL - 
    select
        c1_0.id,
        c1_0.code,
        c1_0.created_at,
        c1_0.credit,
        c1_0.deleted,
        c1_0.department_id,
        c1_0.description,
        c1_0.name,
        c1_0.updated_at 
    from
        courses c1_0 
    where
        c1_0.deleted=false 
        and (
            ? is null 
            or c1_0.department_id=?
        ) 
        and (
            ? is null 
            or c1_0.credit=?
        ) 
        and (
            ? is null 
            or ?='' 
            or lower(c1_0.code) like lower(('%'||?||'%')) escape '' 
            or lower(c1_0.name) like lower(('%'||?||'%')) escape '' 
            or lower(coalesce(c1_0.description, '')) like lower(('%'||?||'%')) escape ''
        ) 
    order by
        c1_0.created_at desc 
    fetch
        first ? rows only
2026-08-17 08:20:53.583 TRACE [714868c6-9541-4aa7-a972-3725ec73a1ea] [http-nio-8080-exec-3] org.hibernate.orm.jdbc.bind - binding parameter (1:UUID) <- [null]
2026-08-17 08:20:53.583 TRACE [714868c6-9541-4aa7-a972-3725ec73a1ea] [http-nio-8080-exec-3] org.hibernate.orm.jdbc.bind - binding parameter (2:UUID) <- [null]
2026-08-17 08:20:53.583 TRACE [714868c6-9541-4aa7-a972-3725ec73a1ea] [http-nio-8080-exec-3] org.hibernate.orm.jdbc.bind - binding parameter (3:INTEGER) <- [null]
2026-08-17 08:20:53.583 TRACE [714868c6-9541-4aa7-a972-3725ec73a1ea] [http-nio-8080-exec-3] org.hibernate.orm.jdbc.bind - binding parameter (4:INTEGER) <- [null]
2026-08-17 08:20:53.583 TRACE [714868c6-9541-4aa7-a972-3725ec73a1ea] [http-nio-8080-exec-3] org.hibernate.orm.jdbc.bind - binding parameter (5:VARCHAR) <- [null]
2026-08-17 08:20:53.583 TRACE [714868c6-9541-4aa7-a972-3725ec73a1ea] [http-nio-8080-exec-3] org.hibernate.orm.jdbc.bind - binding parameter (6:VARCHAR) <- [null]
2026-08-17 08:20:53.584 TRACE [714868c6-9541-4aa7-a972-3725ec73a1ea] [http-nio-8080-exec-3] org.hibernate.orm.jdbc.bind - binding parameter (7:VARCHAR) <- [null]
2026-08-17 08:20:53.584 TRACE [714868c6-9541-4aa7-a972-3725ec73a1ea] [http-nio-8080-exec-3] org.hibernate.orm.jdbc.bind - binding parameter (8:VARCHAR) <- [null]
2026-08-17 08:20:53.584 TRACE [714868c6-9541-4aa7-a972-3725ec73a1ea] [http-nio-8080-exec-3] org.hibernate.orm.jdbc.bind - binding parameter (9:VARCHAR) <- [null]
2026-08-17 08:20:53.584 TRACE [714868c6-9541-4aa7-a972-3725ec73a1ea] [http-nio-8080-exec-3] org.hibernate.orm.jdbc.bind - binding parameter (10:INTEGER) <- [10]
2026-08-17 08:20:53.598 DEBUG [714868c6-9541-4aa7-a972-3725ec73a1ea] [http-nio-8080-exec-3] org.hibernate.SQL - 
    select
        d1_0.id,
        d1_0.code,
        d1_0.created_at,
        d1_0.deleted,
        d1_0.description,
        d1_0.enabled,
        d1_0.name,
        d1_0.updated_at 
    from
        departments d1_0 
    where
        d1_0.id=?
2026-08-17 08:20:53.599 TRACE [714868c6-9541-4aa7-a972-3725ec73a1ea] [http-nio-8080-exec-3] org.hibernate.orm.jdbc.bind - binding parameter (1:UUID) <- [d1ad9ab8-6dc2-43ea-bfc0-84077dc51ce8]
2026-08-17 08:20:53.607 DEBUG [714868c6-9541-4aa7-a972-3725ec73a1ea] [http-nio-8080-exec-3] org.hibernate.SQL - 
    select
        d1_0.id,
        d1_0.code,
        d1_0.created_at,
        d1_0.deleted,
        d1_0.description,
        d1_0.enabled,
        d1_0.name,
        d1_0.updated_at 
    from
        departments d1_0 
    where
        d1_0.id=?
2026-08-17 08:20:53.607 TRACE [714868c6-9541-4aa7-a972-3725ec73a1ea] [http-nio-8080-exec-3] org.hibernate.orm.jdbc.bind - binding parameter (1:UUID) <- [11f825b9-c9bd-41ce-944c-7c22b28e8977]
2026-08-17 08:20:53.609 DEBUG [714868c6-9541-4aa7-a972-3725ec73a1ea] [http-nio-8080-exec-3] org.hibernate.SQL - 
    select
        d1_0.id,
        d1_0.code,
        d1_0.created_at,
        d1_0.deleted,
        d1_0.description,
        d1_0.enabled,
        d1_0.name,
        d1_0.updated_at 
    from
        departments d1_0 
    where
        d1_0.id=?
2026-08-17 08:20:53.609 TRACE [714868c6-9541-4aa7-a972-3725ec73a1ea] [http-nio-8080-exec-3] org.hibernate.orm.jdbc.bind - binding parameter (1:UUID) <- [64cbd233-6d90-4808-94f4-6c516e29549f]
2026-08-17 08:20:53.611 DEBUG [714868c6-9541-4aa7-a972-3725ec73a1ea] [http-nio-8080-exec-3] org.hibernate.SQL - 
    select
        d1_0.id,
        d1_0.code,
        d1_0.created_at,
        d1_0.deleted,
        d1_0.description,
        d1_0.enabled,
        d1_0.name,
        d1_0.updated_at 
    from
        departments d1_0 
    where
        d1_0.id=?
2026-08-17 08:20:53.611 TRACE [714868c6-9541-4aa7-a972-3725ec73a1ea] [http-nio-8080-exec-3] org.hibernate.orm.jdbc.bind - binding parameter (1:UUID) <- [3af45780-a90b-4180-82d9-baebdf93f585]
2026-08-17 08:20:53.612 TRACE [714868c6-9541-4aa7-a972-3725ec73a1ea] [http-nio-8080-exec-3] o.s.t.i.TransactionInterceptor - Completing transaction for [com.acleda.training.studentmanagement.features.course.CourseServiceImpl.getCourses]
2026-08-17 08:20:53.612 DEBUG [714868c6-9541-4aa7-a972-3725ec73a1ea] [http-nio-8080-exec-3] o.s.orm.jpa.JpaTransactionManager - Initiating transaction commit
2026-08-17 08:20:53.612 DEBUG [714868c6-9541-4aa7-a972-3725ec73a1ea] [http-nio-8080-exec-3] o.s.orm.jpa.JpaTransactionManager - Committing JPA transaction on EntityManager [SessionImpl(577647499<open>)]
2026-08-17 08:20:53.612 DEBUG [714868c6-9541-4aa7-a972-3725ec73a1ea] [http-nio-8080-exec-3] o.s.orm.jpa.JpaTransactionManager - Closing JPA EntityManager after transaction
2026-08-17 08:20:53.617 INFO  [714868c6-9541-4aa7-a972-3725ec73a1ea] [http-nio-8080-exec-3] c.a.t.s.l.RequestLoggingInterceptor - API RESPONSE | Method: GET | URI: /api/v1/courses | Status: 200 | Duration: 52ms
2026-08-17 08:21:27.794 INFO  [NO-REQUEST] [SpringApplicationShutdownHook] o.s.boot.tomcat.GracefulShutdown - Commencing graceful shutdown. Waiting for active requests to complete
2026-08-17 08:21:27.803 INFO  [NO-REQUEST] [tomcat-shutdown] o.s.boot.tomcat.GracefulShutdown - Graceful shutdown complete
2026-08-17 08:21:29.835 INFO  [NO-REQUEST] [SpringApplicationShutdownHook] o.s.o.j.LocalContainerEntityManagerFactoryBean - Closing JPA EntityManagerFactory for persistence unit 'default'
2026-08-17 08:21:29.838 INFO  [NO-REQUEST] [SpringApplicationShutdownHook] com.zaxxer.hikari.HikariDataSource - HikariPool-1 - Shutdown initiated...
2026-08-17 08:21:29.840 INFO  [NO-REQUEST] [SpringApplicationShutdownHook] com.zaxxer.hikari.HikariDataSource - HikariPool-1 - Shutdown completed.
2026-08-17 08:21:31.988 INFO  [NO-REQUEST] [main] c.a.t.s.StudentManagementApiApplication - Starting StudentManagementApiApplication using Java 25.0.4 with PID 31928 (D:\student-management-api\build\classes\java\main started by USER in D:\student-management-api)
2026-08-17 08:21:31.990 INFO  [NO-REQUEST] [main] c.a.t.s.StudentManagementApiApplication - No active profile set, falling back to 1 default profile: "default"
2026-08-17 08:21:32.918 INFO  [NO-REQUEST] [main] o.s.d.r.c.RepositoryConfigurationDelegate - Multiple Spring Data modules found, entering strict repository configuration mode
2026-08-17 08:21:32.920 INFO  [NO-REQUEST] [main] o.s.d.r.c.RepositoryConfigurationDelegate - Bootstrapping Spring Data JPA repositories in DEFAULT mode.
2026-08-17 08:21:33.051 INFO  [NO-REQUEST] [main] o.s.d.r.c.RepositoryConfigurationDelegate - Finished Spring Data repository scanning in 123 ms. Found 7 JPA repository interfaces.
2026-08-17 08:21:33.064 INFO  [NO-REQUEST] [main] o.s.d.r.c.RepositoryConfigurationDelegate - Multiple Spring Data modules found, entering strict repository configuration mode
2026-08-17 08:21:33.065 INFO  [NO-REQUEST] [main] o.s.d.r.c.RepositoryConfigurationDelegate - Bootstrapping Spring Data Redis repositories in DEFAULT mode.
2026-08-17 08:21:33.079 INFO  [NO-REQUEST] [main] o.s.d.r.c.RepositoryConfigurationExtensionSupport - Spring Data Redis - Could not safely identify store assignment for repository candidate interface com.acleda.training.studentmanagement.features.auth.AppUserRepository; If you want this repository to be a Redis repository, consider annotating your entities with one of these annotations: org.springframework.data.redis.core.RedisHash (preferred), or consider extending one of the following types with your repository: org.springframework.data.keyvalue.repository.KeyValueRepository
2026-08-17 08:21:33.079 INFO  [NO-REQUEST] [main] o.s.d.r.c.RepositoryConfigurationExtensionSupport - Spring Data Redis - Could not safely identify store assignment for repository candidate interface com.acleda.training.studentmanagement.features.course.CourseRepository; If you want this repository to be a Redis repository, consider annotating your entities with one of these annotations: org.springframework.data.redis.core.RedisHash (preferred), or consider extending one of the following types with your repository: org.springframework.data.keyvalue.repository.KeyValueRepository
2026-08-17 08:21:33.080 INFO  [NO-REQUEST] [main] o.s.d.r.c.RepositoryConfigurationExtensionSupport - Spring Data Redis - Could not safely identify store assignment for repository candidate interface com.acleda.training.studentmanagement.features.course.offering.CourseOfferingRepository; If you want this repository to be a Redis repository, consider annotating your entities with one of these annotations: org.springframework.data.redis.core.RedisHash (preferred), or consider extending one of the following types with your repository: org.springframework.data.keyvalue.repository.KeyValueRepository
2026-08-17 08:21:33.080 INFO  [NO-REQUEST] [main] o.s.d.r.c.RepositoryConfigurationExtensionSupport - Spring Data Redis - Could not safely identify store assignment for repository candidate interface com.acleda.training.studentmanagement.features.department.DepartmentRepository; If you want this repository to be a Redis repository, consider annotating your entities with one of these annotations: org.springframework.data.redis.core.RedisHash (preferred), or consider extending one of the following types with your repository: org.springframework.data.keyvalue.repository.KeyValueRepository
2026-08-17 08:21:33.080 INFO  [NO-REQUEST] [main] o.s.d.r.c.RepositoryConfigurationExtensionSupport - Spring Data Redis - Could not safely identify store assignment for repository candidate interface com.acleda.training.studentmanagement.features.enrollment.EnrollmentRepository; If you want this repository to be a Redis repository, consider annotating your entities with one of these annotations: org.springframework.data.redis.core.RedisHash (preferred), or consider extending one of the following types with your repository: org.springframework.data.keyvalue.repository.KeyValueRepository
2026-08-17 08:21:33.080 INFO  [NO-REQUEST] [main] o.s.d.r.c.RepositoryConfigurationExtensionSupport - Spring Data Redis - Could not safely identify store assignment for repository candidate interface com.acleda.training.studentmanagement.features.instructor.InstructorRepository; If you want this repository to be a Redis repository, consider annotating your entities with one of these annotations: org.springframework.data.redis.core.RedisHash (preferred), or consider extending one of the following types with your repository: org.springframework.data.keyvalue.repository.KeyValueRepository
2026-08-17 08:21:33.081 INFO  [NO-REQUEST] [main] o.s.d.r.c.RepositoryConfigurationExtensionSupport - Spring Data Redis - Could not safely identify store assignment for repository candidate interface com.acleda.training.studentmanagement.features.student.StudentRepository; If you want this repository to be a Redis repository, consider annotating your entities with one of these annotations: org.springframework.data.redis.core.RedisHash (preferred), or consider extending one of the following types with your repository: org.springframework.data.keyvalue.repository.KeyValueRepository
2026-08-17 08:21:33.081 INFO  [NO-REQUEST] [main] o.s.d.r.c.RepositoryConfigurationDelegate - Finished Spring Data repository scanning in 9 ms. Found 0 Redis repository interfaces.
2026-08-17 08:21:33.571 INFO  [NO-REQUEST] [main] o.s.boot.tomcat.TomcatWebServer - Tomcat initialized with port 8080 (http)
2026-08-17 08:21:33.583 INFO  [NO-REQUEST] [main] o.a.catalina.core.StandardService - Starting service [Tomcat]
2026-08-17 08:21:33.583 INFO  [NO-REQUEST] [main] o.a.catalina.core.StandardEngine - Starting Servlet engine: [Apache Tomcat/11.0.22]
2026-08-17 08:21:33.644 INFO  [NO-REQUEST] [main] o.s.b.w.c.s.WebApplicationContextInitializer - Root WebApplicationContext: initialization completed in 1621 ms
2026-08-17 08:21:33.884 INFO  [NO-REQUEST] [main] org.hibernate.orm.jpa - HHH008540: Processing PersistenceUnitInfo [name: default]
2026-08-17 08:21:33.922 INFO  [NO-REQUEST] [main] org.hibernate.orm.core - HHH000001: Hibernate ORM core version 7.4.1.Final
2026-08-17 08:21:34.251 INFO  [NO-REQUEST] [main] o.s.o.j.p.SpringPersistenceUnitInfo - No LoadTimeWeaver setup: ignoring JPA class transformer
2026-08-17 08:21:34.276 INFO  [NO-REQUEST] [main] com.zaxxer.hikari.HikariDataSource - HikariPool-1 - Starting...
2026-08-17 08:21:34.390 INFO  [NO-REQUEST] [main] com.zaxxer.hikari.pool.HikariPool - HikariPool-1 - Added connection org.postgresql.jdbc.PgConnection@3e24bab6
2026-08-17 08:21:34.391 INFO  [NO-REQUEST] [main] com.zaxxer.hikari.HikariDataSource - HikariPool-1 - Start completed.
2026-08-17 08:21:34.443 INFO  [NO-REQUEST] [main] o.hibernate.orm.connections.pooling - HHH10001005: Database info:
	Database JDBC URL [jdbc:postgresql://localhost:5432/student_management_db]
	Database driver: PostgreSQL JDBC Driver
	Database dialect: PostgreSQLDialect
	Database version: 18.4
	Default catalog/schema: student_management_db/public
	Autocommit mode: undefined/unknown
	Isolation level: READ_COMMITTED [default READ_COMMITTED]
	JDBC fetch size: none
	Pool: DataSourceConnectionProvider
	Minimum pool size: undefined/unknown
	Maximum pool size: undefined/unknown
2026-08-17 08:21:35.313 INFO  [NO-REQUEST] [main] org.hibernate.orm.core - HHH000489: No JTA platform available (set 'hibernate.transaction.jta.platform' to enable JTA platform integration)
2026-08-17 08:21:35.434 INFO  [NO-REQUEST] [main] o.s.o.j.LocalContainerEntityManagerFactoryBean - Initialized JPA EntityManagerFactory for persistence unit 'default'
2026-08-17 08:21:35.488 INFO  [NO-REQUEST] [main] o.s.d.j.r.q.QueryEnhancerFactories - Hibernate is in classpath; If applicable, HQL parser will be used.
2026-08-17 08:21:35.658 TRACE [NO-REQUEST] [main] o.s.t.a.AnnotationTransactionAttributeSource - Adding transactional method 'com.acleda.training.studentmanagement.features.auth.CustomUserDetailsService.loadUserByUsername' with attribute: PROPAGATION_REQUIRED,ISOLATION_DEFAULT,readOnly
2026-08-17 08:21:36.140 INFO  [NO-REQUEST] [main] o.s.s.c.a.a.c.InitializeAuthenticationProviderBeanManagerConfigurer$InitializeAuthenticationProviderManagerConfigurer - Global AuthenticationManager configured with AuthenticationProvider bean with name authenticationProvider
2026-08-17 08:21:36.142 WARN  [NO-REQUEST] [main] o.s.s.c.a.a.c.InitializeUserDetailsBeanManagerConfigurer$InitializeUserDetailsManagerConfigurer - Global AuthenticationManager configured with an AuthenticationProvider bean. UserDetailsService beans will not be used by Spring Security for automatically configuring username/password login. Consider removing the AuthenticationProvider bean. Alternatively, consider using the UserDetailsService in a manually instantiated DaoAuthenticationProvider. If the current configuration is intentional, to turn off this warning, increase the logging level of 'org.springframework.security.config.annotation.authentication.configuration.InitializeUserDetailsBeanManagerConfigurer' to ERROR
2026-08-17 08:21:36.148 TRACE [NO-REQUEST] [main] o.s.t.a.AnnotationTransactionAttributeSource - Adding transactional method 'com.acleda.training.studentmanagement.features.auth.AuthService.register' with attribute: PROPAGATION_REQUIRED,ISOLATION_DEFAULT
2026-08-17 08:21:36.150 TRACE [NO-REQUEST] [main] o.s.t.a.AnnotationTransactionAttributeSource - Adding transactional method 'com.acleda.training.studentmanagement.features.auth.AuthService.refreshToken' with attribute: PROPAGATION_REQUIRED,ISOLATION_DEFAULT,readOnly
2026-08-17 08:21:36.150 TRACE [NO-REQUEST] [main] o.s.t.a.AnnotationTransactionAttributeSource - Adding transactional method 'com.acleda.training.studentmanagement.features.auth.AuthService.login' with attribute: PROPAGATION_REQUIRED,ISOLATION_DEFAULT,readOnly
2026-08-17 08:21:37.217 TRACE [NO-REQUEST] [main] o.s.t.a.AnnotationTransactionAttributeSource - Adding transactional method 'com.acleda.training.studentmanagement.features.course.CourseServiceImpl.createCourse' with attribute: PROPAGATION_REQUIRED,ISOLATION_DEFAULT
2026-08-17 08:21:37.219 TRACE [NO-REQUEST] [main] o.s.t.a.AnnotationTransactionAttributeSource - Adding transactional method 'com.acleda.training.studentmanagement.features.course.CourseServiceImpl.updateCourse' with attribute: PROPAGATION_REQUIRED,ISOLATION_DEFAULT
2026-08-17 08:21:37.219 TRACE [NO-REQUEST] [main] o.s.t.a.AnnotationTransactionAttributeSource - Adding transactional method 'com.acleda.training.studentmanagement.features.course.CourseServiceImpl.getCourseById' with attribute: PROPAGATION_REQUIRED,ISOLATION_DEFAULT,readOnly
2026-08-17 08:21:37.219 TRACE [NO-REQUEST] [main] o.s.t.a.AnnotationTransactionAttributeSource - Adding transactional method 'com.acleda.training.studentmanagement.features.course.CourseServiceImpl.deleteCourse' with attribute: PROPAGATION_REQUIRED,ISOLATION_DEFAULT
2026-08-17 08:21:37.220 TRACE [NO-REQUEST] [main] o.s.t.a.AnnotationTransactionAttributeSource - Adding transactional method 'com.acleda.training.studentmanagement.features.course.CourseServiceImpl.getCourses' with attribute: PROPAGATION_REQUIRED,ISOLATION_DEFAULT,readOnly
2026-08-17 08:21:37.426 TRACE [NO-REQUEST] [main] o.s.t.a.AnnotationTransactionAttributeSource - Adding transactional method 'com.acleda.training.studentmanagement.features.course.offering.CourseOfferingServiceImpl.getCourseOfferingById' with attribute: PROPAGATION_REQUIRED,ISOLATION_DEFAULT,readOnly
2026-08-17 08:21:37.427 TRACE [NO-REQUEST] [main] o.s.t.a.AnnotationTransactionAttributeSource - Adding transactional method 'com.acleda.training.studentmanagement.features.course.offering.CourseOfferingServiceImpl.createCourseOffering' with attribute: PROPAGATION_REQUIRED,ISOLATION_DEFAULT
2026-08-17 08:21:37.428 TRACE [NO-REQUEST] [main] o.s.t.a.AnnotationTransactionAttributeSource - Adding transactional method 'com.acleda.training.studentmanagement.features.course.offering.CourseOfferingServiceImpl.getCourseOfferings' with attribute: PROPAGATION_REQUIRED,ISOLATION_DEFAULT,readOnly
2026-08-17 08:21:37.428 TRACE [NO-REQUEST] [main] o.s.t.a.AnnotationTransactionAttributeSource - Adding transactional method 'com.acleda.training.studentmanagement.features.course.offering.CourseOfferingServiceImpl.updateCourseOffering' with attribute: PROPAGATION_REQUIRED,ISOLATION_DEFAULT
2026-08-17 08:21:37.428 TRACE [NO-REQUEST] [main] o.s.t.a.AnnotationTransactionAttributeSource - Adding transactional method 'com.acleda.training.studentmanagement.features.course.offering.CourseOfferingServiceImpl.deleteCourseOffering' with attribute: PROPAGATION_REQUIRED,ISOLATION_DEFAULT
2026-08-17 08:21:37.438 TRACE [NO-REQUEST] [main] o.s.t.a.AnnotationTransactionAttributeSource - Adding transactional method 'com.acleda.training.studentmanagement.features.department.DepartmentServiceImpl.findDepartment' with attribute: PROPAGATION_REQUIRED,ISOLATION_DEFAULT
2026-08-17 08:21:37.438 TRACE [NO-REQUEST] [main] o.s.t.a.AnnotationTransactionAttributeSource - Adding transactional method 'com.acleda.training.studentmanagement.features.department.DepartmentServiceImpl.getDepartments' with attribute: PROPAGATION_REQUIRED,ISOLATION_DEFAULT,readOnly
2026-08-17 08:21:37.439 TRACE [NO-REQUEST] [main] o.s.t.a.AnnotationTransactionAttributeSource - Adding transactional method 'com.acleda.training.studentmanagement.features.department.DepartmentServiceImpl.createDepartment' with attribute: PROPAGATION_REQUIRED,ISOLATION_DEFAULT
2026-08-17 08:21:37.439 TRACE [NO-REQUEST] [main] o.s.t.a.AnnotationTransactionAttributeSource - Adding transactional method 'com.acleda.training.studentmanagement.features.department.DepartmentServiceImpl.updateDepartmentStatus' with attribute: PROPAGATION_REQUIRED,ISOLATION_DEFAULT
2026-08-17 08:21:37.439 TRACE [NO-REQUEST] [main] o.s.t.a.AnnotationTransactionAttributeSource - Adding transactional method 'com.acleda.training.studentmanagement.features.department.DepartmentServiceImpl.updateDepartment' with attribute: PROPAGATION_REQUIRED,ISOLATION_DEFAULT
2026-08-17 08:21:37.440 TRACE [NO-REQUEST] [main] o.s.t.a.AnnotationTransactionAttributeSource - Adding transactional method 'com.acleda.training.studentmanagement.features.department.DepartmentServiceImpl.getDepartmentById' with attribute: PROPAGATION_REQUIRED,ISOLATION_DEFAULT,readOnly
2026-08-17 08:21:37.440 TRACE [NO-REQUEST] [main] o.s.t.a.AnnotationTransactionAttributeSource - Adding transactional method 'com.acleda.training.studentmanagement.features.department.DepartmentServiceImpl.deleteDepartment' with attribute: PROPAGATION_REQUIRED,ISOLATION_DEFAULT
2026-08-17 08:21:37.527 TRACE [NO-REQUEST] [main] o.s.t.a.AnnotationTransactionAttributeSource - Adding transactional method 'com.acleda.training.studentmanagement.features.enrollment.EnrollmentServiceImpl.findEnrollmentById' with attribute: PROPAGATION_REQUIRED,ISOLATION_DEFAULT
2026-08-17 08:21:37.528 TRACE [NO-REQUEST] [main] o.s.t.a.AnnotationTransactionAttributeSource - Adding transactional method 'com.acleda.training.studentmanagement.features.enrollment.EnrollmentServiceImpl.getEnrollments' with attribute: PROPAGATION_REQUIRED,ISOLATION_DEFAULT,readOnly
2026-08-17 08:21:37.528 TRACE [NO-REQUEST] [main] o.s.t.a.AnnotationTransactionAttributeSource - Adding transactional method 'com.acleda.training.studentmanagement.features.enrollment.EnrollmentServiceImpl.updateEnrollmentResult' with attribute: PROPAGATION_REQUIRED,ISOLATION_DEFAULT
2026-08-17 08:21:37.528 TRACE [NO-REQUEST] [main] o.s.t.a.AnnotationTransactionAttributeSource - Adding transactional method 'com.acleda.training.studentmanagement.features.enrollment.EnrollmentServiceImpl.updateEnrollment' with attribute: PROPAGATION_REQUIRED,ISOLATION_DEFAULT
2026-08-17 08:21:37.528 TRACE [NO-REQUEST] [main] o.s.t.a.AnnotationTransactionAttributeSource - Adding transactional method 'com.acleda.training.studentmanagement.features.enrollment.EnrollmentServiceImpl.getEnrollmentById' with attribute: PROPAGATION_REQUIRED,ISOLATION_DEFAULT,readOnly
2026-08-17 08:21:37.529 TRACE [NO-REQUEST] [main] o.s.t.a.AnnotationTransactionAttributeSource - Adding transactional method 'com.acleda.training.studentmanagement.features.enrollment.EnrollmentServiceImpl.deleteEnrollment' with attribute: PROPAGATION_REQUIRED,ISOLATION_DEFAULT
2026-08-17 08:21:37.529 TRACE [NO-REQUEST] [main] o.s.t.a.AnnotationTransactionAttributeSource - Adding transactional method 'com.acleda.training.studentmanagement.features.enrollment.EnrollmentServiceImpl.createEnrollment' with attribute: PROPAGATION_REQUIRED,ISOLATION_DEFAULT
2026-08-17 08:21:37.529 TRACE [NO-REQUEST] [main] o.s.t.a.AnnotationTransactionAttributeSource - Adding transactional method 'com.acleda.training.studentmanagement.features.enrollment.EnrollmentServiceImpl.testBulkEnrollmentTransaction' with attribute: PROPAGATION_REQUIRED,ISOLATION_DEFAULT
2026-08-17 08:21:37.844 TRACE [NO-REQUEST] [main] o.s.t.a.AnnotationTransactionAttributeSource - Adding transactional method 'com.acleda.training.studentmanagement.features.instructor.InstructorServiceImpl.deleteInstructor' with attribute: PROPAGATION_REQUIRED,ISOLATION_DEFAULT
2026-08-17 08:21:37.845 TRACE [NO-REQUEST] [main] o.s.t.a.AnnotationTransactionAttributeSource - Adding transactional method 'com.acleda.training.studentmanagement.features.instructor.InstructorServiceImpl.createInstructor' with attribute: PROPAGATION_REQUIRED,ISOLATION_DEFAULT
2026-08-17 08:21:37.846 TRACE [NO-REQUEST] [main] o.s.t.a.AnnotationTransactionAttributeSource - Adding transactional method 'com.acleda.training.studentmanagement.features.instructor.InstructorServiceImpl.getInstructors' with attribute: PROPAGATION_REQUIRED,ISOLATION_DEFAULT,readOnly
2026-08-17 08:21:37.846 TRACE [NO-REQUEST] [main] o.s.t.a.AnnotationTransactionAttributeSource - Adding transactional method 'com.acleda.training.studentmanagement.features.instructor.InstructorServiceImpl.getInstructorById' with attribute: PROPAGATION_REQUIRED,ISOLATION_DEFAULT,readOnly
2026-08-17 08:21:37.846 TRACE [NO-REQUEST] [main] o.s.t.a.AnnotationTransactionAttributeSource - Adding transactional method 'com.acleda.training.studentmanagement.features.instructor.InstructorServiceImpl.updateInstructor' with attribute: PROPAGATION_REQUIRED,ISOLATION_DEFAULT
2026-08-17 08:21:37.854 TRACE [NO-REQUEST] [main] o.s.t.a.AnnotationTransactionAttributeSource - Adding transactional method 'com.acleda.training.studentmanagement.features.student.StudentServiceImpl.createStudent' with attribute: PROPAGATION_REQUIRED,ISOLATION_DEFAULT
2026-08-17 08:21:37.855 TRACE [NO-REQUEST] [main] o.s.t.a.AnnotationTransactionAttributeSource - Adding transactional method 'com.acleda.training.studentmanagement.features.student.StudentServiceImpl.getStudentById' with attribute: PROPAGATION_REQUIRED,ISOLATION_DEFAULT,readOnly
2026-08-17 08:21:37.856 TRACE [NO-REQUEST] [main] o.s.t.a.AnnotationTransactionAttributeSource - Adding transactional method 'com.acleda.training.studentmanagement.features.student.StudentServiceImpl.updateStudent' with attribute: PROPAGATION_REQUIRED,ISOLATION_DEFAULT
2026-08-17 08:21:37.856 TRACE [NO-REQUEST] [main] o.s.t.a.AnnotationTransactionAttributeSource - Adding transactional method 'com.acleda.training.studentmanagement.features.student.StudentServiceImpl.deleteStudent' with attribute: PROPAGATION_REQUIRED,ISOLATION_DEFAULT
2026-08-17 08:21:37.856 TRACE [NO-REQUEST] [main] o.s.t.a.AnnotationTransactionAttributeSource - Adding transactional method 'com.acleda.training.studentmanagement.features.student.StudentServiceImpl.getStudents' with attribute: PROPAGATION_REQUIRED,ISOLATION_DEFAULT,readOnly
2026-08-17 08:21:39.091 INFO  [NO-REQUEST] [main] o.s.b.a.e.web.EndpointLinksResolver - Exposing 1 endpoint beneath base path '/actuator'
2026-08-17 08:21:39.192 INFO  [NO-REQUEST] [main] o.s.boot.tomcat.TomcatWebServer - Tomcat started on port 8080 (http) with context path '/'
2026-08-17 08:21:39.202 INFO  [NO-REQUEST] [main] c.a.t.s.StudentManagementApiApplication - Started StudentManagementApiApplication in 7.585 seconds (process running for 8.211)
2026-08-17 08:21:39.211 TRACE [NO-REQUEST] [main] o.s.t.i.TransactionInterceptor - No need to create transaction for [org.springframework.data.jpa.repository.support.SimpleJpaRepository.existsByUsernameIgnoreCase]: This method is not transactional.
2026-08-17 08:21:39.314 DEBUG [NO-REQUEST] [main] org.hibernate.SQL - 
    select
        au1_0.id 
    from
        app_users au1_0 
    where
        upper(au1_0.username)=upper(?) 
    fetch
        first ? rows only
2026-08-17 08:21:39.317 TRACE [NO-REQUEST] [main] org.hibernate.orm.jdbc.bind - binding parameter (1:VARCHAR) <- [admin]
2026-08-17 08:21:39.317 TRACE [NO-REQUEST] [main] org.hibernate.orm.jdbc.bind - binding parameter (2:INTEGER) <- [1]
2026-08-17 08:21:39.723 INFO  [NO-REQUEST] [RMI TCP Connection(3)-192.168.33.1] o.a.c.c.C.[Tomcat].[localhost].[/] - Initializing Spring DispatcherServlet 'dispatcherServlet'
2026-08-17 08:21:39.723 INFO  [NO-REQUEST] [RMI TCP Connection(3)-192.168.33.1] o.s.web.servlet.DispatcherServlet - Initializing Servlet 'dispatcherServlet'
2026-08-17 08:21:39.725 INFO  [NO-REQUEST] [RMI TCP Connection(3)-192.168.33.1] o.s.web.servlet.DispatcherServlet - Completed initialization in 2 ms
2026-08-17 08:21:58.378 DEBUG [NO-REQUEST] [http-nio-8080-exec-2] o.s.orm.jpa.JpaTransactionManager - Creating new transaction with name [com.acleda.training.studentmanagement.features.auth.CustomUserDetailsService.loadUserByUsername]: PROPAGATION_REQUIRED,ISOLATION_DEFAULT,readOnly
2026-08-17 08:21:58.379 DEBUG [NO-REQUEST] [http-nio-8080-exec-2] o.s.orm.jpa.JpaTransactionManager - Opened new EntityManager [SessionImpl(1491173200<open>)] for JPA transaction
2026-08-17 08:21:58.381 DEBUG [NO-REQUEST] [http-nio-8080-exec-2] o.s.orm.jpa.JpaTransactionManager - Exposing JPA transaction as JDBC [org.springframework.orm.jpa.vendor.HibernateJpaDialect$HibernateConnectionHandle@3e307bb3]
2026-08-17 08:21:58.382 TRACE [NO-REQUEST] [http-nio-8080-exec-2] o.s.t.i.TransactionInterceptor - Getting transaction for [com.acleda.training.studentmanagement.features.auth.CustomUserDetailsService.loadUserByUsername]
2026-08-17 08:21:58.382 TRACE [NO-REQUEST] [http-nio-8080-exec-2] o.s.t.i.TransactionInterceptor - No need to create transaction for [org.springframework.data.jpa.repository.support.SimpleJpaRepository.findByUsernameIgnoreCase]: This method is not transactional.
2026-08-17 08:21:58.388 DEBUG [NO-REQUEST] [http-nio-8080-exec-2] org.hibernate.SQL - 
    select
        au1_0.id,
        au1_0.created_at,
        au1_0.enabled,
        au1_0.password,
        au1_0.role,
        au1_0.updated_at,
        au1_0.username 
    from
        app_users au1_0 
    where
        upper(au1_0.username)=upper(?)
2026-08-17 08:21:58.388 TRACE [NO-REQUEST] [http-nio-8080-exec-2] org.hibernate.orm.jdbc.bind - binding parameter (1:VARCHAR) <- [admin]
2026-08-17 08:21:58.404 TRACE [NO-REQUEST] [http-nio-8080-exec-2] o.s.t.i.TransactionInterceptor - Completing transaction for [com.acleda.training.studentmanagement.features.auth.CustomUserDetailsService.loadUserByUsername]
2026-08-17 08:21:58.404 DEBUG [NO-REQUEST] [http-nio-8080-exec-2] o.s.orm.jpa.JpaTransactionManager - Initiating transaction commit
2026-08-17 08:21:58.404 DEBUG [NO-REQUEST] [http-nio-8080-exec-2] o.s.orm.jpa.JpaTransactionManager - Committing JPA transaction on EntityManager [SessionImpl(1491173200<open>)]
2026-08-17 08:21:58.406 DEBUG [NO-REQUEST] [http-nio-8080-exec-2] o.s.orm.jpa.JpaTransactionManager - Closing JPA EntityManager after transaction
2026-08-17 08:21:58.418 INFO  [82029715-da02-4212-84a7-713f263cb9a9] [http-nio-8080-exec-2] c.a.t.s.l.RequestLoggingInterceptor - API REQUEST | Method: POST | URI: /api/v1/enrollments | Query: null
2026-08-17 08:21:58.458 WARN  [82029715-da02-4212-84a7-713f263cb9a9] [http-nio-8080-exec-2] c.a.t.s.e.GlobalExceptionHandler - INVALID JSON | Method: POST | URI: /api/v1/enrollments | Exception: HttpMessageNotReadableException
2026-08-17 08:21:58.491 INFO  [82029715-da02-4212-84a7-713f263cb9a9] [http-nio-8080-exec-2] c.a.t.s.l.RequestLoggingInterceptor - API RESPONSE | Method: POST | URI: /api/v1/enrollments | Status: 400 | Duration: 73ms
2026-08-17 08:22:28.749 INFO  [NO-REQUEST] [SpringApplicationShutdownHook] o.s.boot.tomcat.GracefulShutdown - Commencing graceful shutdown. Waiting for active requests to complete
2026-08-17 08:22:28.758 INFO  [NO-REQUEST] [tomcat-shutdown] o.s.boot.tomcat.GracefulShutdown - Graceful shutdown complete
2026-08-17 08:22:30.793 INFO  [NO-REQUEST] [SpringApplicationShutdownHook] o.s.o.j.LocalContainerEntityManagerFactoryBean - Closing JPA EntityManagerFactory for persistence unit 'default'
2026-08-17 08:22:30.795 INFO  [NO-REQUEST] [SpringApplicationShutdownHook] com.zaxxer.hikari.HikariDataSource - HikariPool-1 - Shutdown initiated...
2026-08-17 08:22:30.797 INFO  [NO-REQUEST] [SpringApplicationShutdownHook] com.zaxxer.hikari.HikariDataSource - HikariPool-1 - Shutdown completed.
2026-08-17 08:22:33.153 INFO  [NO-REQUEST] [main] c.a.t.s.StudentManagementApiApplication - Starting StudentManagementApiApplication using Java 25.0.4 with PID 32124 (D:\student-management-api\build\classes\java\main started by USER in D:\student-management-api)
2026-08-17 08:22:33.155 INFO  [NO-REQUEST] [main] c.a.t.s.StudentManagementApiApplication - No active profile set, falling back to 1 default profile: "default"
2026-08-17 08:22:34.210 INFO  [NO-REQUEST] [main] o.s.d.r.c.RepositoryConfigurationDelegate - Multiple Spring Data modules found, entering strict repository configuration mode
2026-08-17 08:22:34.211 INFO  [NO-REQUEST] [main] o.s.d.r.c.RepositoryConfigurationDelegate - Bootstrapping Spring Data JPA repositories in DEFAULT mode.
2026-08-17 08:22:34.343 INFO  [NO-REQUEST] [main] o.s.d.r.c.RepositoryConfigurationDelegate - Finished Spring Data repository scanning in 125 ms. Found 7 JPA repository interfaces.
2026-08-17 08:22:34.357 INFO  [NO-REQUEST] [main] o.s.d.r.c.RepositoryConfigurationDelegate - Multiple Spring Data modules found, entering strict repository configuration mode
2026-08-17 08:22:34.358 INFO  [NO-REQUEST] [main] o.s.d.r.c.RepositoryConfigurationDelegate - Bootstrapping Spring Data Redis repositories in DEFAULT mode.
2026-08-17 08:22:34.373 INFO  [NO-REQUEST] [main] o.s.d.r.c.RepositoryConfigurationExtensionSupport - Spring Data Redis - Could not safely identify store assignment for repository candidate interface com.acleda.training.studentmanagement.features.auth.AppUserRepository; If you want this repository to be a Redis repository, consider annotating your entities with one of these annotations: org.springframework.data.redis.core.RedisHash (preferred), or consider extending one of the following types with your repository: org.springframework.data.keyvalue.repository.KeyValueRepository
2026-08-17 08:22:34.374 INFO  [NO-REQUEST] [main] o.s.d.r.c.RepositoryConfigurationExtensionSupport - Spring Data Redis - Could not safely identify store assignment for repository candidate interface com.acleda.training.studentmanagement.features.course.CourseRepository; If you want this repository to be a Redis repository, consider annotating your entities with one of these annotations: org.springframework.data.redis.core.RedisHash (preferred), or consider extending one of the following types with your repository: org.springframework.data.keyvalue.repository.KeyValueRepository
2026-08-17 08:22:34.374 INFO  [NO-REQUEST] [main] o.s.d.r.c.RepositoryConfigurationExtensionSupport - Spring Data Redis - Could not safely identify store assignment for repository candidate interface com.acleda.training.studentmanagement.features.course.offering.CourseOfferingRepository; If you want this repository to be a Redis repository, consider annotating your entities with one of these annotations: org.springframework.data.redis.core.RedisHash (preferred), or consider extending one of the following types with your repository: org.springframework.data.keyvalue.repository.KeyValueRepository
2026-08-17 08:22:34.374 INFO  [NO-REQUEST] [main] o.s.d.r.c.RepositoryConfigurationExtensionSupport - Spring Data Redis - Could not safely identify store assignment for repository candidate interface com.acleda.training.studentmanagement.features.department.DepartmentRepository; If you want this repository to be a Redis repository, consider annotating your entities with one of these annotations: org.springframework.data.redis.core.RedisHash (preferred), or consider extending one of the following types with your repository: org.springframework.data.keyvalue.repository.KeyValueRepository
2026-08-17 08:22:34.375 INFO  [NO-REQUEST] [main] o.s.d.r.c.RepositoryConfigurationExtensionSupport - Spring Data Redis - Could not safely identify store assignment for repository candidate interface com.acleda.training.studentmanagement.features.enrollment.EnrollmentRepository; If you want this repository to be a Redis repository, consider annotating your entities with one of these annotations: org.springframework.data.redis.core.RedisHash (preferred), or consider extending one of the following types with your repository: org.springframework.data.keyvalue.repository.KeyValueRepository
2026-08-17 08:22:34.375 INFO  [NO-REQUEST] [main] o.s.d.r.c.RepositoryConfigurationExtensionSupport - Spring Data Redis - Could not safely identify store assignment for repository candidate interface com.acleda.training.studentmanagement.features.instructor.InstructorRepository; If you want this repository to be a Redis repository, consider annotating your entities with one of these annotations: org.springframework.data.redis.core.RedisHash (preferred), or consider extending one of the following types with your repository: org.springframework.data.keyvalue.repository.KeyValueRepository
2026-08-17 08:22:34.375 INFO  [NO-REQUEST] [main] o.s.d.r.c.RepositoryConfigurationExtensionSupport - Spring Data Redis - Could not safely identify store assignment for repository candidate interface com.acleda.training.studentmanagement.features.student.StudentRepository; If you want this repository to be a Redis repository, consider annotating your entities with one of these annotations: org.springframework.data.redis.core.RedisHash (preferred), or consider extending one of the following types with your repository: org.springframework.data.keyvalue.repository.KeyValueRepository
2026-08-17 08:22:34.375 INFO  [NO-REQUEST] [main] o.s.d.r.c.RepositoryConfigurationDelegate - Finished Spring Data repository scanning in 10 ms. Found 0 Redis repository interfaces.
2026-08-17 08:22:34.873 INFO  [NO-REQUEST] [main] o.s.boot.tomcat.TomcatWebServer - Tomcat initialized with port 8080 (http)
2026-08-17 08:22:34.884 INFO  [NO-REQUEST] [main] o.a.catalina.core.StandardService - Starting service [Tomcat]
2026-08-17 08:22:34.884 INFO  [NO-REQUEST] [main] o.a.catalina.core.StandardEngine - Starting Servlet engine: [Apache Tomcat/11.0.22]
2026-08-17 08:22:34.949 INFO  [NO-REQUEST] [main] o.s.b.w.c.s.WebApplicationContextInitializer - Root WebApplicationContext: initialization completed in 1760 ms
2026-08-17 08:22:35.218 INFO  [NO-REQUEST] [main] org.hibernate.orm.jpa - HHH008540: Processing PersistenceUnitInfo [name: default]
2026-08-17 08:22:35.260 INFO  [NO-REQUEST] [main] org.hibernate.orm.core - HHH000001: Hibernate ORM core version 7.4.1.Final
2026-08-17 08:22:35.699 INFO  [NO-REQUEST] [main] o.s.o.j.p.SpringPersistenceUnitInfo - No LoadTimeWeaver setup: ignoring JPA class transformer
2026-08-17 08:22:35.730 INFO  [NO-REQUEST] [main] com.zaxxer.hikari.HikariDataSource - HikariPool-1 - Starting...
2026-08-17 08:22:35.896 INFO  [NO-REQUEST] [main] com.zaxxer.hikari.pool.HikariPool - HikariPool-1 - Added connection org.postgresql.jdbc.PgConnection@4add4dff
2026-08-17 08:22:35.897 INFO  [NO-REQUEST] [main] com.zaxxer.hikari.HikariDataSource - HikariPool-1 - Start completed.
2026-08-17 08:22:35.969 INFO  [NO-REQUEST] [main] o.hibernate.orm.connections.pooling - HHH10001005: Database info:
	Database JDBC URL [jdbc:postgresql://localhost:5432/student_management_db]
	Database driver: PostgreSQL JDBC Driver
	Database dialect: PostgreSQLDialect
	Database version: 18.4
	Default catalog/schema: student_management_db/public
	Autocommit mode: undefined/unknown
	Isolation level: READ_COMMITTED [default READ_COMMITTED]
	JDBC fetch size: none
	Pool: DataSourceConnectionProvider
	Minimum pool size: undefined/unknown
	Maximum pool size: undefined/unknown
2026-08-17 08:22:36.965 INFO  [NO-REQUEST] [main] org.hibernate.orm.core - HHH000489: No JTA platform available (set 'hibernate.transaction.jta.platform' to enable JTA platform integration)
2026-08-17 08:22:37.057 INFO  [NO-REQUEST] [main] o.s.o.j.LocalContainerEntityManagerFactoryBean - Initialized JPA EntityManagerFactory for persistence unit 'default'
2026-08-17 08:22:37.108 INFO  [NO-REQUEST] [main] o.s.d.j.r.q.QueryEnhancerFactories - Hibernate is in classpath; If applicable, HQL parser will be used.
2026-08-17 08:22:37.240 TRACE [NO-REQUEST] [main] o.s.t.a.AnnotationTransactionAttributeSource - Adding transactional method 'com.acleda.training.studentmanagement.features.auth.CustomUserDetailsService.loadUserByUsername' with attribute: PROPAGATION_REQUIRED,ISOLATION_DEFAULT,readOnly
2026-08-17 08:22:37.600 INFO  [NO-REQUEST] [main] o.s.s.c.a.a.c.InitializeAuthenticationProviderBeanManagerConfigurer$InitializeAuthenticationProviderManagerConfigurer - Global AuthenticationManager configured with AuthenticationProvider bean with name authenticationProvider
2026-08-17 08:22:37.601 WARN  [NO-REQUEST] [main] o.s.s.c.a.a.c.InitializeUserDetailsBeanManagerConfigurer$InitializeUserDetailsManagerConfigurer - Global AuthenticationManager configured with an AuthenticationProvider bean. UserDetailsService beans will not be used by Spring Security for automatically configuring username/password login. Consider removing the AuthenticationProvider bean. Alternatively, consider using the UserDetailsService in a manually instantiated DaoAuthenticationProvider. If the current configuration is intentional, to turn off this warning, increase the logging level of 'org.springframework.security.config.annotation.authentication.configuration.InitializeUserDetailsBeanManagerConfigurer' to ERROR
2026-08-17 08:22:37.606 TRACE [NO-REQUEST] [main] o.s.t.a.AnnotationTransactionAttributeSource - Adding transactional method 'com.acleda.training.studentmanagement.features.auth.AuthService.register' with attribute: PROPAGATION_REQUIRED,ISOLATION_DEFAULT
2026-08-17 08:22:37.607 TRACE [NO-REQUEST] [main] o.s.t.a.AnnotationTransactionAttributeSource - Adding transactional method 'com.acleda.training.studentmanagement.features.auth.AuthService.login' with attribute: PROPAGATION_REQUIRED,ISOLATION_DEFAULT,readOnly
2026-08-17 08:22:37.608 TRACE [NO-REQUEST] [main] o.s.t.a.AnnotationTransactionAttributeSource - Adding transactional method 'com.acleda.training.studentmanagement.features.auth.AuthService.refreshToken' with attribute: PROPAGATION_REQUIRED,ISOLATION_DEFAULT,readOnly
2026-08-17 08:22:38.488 TRACE [NO-REQUEST] [main] o.s.t.a.AnnotationTransactionAttributeSource - Adding transactional method 'com.acleda.training.studentmanagement.features.course.CourseServiceImpl.deleteCourse' with attribute: PROPAGATION_REQUIRED,ISOLATION_DEFAULT
2026-08-17 08:22:38.489 TRACE [NO-REQUEST] [main] o.s.t.a.AnnotationTransactionAttributeSource - Adding transactional method 'com.acleda.training.studentmanagement.features.course.CourseServiceImpl.updateCourse' with attribute: PROPAGATION_REQUIRED,ISOLATION_DEFAULT
2026-08-17 08:22:38.490 TRACE [NO-REQUEST] [main] o.s.t.a.AnnotationTransactionAttributeSource - Adding transactional method 'com.acleda.training.studentmanagement.features.course.CourseServiceImpl.createCourse' with attribute: PROPAGATION_REQUIRED,ISOLATION_DEFAULT
2026-08-17 08:22:38.490 TRACE [NO-REQUEST] [main] o.s.t.a.AnnotationTransactionAttributeSource - Adding transactional method 'com.acleda.training.studentmanagement.features.course.CourseServiceImpl.getCourseById' with attribute: PROPAGATION_REQUIRED,ISOLATION_DEFAULT,readOnly
2026-08-17 08:22:38.490 TRACE [NO-REQUEST] [main] o.s.t.a.AnnotationTransactionAttributeSource - Adding transactional method 'com.acleda.training.studentmanagement.features.course.CourseServiceImpl.getCourses' with attribute: PROPAGATION_REQUIRED,ISOLATION_DEFAULT,readOnly
2026-08-17 08:22:38.705 TRACE [NO-REQUEST] [main] o.s.t.a.AnnotationTransactionAttributeSource - Adding transactional method 'com.acleda.training.studentmanagement.features.course.offering.CourseOfferingServiceImpl.createCourseOffering' with attribute: PROPAGATION_REQUIRED,ISOLATION_DEFAULT
2026-08-17 08:22:38.707 TRACE [NO-REQUEST] [main] o.s.t.a.AnnotationTransactionAttributeSource - Adding transactional method 'com.acleda.training.studentmanagement.features.course.offering.CourseOfferingServiceImpl.getCourseOfferingById' with attribute: PROPAGATION_REQUIRED,ISOLATION_DEFAULT,readOnly
2026-08-17 08:22:38.707 TRACE [NO-REQUEST] [main] o.s.t.a.AnnotationTransactionAttributeSource - Adding transactional method 'com.acleda.training.studentmanagement.features.course.offering.CourseOfferingServiceImpl.getCourseOfferings' with attribute: PROPAGATION_REQUIRED,ISOLATION_DEFAULT,readOnly
2026-08-17 08:22:38.707 TRACE [NO-REQUEST] [main] o.s.t.a.AnnotationTransactionAttributeSource - Adding transactional method 'com.acleda.training.studentmanagement.features.course.offering.CourseOfferingServiceImpl.updateCourseOffering' with attribute: PROPAGATION_REQUIRED,ISOLATION_DEFAULT
2026-08-17 08:22:38.707 TRACE [NO-REQUEST] [main] o.s.t.a.AnnotationTransactionAttributeSource - Adding transactional method 'com.acleda.training.studentmanagement.features.course.offering.CourseOfferingServiceImpl.deleteCourseOffering' with attribute: PROPAGATION_REQUIRED,ISOLATION_DEFAULT
2026-08-17 08:22:38.715 TRACE [NO-REQUEST] [main] o.s.t.a.AnnotationTransactionAttributeSource - Adding transactional method 'com.acleda.training.studentmanagement.features.department.DepartmentServiceImpl.findDepartment' with attribute: PROPAGATION_REQUIRED,ISOLATION_DEFAULT
2026-08-17 08:22:38.716 TRACE [NO-REQUEST] [main] o.s.t.a.AnnotationTransactionAttributeSource - Adding transactional method 'com.acleda.training.studentmanagement.features.department.DepartmentServiceImpl.updateDepartmentStatus' with attribute: PROPAGATION_REQUIRED,ISOLATION_DEFAULT
2026-08-17 08:22:38.716 TRACE [NO-REQUEST] [main] o.s.t.a.AnnotationTransactionAttributeSource - Adding transactional method 'com.acleda.training.studentmanagement.features.department.DepartmentServiceImpl.updateDepartment' with attribute: PROPAGATION_REQUIRED,ISOLATION_DEFAULT
2026-08-17 08:22:38.717 TRACE [NO-REQUEST] [main] o.s.t.a.AnnotationTransactionAttributeSource - Adding transactional method 'com.acleda.training.studentmanagement.features.department.DepartmentServiceImpl.getDepartments' with attribute: PROPAGATION_REQUIRED,ISOLATION_DEFAULT,readOnly
2026-08-17 08:22:38.717 TRACE [NO-REQUEST] [main] o.s.t.a.AnnotationTransactionAttributeSource - Adding transactional method 'com.acleda.training.studentmanagement.features.department.DepartmentServiceImpl.createDepartment' with attribute: PROPAGATION_REQUIRED,ISOLATION_DEFAULT
2026-08-17 08:22:38.717 TRACE [NO-REQUEST] [main] o.s.t.a.AnnotationTransactionAttributeSource - Adding transactional method 'com.acleda.training.studentmanagement.features.department.DepartmentServiceImpl.getDepartmentById' with attribute: PROPAGATION_REQUIRED,ISOLATION_DEFAULT,readOnly
2026-08-17 08:22:38.717 TRACE [NO-REQUEST] [main] o.s.t.a.AnnotationTransactionAttributeSource - Adding transactional method 'com.acleda.training.studentmanagement.features.department.DepartmentServiceImpl.deleteDepartment' with attribute: PROPAGATION_REQUIRED,ISOLATION_DEFAULT
2026-08-17 08:22:38.797 TRACE [NO-REQUEST] [main] o.s.t.a.AnnotationTransactionAttributeSource - Adding transactional method 'com.acleda.training.studentmanagement.features.enrollment.EnrollmentServiceImpl.getEnrollments' with attribute: PROPAGATION_REQUIRED,ISOLATION_DEFAULT,readOnly
2026-08-17 08:22:38.798 TRACE [NO-REQUEST] [main] o.s.t.a.AnnotationTransactionAttributeSource - Adding transactional method 'com.acleda.training.studentmanagement.features.enrollment.EnrollmentServiceImpl.updateEnrollmentResult' with attribute: PROPAGATION_REQUIRED,ISOLATION_DEFAULT
2026-08-17 08:22:38.798 TRACE [NO-REQUEST] [main] o.s.t.a.AnnotationTransactionAttributeSource - Adding transactional method 'com.acleda.training.studentmanagement.features.enrollment.EnrollmentServiceImpl.deleteEnrollment' with attribute: PROPAGATION_REQUIRED,ISOLATION_DEFAULT
2026-08-17 08:22:38.798 TRACE [NO-REQUEST] [main] o.s.t.a.AnnotationTransactionAttributeSource - Adding transactional method 'com.acleda.training.studentmanagement.features.enrollment.EnrollmentServiceImpl.getEnrollmentById' with attribute: PROPAGATION_REQUIRED,ISOLATION_DEFAULT,readOnly
2026-08-17 08:22:38.798 TRACE [NO-REQUEST] [main] o.s.t.a.AnnotationTransactionAttributeSource - Adding transactional method 'com.acleda.training.studentmanagement.features.enrollment.EnrollmentServiceImpl.createEnrollment' with attribute: PROPAGATION_REQUIRED,ISOLATION_DEFAULT
2026-08-17 08:22:38.799 TRACE [NO-REQUEST] [main] o.s.t.a.AnnotationTransactionAttributeSource - Adding transactional method 'com.acleda.training.studentmanagement.features.enrollment.EnrollmentServiceImpl.updateEnrollment' with attribute: PROPAGATION_REQUIRED,ISOLATION_DEFAULT
2026-08-17 08:22:38.799 TRACE [NO-REQUEST] [main] o.s.t.a.AnnotationTransactionAttributeSource - Adding transactional method 'com.acleda.training.studentmanagement.features.enrollment.EnrollmentServiceImpl.testBulkEnrollmentTransaction' with attribute: PROPAGATION_REQUIRED,ISOLATION_DEFAULT
2026-08-17 08:22:39.055 TRACE [NO-REQUEST] [main] o.s.t.a.AnnotationTransactionAttributeSource - Adding transactional method 'com.acleda.training.studentmanagement.features.instructor.InstructorServiceImpl.updateInstructor' with attribute: PROPAGATION_REQUIRED,ISOLATION_DEFAULT
2026-08-17 08:22:39.056 TRACE [NO-REQUEST] [main] o.s.t.a.AnnotationTransactionAttributeSource - Adding transactional method 'com.acleda.training.studentmanagement.features.instructor.InstructorServiceImpl.getInstructorById' with attribute: PROPAGATION_REQUIRED,ISOLATION_DEFAULT,readOnly
2026-08-17 08:22:39.056 TRACE [NO-REQUEST] [main] o.s.t.a.AnnotationTransactionAttributeSource - Adding transactional method 'com.acleda.training.studentmanagement.features.instructor.InstructorServiceImpl.getInstructors' with attribute: PROPAGATION_REQUIRED,ISOLATION_DEFAULT,readOnly
2026-08-17 08:22:39.056 TRACE [NO-REQUEST] [main] o.s.t.a.AnnotationTransactionAttributeSource - Adding transactional method 'com.acleda.training.studentmanagement.features.instructor.InstructorServiceImpl.deleteInstructor' with attribute: PROPAGATION_REQUIRED,ISOLATION_DEFAULT
2026-08-17 08:22:39.056 TRACE [NO-REQUEST] [main] o.s.t.a.AnnotationTransactionAttributeSource - Adding transactional method 'com.acleda.training.studentmanagement.features.instructor.InstructorServiceImpl.createInstructor' with attribute: PROPAGATION_REQUIRED,ISOLATION_DEFAULT
2026-08-17 08:22:39.063 TRACE [NO-REQUEST] [main] o.s.t.a.AnnotationTransactionAttributeSource - Adding transactional method 'com.acleda.training.studentmanagement.features.student.StudentServiceImpl.getStudents' with attribute: PROPAGATION_REQUIRED,ISOLATION_DEFAULT,readOnly
2026-08-17 08:22:39.063 TRACE [NO-REQUEST] [main] o.s.t.a.AnnotationTransactionAttributeSource - Adding transactional method 'com.acleda.training.studentmanagement.features.student.StudentServiceImpl.createStudent' with attribute: PROPAGATION_REQUIRED,ISOLATION_DEFAULT
2026-08-17 08:22:39.063 TRACE [NO-REQUEST] [main] o.s.t.a.AnnotationTransactionAttributeSource - Adding transactional method 'com.acleda.training.studentmanagement.features.student.StudentServiceImpl.updateStudent' with attribute: PROPAGATION_REQUIRED,ISOLATION_DEFAULT
2026-08-17 08:22:39.064 TRACE [NO-REQUEST] [main] o.s.t.a.AnnotationTransactionAttributeSource - Adding transactional method 'com.acleda.training.studentmanagement.features.student.StudentServiceImpl.getStudentById' with attribute: PROPAGATION_REQUIRED,ISOLATION_DEFAULT,readOnly
2026-08-17 08:22:39.064 TRACE [NO-REQUEST] [main] o.s.t.a.AnnotationTransactionAttributeSource - Adding transactional method 'com.acleda.training.studentmanagement.features.student.StudentServiceImpl.deleteStudent' with attribute: PROPAGATION_REQUIRED,ISOLATION_DEFAULT
2026-08-17 08:22:40.048 INFO  [NO-REQUEST] [main] o.s.b.a.e.web.EndpointLinksResolver - Exposing 1 endpoint beneath base path '/actuator'
2026-08-17 08:22:40.119 INFO  [NO-REQUEST] [main] o.s.boot.tomcat.TomcatWebServer - Tomcat started on port 8080 (http) with context path '/'
2026-08-17 08:22:40.129 INFO  [NO-REQUEST] [main] c.a.t.s.StudentManagementApiApplication - Started StudentManagementApiApplication in 7.33 seconds (process running for 7.986)
2026-08-17 08:22:40.135 TRACE [NO-REQUEST] [main] o.s.t.i.TransactionInterceptor - No need to create transaction for [org.springframework.data.jpa.repository.support.SimpleJpaRepository.existsByUsernameIgnoreCase]: This method is not transactional.
2026-08-17 08:22:40.211 DEBUG [NO-REQUEST] [main] org.hibernate.SQL - 
    select
        au1_0.id 
    from
        app_users au1_0 
    where
        upper(au1_0.username)=upper(?) 
    fetch
        first ? rows only
2026-08-17 08:22:40.213 TRACE [NO-REQUEST] [main] org.hibernate.orm.jdbc.bind - binding parameter (1:VARCHAR) <- [admin]
2026-08-17 08:22:40.213 TRACE [NO-REQUEST] [main] org.hibernate.orm.jdbc.bind - binding parameter (2:INTEGER) <- [1]
2026-08-17 08:22:40.374 INFO  [NO-REQUEST] [RMI TCP Connection(3)-192.168.33.1] o.a.c.c.C.[Tomcat].[localhost].[/] - Initializing Spring DispatcherServlet 'dispatcherServlet'
2026-08-17 08:22:40.374 INFO  [NO-REQUEST] [RMI TCP Connection(3)-192.168.33.1] o.s.web.servlet.DispatcherServlet - Initializing Servlet 'dispatcherServlet'
2026-08-17 08:22:40.375 INFO  [NO-REQUEST] [RMI TCP Connection(3)-192.168.33.1] o.s.web.servlet.DispatcherServlet - Completed initialization in 1 ms
2026-08-17 08:22:48.808 DEBUG [NO-REQUEST] [http-nio-8080-exec-2] o.s.orm.jpa.JpaTransactionManager - Creating new transaction with name [com.acleda.training.studentmanagement.features.auth.CustomUserDetailsService.loadUserByUsername]: PROPAGATION_REQUIRED,ISOLATION_DEFAULT,readOnly
2026-08-17 08:22:48.809 DEBUG [NO-REQUEST] [http-nio-8080-exec-2] o.s.orm.jpa.JpaTransactionManager - Opened new EntityManager [SessionImpl(1699487228<open>)] for JPA transaction
2026-08-17 08:22:48.812 DEBUG [NO-REQUEST] [http-nio-8080-exec-2] o.s.orm.jpa.JpaTransactionManager - Exposing JPA transaction as JDBC [org.springframework.orm.jpa.vendor.HibernateJpaDialect$HibernateConnectionHandle@1bc87761]
2026-08-17 08:22:48.812 TRACE [NO-REQUEST] [http-nio-8080-exec-2] o.s.t.i.TransactionInterceptor - Getting transaction for [com.acleda.training.studentmanagement.features.auth.CustomUserDetailsService.loadUserByUsername]
2026-08-17 08:22:48.813 TRACE [NO-REQUEST] [http-nio-8080-exec-2] o.s.t.i.TransactionInterceptor - No need to create transaction for [org.springframework.data.jpa.repository.support.SimpleJpaRepository.findByUsernameIgnoreCase]: This method is not transactional.
2026-08-17 08:22:48.820 DEBUG [NO-REQUEST] [http-nio-8080-exec-2] org.hibernate.SQL - 
    select
        au1_0.id,
        au1_0.created_at,
        au1_0.enabled,
        au1_0.password,
        au1_0.role,
        au1_0.updated_at,
        au1_0.username 
    from
        app_users au1_0 
    where
        upper(au1_0.username)=upper(?)
2026-08-17 08:22:48.820 TRACE [NO-REQUEST] [http-nio-8080-exec-2] org.hibernate.orm.jdbc.bind - binding parameter (1:VARCHAR) <- [admin]
2026-08-17 08:22:48.836 TRACE [NO-REQUEST] [http-nio-8080-exec-2] o.s.t.i.TransactionInterceptor - Completing transaction for [com.acleda.training.studentmanagement.features.auth.CustomUserDetailsService.loadUserByUsername]
2026-08-17 08:22:48.836 DEBUG [NO-REQUEST] [http-nio-8080-exec-2] o.s.orm.jpa.JpaTransactionManager - Initiating transaction commit
2026-08-17 08:22:48.837 DEBUG [NO-REQUEST] [http-nio-8080-exec-2] o.s.orm.jpa.JpaTransactionManager - Committing JPA transaction on EntityManager [SessionImpl(1699487228<open>)]
2026-08-17 08:22:48.839 DEBUG [NO-REQUEST] [http-nio-8080-exec-2] o.s.orm.jpa.JpaTransactionManager - Closing JPA EntityManager after transaction
2026-08-17 08:22:48.854 INFO  [51c840ff-f576-465b-8ad4-3d7e569ac0d6] [http-nio-8080-exec-2] c.a.t.s.l.RequestLoggingInterceptor - API REQUEST | Method: POST | URI: /api/v1/enrollments/transaction-test | Query: null
2026-08-17 08:22:48.904 WARN  [51c840ff-f576-465b-8ad4-3d7e569ac0d6] [http-nio-8080-exec-2] o.h.v.i.m.a.CascadingMetaDataBuilder - HV000271: Using `@Valid` on a container (java.util.List) is deprecated. You should apply the annotation on the type argument(s). Affected element: EnrollmentController#testTransaction(List, HttpServletRequest)
2026-08-17 08:22:48.956 DEBUG [51c840ff-f576-465b-8ad4-3d7e569ac0d6] [http-nio-8080-exec-2] o.s.orm.jpa.JpaTransactionManager - Creating new transaction with name [com.acleda.training.studentmanagement.features.enrollment.EnrollmentServiceImpl.testBulkEnrollmentTransaction]: PROPAGATION_REQUIRED,ISOLATION_DEFAULT
2026-08-17 08:22:48.956 DEBUG [51c840ff-f576-465b-8ad4-3d7e569ac0d6] [http-nio-8080-exec-2] o.s.orm.jpa.JpaTransactionManager - Opened new EntityManager [SessionImpl(359419426<open>)] for JPA transaction
2026-08-17 08:22:48.957 DEBUG [51c840ff-f576-465b-8ad4-3d7e569ac0d6] [http-nio-8080-exec-2] o.s.orm.jpa.JpaTransactionManager - Exposing JPA transaction as JDBC [org.springframework.orm.jpa.vendor.HibernateJpaDialect$HibernateConnectionHandle@6dc068d]
2026-08-17 08:22:48.957 TRACE [51c840ff-f576-465b-8ad4-3d7e569ac0d6] [http-nio-8080-exec-2] o.s.t.i.TransactionInterceptor - Getting transaction for [com.acleda.training.studentmanagement.features.enrollment.EnrollmentServiceImpl.testBulkEnrollmentTransaction]
2026-08-17 08:22:48.957 TRACE [51c840ff-f576-465b-8ad4-3d7e569ac0d6] [http-nio-8080-exec-2] o.s.t.i.TransactionInterceptor - No need to create transaction for [org.springframework.data.jpa.repository.support.SimpleJpaRepository.findByIdAndDeletedFalse]: This method is not transactional.
2026-08-17 08:22:48.964 DEBUG [51c840ff-f576-465b-8ad4-3d7e569ac0d6] [http-nio-8080-exec-2] org.hibernate.SQL - 
    select
        s1_0.id,
        s1_0.address,
        s1_0.created_at,
        s1_0.date_of_birth,
        s1_0.deleted,
        s1_0.email,
        s1_0.enrolled_at,
        s1_0.first_name,
        s1_0.gender,
        s1_0.last_name,
        s1_0.phone_number,
        s1_0.status,
        s1_0.student_code,
        s1_0.updated_at 
    from
        students s1_0 
    where
        s1_0.id=? 
        and s1_0.deleted=false
2026-08-17 08:22:48.964 TRACE [51c840ff-f576-465b-8ad4-3d7e569ac0d6] [http-nio-8080-exec-2] org.hibernate.orm.jdbc.bind - binding parameter (1:UUID) <- [eaafb7fd-ab7c-455c-95ff-51c4c714f683]
2026-08-17 08:22:48.970 TRACE [51c840ff-f576-465b-8ad4-3d7e569ac0d6] [http-nio-8080-exec-2] o.s.t.i.TransactionInterceptor - No need to create transaction for [org.springframework.data.jpa.repository.support.SimpleJpaRepository.findByIdAndDeletedFalse]: This method is not transactional.
2026-08-17 08:22:48.978 DEBUG [51c840ff-f576-465b-8ad4-3d7e569ac0d6] [http-nio-8080-exec-2] org.hibernate.SQL - 
    select
        c1_0.id,
        c1_0.code,
        c1_0.created_at,
        c1_0.credit,
        c1_0.deleted,
        c1_0.department_id,
        c1_0.description,
        c1_0.name,
        c1_0.updated_at 
    from
        courses c1_0 
    where
        c1_0.id=? 
        and c1_0.deleted=false
2026-08-17 08:22:48.979 TRACE [51c840ff-f576-465b-8ad4-3d7e569ac0d6] [http-nio-8080-exec-2] org.hibernate.orm.jdbc.bind - binding parameter (1:UUID) <- [72f6533a-e46f-4207-a747-de920ef76fab]
2026-08-17 08:22:48.987 TRACE [51c840ff-f576-465b-8ad4-3d7e569ac0d6] [http-nio-8080-exec-2] o.s.t.i.TransactionInterceptor - No need to create transaction for [org.springframework.data.jpa.repository.support.SimpleJpaRepository.existsByStudent_IdAndCourse_IdAndSemesterAndAcademicYearAndDeletedFalse]: This method is not transactional.
2026-08-17 08:22:48.991 DEBUG [51c840ff-f576-465b-8ad4-3d7e569ac0d6] [http-nio-8080-exec-2] org.hibernate.SQL - 
    select
        e1_0.id 
    from
        enrollments e1_0 
    where
        e1_0.student_id=? 
        and e1_0.course_id=? 
        and e1_0.semester=? 
        and e1_0.academic_year=? 
        and e1_0.deleted=false 
    fetch
        first ? rows only
2026-08-17 08:22:48.991 TRACE [51c840ff-f576-465b-8ad4-3d7e569ac0d6] [http-nio-8080-exec-2] org.hibernate.orm.jdbc.bind - binding parameter (1:UUID) <- [eaafb7fd-ab7c-455c-95ff-51c4c714f683]
2026-08-17 08:22:48.991 TRACE [51c840ff-f576-465b-8ad4-3d7e569ac0d6] [http-nio-8080-exec-2] org.hibernate.orm.jdbc.bind - binding parameter (2:UUID) <- [72f6533a-e46f-4207-a747-de920ef76fab]
2026-08-17 08:22:48.991 TRACE [51c840ff-f576-465b-8ad4-3d7e569ac0d6] [http-nio-8080-exec-2] org.hibernate.orm.jdbc.bind - binding parameter (3:VARCHAR) <- [SEMESTER_1]
2026-08-17 08:22:48.991 TRACE [51c840ff-f576-465b-8ad4-3d7e569ac0d6] [http-nio-8080-exec-2] org.hibernate.orm.jdbc.bind - binding parameter (4:VARCHAR) <- [2026-2027]
2026-08-17 08:22:48.991 TRACE [51c840ff-f576-465b-8ad4-3d7e569ac0d6] [http-nio-8080-exec-2] org.hibernate.orm.jdbc.bind - binding parameter (5:INTEGER) <- [1]
2026-08-17 08:22:48.998 DEBUG [51c840ff-f576-465b-8ad4-3d7e569ac0d6] [http-nio-8080-exec-2] o.s.orm.jpa.JpaTransactionManager - Found thread-bound EntityManager [SessionImpl(359419426<open>)] for JPA transaction
2026-08-17 08:22:48.999 DEBUG [51c840ff-f576-465b-8ad4-3d7e569ac0d6] [http-nio-8080-exec-2] o.s.orm.jpa.JpaTransactionManager - Participating in existing transaction
2026-08-17 08:22:48.999 TRACE [51c840ff-f576-465b-8ad4-3d7e569ac0d6] [http-nio-8080-exec-2] o.s.t.i.TransactionInterceptor - Getting transaction for [org.springframework.data.jpa.repository.support.SimpleJpaRepository.saveAndFlush]
2026-08-17 08:22:49.016 DEBUG [51c840ff-f576-465b-8ad4-3d7e569ac0d6] [http-nio-8080-exec-2] org.hibernate.SQL - 
    insert 
    into
        enrollments
        (academic_year, course_id, created_at, deleted, enrollment_date, grade, score, semester, status, student_id, updated_at, id) 
    values
        (?, ?, ?, ?, ?, ?, ?, ?, ?, ?, ?, ?)
2026-08-17 08:22:49.017 TRACE [51c840ff-f576-465b-8ad4-3d7e569ac0d6] [http-nio-8080-exec-2] org.hibernate.orm.jdbc.bind - binding parameter (1:VARCHAR) <- [2026-2027]
2026-08-17 08:22:49.017 TRACE [51c840ff-f576-465b-8ad4-3d7e569ac0d6] [http-nio-8080-exec-2] org.hibernate.orm.jdbc.bind - binding parameter (2:UUID) <- [72f6533a-e46f-4207-a747-de920ef76fab]
2026-08-17 08:22:49.018 TRACE [51c840ff-f576-465b-8ad4-3d7e569ac0d6] [http-nio-8080-exec-2] org.hibernate.orm.jdbc.bind - binding parameter (3:TIMESTAMP_UTC) <- [2026-08-17T01:22:49.010372Z]
2026-08-17 08:22:49.018 TRACE [51c840ff-f576-465b-8ad4-3d7e569ac0d6] [http-nio-8080-exec-2] org.hibernate.orm.jdbc.bind - binding parameter (4:BOOLEAN) <- [false]
2026-08-17 08:22:49.018 TRACE [51c840ff-f576-465b-8ad4-3d7e569ac0d6] [http-nio-8080-exec-2] org.hibernate.orm.jdbc.bind - binding parameter (5:DATE) <- [2026-08-17]
2026-08-17 08:22:49.018 TRACE [51c840ff-f576-465b-8ad4-3d7e569ac0d6] [http-nio-8080-exec-2] org.hibernate.orm.jdbc.bind - binding parameter (6:VARCHAR) <- [null]
2026-08-17 08:22:49.018 TRACE [51c840ff-f576-465b-8ad4-3d7e569ac0d6] [http-nio-8080-exec-2] org.hibernate.orm.jdbc.bind - binding parameter (7:DOUBLE) <- [null]
2026-08-17 08:22:49.018 TRACE [51c840ff-f576-465b-8ad4-3d7e569ac0d6] [http-nio-8080-exec-2] org.hibernate.orm.jdbc.bind - binding parameter (8:VARCHAR) <- [SEMESTER_1]
2026-08-17 08:22:49.018 TRACE [51c840ff-f576-465b-8ad4-3d7e569ac0d6] [http-nio-8080-exec-2] org.hibernate.orm.jdbc.bind - binding parameter (9:VARCHAR) <- [ENROLLED]
2026-08-17 08:22:49.018 TRACE [51c840ff-f576-465b-8ad4-3d7e569ac0d6] [http-nio-8080-exec-2] org.hibernate.orm.jdbc.bind - binding parameter (10:UUID) <- [eaafb7fd-ab7c-455c-95ff-51c4c714f683]
2026-08-17 08:22:49.019 TRACE [51c840ff-f576-465b-8ad4-3d7e569ac0d6] [http-nio-8080-exec-2] org.hibernate.orm.jdbc.bind - binding parameter (11:TIMESTAMP_UTC) <- [2026-08-17T01:22:49.010372Z]
2026-08-17 08:22:49.019 TRACE [51c840ff-f576-465b-8ad4-3d7e569ac0d6] [http-nio-8080-exec-2] org.hibernate.orm.jdbc.bind - binding parameter (12:UUID) <- [212b34a7-b7ee-44df-a420-3e62cbf7bb88]
2026-08-17 08:22:49.022 TRACE [51c840ff-f576-465b-8ad4-3d7e569ac0d6] [http-nio-8080-exec-2] o.s.t.i.TransactionInterceptor - Completing transaction for [org.springframework.data.jpa.repository.support.SimpleJpaRepository.saveAndFlush]
2026-08-17 08:22:49.023 TRACE [51c840ff-f576-465b-8ad4-3d7e569ac0d6] [http-nio-8080-exec-2] o.s.t.i.TransactionInterceptor - No need to create transaction for [org.springframework.data.jpa.repository.support.SimpleJpaRepository.findByIdAndDeletedFalse]: This method is not transactional.
2026-08-17 08:22:49.024 DEBUG [51c840ff-f576-465b-8ad4-3d7e569ac0d6] [http-nio-8080-exec-2] org.hibernate.SQL - 
    select
        s1_0.id,
        s1_0.address,
        s1_0.created_at,
        s1_0.date_of_birth,
        s1_0.deleted,
        s1_0.email,
        s1_0.enrolled_at,
        s1_0.first_name,
        s1_0.gender,
        s1_0.last_name,
        s1_0.phone_number,
        s1_0.status,
        s1_0.student_code,
        s1_0.updated_at 
    from
        students s1_0 
    where
        s1_0.id=? 
        and s1_0.deleted=false
2026-08-17 08:22:49.024 TRACE [51c840ff-f576-465b-8ad4-3d7e569ac0d6] [http-nio-8080-exec-2] org.hibernate.orm.jdbc.bind - binding parameter (1:UUID) <- [40b8cd1a-1fdc-4adb-aec1-a8f6b0a9465e]
2026-08-17 08:22:49.026 TRACE [51c840ff-f576-465b-8ad4-3d7e569ac0d6] [http-nio-8080-exec-2] o.s.t.i.TransactionInterceptor - No need to create transaction for [org.springframework.data.jpa.repository.support.SimpleJpaRepository.findByIdAndDeletedFalse]: This method is not transactional.
2026-08-17 08:22:49.026 DEBUG [51c840ff-f576-465b-8ad4-3d7e569ac0d6] [http-nio-8080-exec-2] org.hibernate.SQL - 
    select
        c1_0.id,
        c1_0.code,
        c1_0.created_at,
        c1_0.credit,
        c1_0.deleted,
        c1_0.department_id,
        c1_0.description,
        c1_0.name,
        c1_0.updated_at 
    from
        courses c1_0 
    where
        c1_0.id=? 
        and c1_0.deleted=false
2026-08-17 08:22:49.027 TRACE [51c840ff-f576-465b-8ad4-3d7e569ac0d6] [http-nio-8080-exec-2] org.hibernate.orm.jdbc.bind - binding parameter (1:UUID) <- [1d7be45c-dd6b-4fd3-aec2-1c92b1acd638]
2026-08-17 08:22:49.027 TRACE [51c840ff-f576-465b-8ad4-3d7e569ac0d6] [http-nio-8080-exec-2] o.s.t.i.TransactionInterceptor - No need to create transaction for [org.springframework.data.jpa.repository.support.SimpleJpaRepository.existsByStudent_IdAndCourse_IdAndSemesterAndAcademicYearAndDeletedFalse]: This method is not transactional.
2026-08-17 08:22:49.028 DEBUG [51c840ff-f576-465b-8ad4-3d7e569ac0d6] [http-nio-8080-exec-2] org.hibernate.SQL - 
    select
        e1_0.id 
    from
        enrollments e1_0 
    where
        e1_0.student_id=? 
        and e1_0.course_id=? 
        and e1_0.semester=? 
        and e1_0.academic_year=? 
        and e1_0.deleted=false 
    fetch
        first ? rows only
2026-08-17 08:22:49.053 TRACE [51c840ff-f576-465b-8ad4-3d7e569ac0d6] [http-nio-8080-exec-2] org.hibernate.orm.jdbc.bind - binding parameter (1:UUID) <- [40b8cd1a-1fdc-4adb-aec1-a8f6b0a9465e]
2026-08-17 08:22:49.053 TRACE [51c840ff-f576-465b-8ad4-3d7e569ac0d6] [http-nio-8080-exec-2] org.hibernate.orm.jdbc.bind - binding parameter (2:UUID) <- [1d7be45c-dd6b-4fd3-aec2-1c92b1acd638]
2026-08-17 08:22:49.054 TRACE [51c840ff-f576-465b-8ad4-3d7e569ac0d6] [http-nio-8080-exec-2] org.hibernate.orm.jdbc.bind - binding parameter (3:VARCHAR) <- [SEMESTER_1]
2026-08-17 08:22:49.054 TRACE [51c840ff-f576-465b-8ad4-3d7e569ac0d6] [http-nio-8080-exec-2] org.hibernate.orm.jdbc.bind - binding parameter (4:VARCHAR) <- [2026-2027]
2026-08-17 08:22:49.054 TRACE [51c840ff-f576-465b-8ad4-3d7e569ac0d6] [http-nio-8080-exec-2] org.hibernate.orm.jdbc.bind - binding parameter (5:INTEGER) <- [1]
2026-08-17 08:22:49.055 DEBUG [51c840ff-f576-465b-8ad4-3d7e569ac0d6] [http-nio-8080-exec-2] o.s.orm.jpa.JpaTransactionManager - Found thread-bound EntityManager [SessionImpl(359419426<open>)] for JPA transaction
2026-08-17 08:22:49.055 DEBUG [51c840ff-f576-465b-8ad4-3d7e569ac0d6] [http-nio-8080-exec-2] o.s.orm.jpa.JpaTransactionManager - Participating in existing transaction
2026-08-17 08:22:49.055 TRACE [51c840ff-f576-465b-8ad4-3d7e569ac0d6] [http-nio-8080-exec-2] o.s.t.i.TransactionInterceptor - Getting transaction for [org.springframework.data.jpa.repository.support.SimpleJpaRepository.saveAndFlush]
2026-08-17 08:22:49.056 DEBUG [51c840ff-f576-465b-8ad4-3d7e569ac0d6] [http-nio-8080-exec-2] org.hibernate.SQL - 
    insert 
    into
        enrollments
        (academic_year, course_id, created_at, deleted, enrollment_date, grade, score, semester, status, student_id, updated_at, id) 
    values
        (?, ?, ?, ?, ?, ?, ?, ?, ?, ?, ?, ?)
2026-08-17 08:22:49.056 TRACE [51c840ff-f576-465b-8ad4-3d7e569ac0d6] [http-nio-8080-exec-2] org.hibernate.orm.jdbc.bind - binding parameter (1:VARCHAR) <- [2026-2027]
2026-08-17 08:22:49.056 TRACE [51c840ff-f576-465b-8ad4-3d7e569ac0d6] [http-nio-8080-exec-2] org.hibernate.orm.jdbc.bind - binding parameter (2:UUID) <- [1d7be45c-dd6b-4fd3-aec2-1c92b1acd638]
2026-08-17 08:22:49.056 TRACE [51c840ff-f576-465b-8ad4-3d7e569ac0d6] [http-nio-8080-exec-2] org.hibernate.orm.jdbc.bind - binding parameter (3:TIMESTAMP_UTC) <- [2026-08-17T01:22:49.056861Z]
2026-08-17 08:22:49.056 TRACE [51c840ff-f576-465b-8ad4-3d7e569ac0d6] [http-nio-8080-exec-2] org.hibernate.orm.jdbc.bind - binding parameter (4:BOOLEAN) <- [false]
2026-08-17 08:22:49.056 TRACE [51c840ff-f576-465b-8ad4-3d7e569ac0d6] [http-nio-8080-exec-2] org.hibernate.orm.jdbc.bind - binding parameter (5:DATE) <- [2026-08-17]
2026-08-17 08:22:49.056 TRACE [51c840ff-f576-465b-8ad4-3d7e569ac0d6] [http-nio-8080-exec-2] org.hibernate.orm.jdbc.bind - binding parameter (6:VARCHAR) <- [null]
2026-08-17 08:22:49.057 TRACE [51c840ff-f576-465b-8ad4-3d7e569ac0d6] [http-nio-8080-exec-2] org.hibernate.orm.jdbc.bind - binding parameter (7:DOUBLE) <- [null]
2026-08-17 08:22:49.057 TRACE [51c840ff-f576-465b-8ad4-3d7e569ac0d6] [http-nio-8080-exec-2] org.hibernate.orm.jdbc.bind - binding parameter (8:VARCHAR) <- [SEMESTER_1]
2026-08-17 08:22:49.057 TRACE [51c840ff-f576-465b-8ad4-3d7e569ac0d6] [http-nio-8080-exec-2] org.hibernate.orm.jdbc.bind - binding parameter (9:VARCHAR) <- [ENROLLED]
2026-08-17 08:22:49.057 TRACE [51c840ff-f576-465b-8ad4-3d7e569ac0d6] [http-nio-8080-exec-2] org.hibernate.orm.jdbc.bind - binding parameter (10:UUID) <- [40b8cd1a-1fdc-4adb-aec1-a8f6b0a9465e]
2026-08-17 08:22:49.057 TRACE [51c840ff-f576-465b-8ad4-3d7e569ac0d6] [http-nio-8080-exec-2] org.hibernate.orm.jdbc.bind - binding parameter (11:TIMESTAMP_UTC) <- [2026-08-17T01:22:49.056861Z]
2026-08-17 08:22:49.057 TRACE [51c840ff-f576-465b-8ad4-3d7e569ac0d6] [http-nio-8080-exec-2] org.hibernate.orm.jdbc.bind - binding parameter (12:UUID) <- [710d48d8-83e5-4549-8e53-b24635614834]
2026-08-17 08:22:49.058 TRACE [51c840ff-f576-465b-8ad4-3d7e569ac0d6] [http-nio-8080-exec-2] o.s.t.i.TransactionInterceptor - Completing transaction for [org.springframework.data.jpa.repository.support.SimpleJpaRepository.saveAndFlush]
2026-08-17 08:22:49.058 TRACE [51c840ff-f576-465b-8ad4-3d7e569ac0d6] [http-nio-8080-exec-2] o.s.t.i.TransactionInterceptor - No need to create transaction for [org.springframework.data.jpa.repository.support.SimpleJpaRepository.findByIdAndDeletedFalse]: This method is not transactional.
2026-08-17 08:22:49.059 DEBUG [51c840ff-f576-465b-8ad4-3d7e569ac0d6] [http-nio-8080-exec-2] org.hibernate.SQL - 
    select
        s1_0.id,
        s1_0.address,
        s1_0.created_at,
        s1_0.date_of_birth,
        s1_0.deleted,
        s1_0.email,
        s1_0.enrolled_at,
        s1_0.first_name,
        s1_0.gender,
        s1_0.last_name,
        s1_0.phone_number,
        s1_0.status,
        s1_0.student_code,
        s1_0.updated_at 
    from
        students s1_0 
    where
        s1_0.id=? 
        and s1_0.deleted=false
2026-08-17 08:22:49.059 TRACE [51c840ff-f576-465b-8ad4-3d7e569ac0d6] [http-nio-8080-exec-2] org.hibernate.orm.jdbc.bind - binding parameter (1:UUID) <- [b7874d8b-2513-47ad-994d-12f81c7af427]
2026-08-17 08:22:49.060 TRACE [51c840ff-f576-465b-8ad4-3d7e569ac0d6] [http-nio-8080-exec-2] o.s.t.i.TransactionInterceptor - No need to create transaction for [org.springframework.data.jpa.repository.support.SimpleJpaRepository.findByIdAndDeletedFalse]: This method is not transactional.
2026-08-17 08:22:49.061 DEBUG [51c840ff-f576-465b-8ad4-3d7e569ac0d6] [http-nio-8080-exec-2] org.hibernate.SQL - 
    select
        c1_0.id,
        c1_0.code,
        c1_0.created_at,
        c1_0.credit,
        c1_0.deleted,
        c1_0.department_id,
        c1_0.description,
        c1_0.name,
        c1_0.updated_at 
    from
        courses c1_0 
    where
        c1_0.id=? 
        and c1_0.deleted=false
2026-08-17 08:22:49.061 TRACE [51c840ff-f576-465b-8ad4-3d7e569ac0d6] [http-nio-8080-exec-2] org.hibernate.orm.jdbc.bind - binding parameter (1:UUID) <- [6b39c013-b472-4a3b-8083-32d35da2babf]
2026-08-17 08:22:49.061 TRACE [51c840ff-f576-465b-8ad4-3d7e569ac0d6] [http-nio-8080-exec-2] o.s.t.i.TransactionInterceptor - No need to create transaction for [org.springframework.data.jpa.repository.support.SimpleJpaRepository.existsByStudent_IdAndCourse_IdAndSemesterAndAcademicYearAndDeletedFalse]: This method is not transactional.
2026-08-17 08:22:49.062 DEBUG [51c840ff-f576-465b-8ad4-3d7e569ac0d6] [http-nio-8080-exec-2] org.hibernate.SQL - 
    select
        e1_0.id 
    from
        enrollments e1_0 
    where
        e1_0.student_id=? 
        and e1_0.course_id=? 
        and e1_0.semester=? 
        and e1_0.academic_year=? 
        and e1_0.deleted=false 
    fetch
        first ? rows only
2026-08-17 08:22:49.062 TRACE [51c840ff-f576-465b-8ad4-3d7e569ac0d6] [http-nio-8080-exec-2] org.hibernate.orm.jdbc.bind - binding parameter (1:UUID) <- [b7874d8b-2513-47ad-994d-12f81c7af427]
2026-08-17 08:22:49.062 TRACE [51c840ff-f576-465b-8ad4-3d7e569ac0d6] [http-nio-8080-exec-2] org.hibernate.orm.jdbc.bind - binding parameter (2:UUID) <- [6b39c013-b472-4a3b-8083-32d35da2babf]
2026-08-17 08:22:49.062 TRACE [51c840ff-f576-465b-8ad4-3d7e569ac0d6] [http-nio-8080-exec-2] org.hibernate.orm.jdbc.bind - binding parameter (3:VARCHAR) <- [SEMESTER_1]
2026-08-17 08:22:49.062 TRACE [51c840ff-f576-465b-8ad4-3d7e569ac0d6] [http-nio-8080-exec-2] org.hibernate.orm.jdbc.bind - binding parameter (4:VARCHAR) <- [2026-2027]
2026-08-17 08:22:49.062 TRACE [51c840ff-f576-465b-8ad4-3d7e569ac0d6] [http-nio-8080-exec-2] org.hibernate.orm.jdbc.bind - binding parameter (5:INTEGER) <- [1]
2026-08-17 08:22:49.063 TRACE [51c840ff-f576-465b-8ad4-3d7e569ac0d6] [http-nio-8080-exec-2] o.s.t.i.TransactionInterceptor - Completing transaction for [com.acleda.training.studentmanagement.features.enrollment.EnrollmentServiceImpl.testBulkEnrollmentTransaction] after exception: com.acleda.training.studentmanagement.exception.ConflictException: Student is already enrolled in this course for SEMESTER_1 2026-2027
2026-08-17 08:22:49.064 TRACE [51c840ff-f576-465b-8ad4-3d7e569ac0d6] [http-nio-8080-exec-2] o.s.t.i.TransactionInterceptor - MethodRollbackEvent: com.acleda.training.studentmanagement.features.enrollment.EnrollmentServiceImpl.testBulkEnrollmentTransaction [com.acleda.training.studentmanagement.exception.ConflictException: Student is already enrolled in this course for SEMESTER_1 2026-2027]
com.acleda.training.studentmanagement.exception.ConflictException: Student is already enrolled in this course for SEMESTER_1 2026-2027
	at com.acleda.training.studentmanagement.features.enrollment.EnrollmentServiceImpl.createEnrollment(EnrollmentServiceImpl.java:75)
	at com.acleda.training.studentmanagement.features.enrollment.EnrollmentServiceImpl.testBulkEnrollmentTransaction(EnrollmentServiceImpl.java:322)
	at java.base/jdk.internal.reflect.DirectMethodHandleAccessor.invoke(DirectMethodHandleAccessor.java:104)
	at java.base/java.lang.reflect.Method.invoke(Method.java:565)
	at org.springframework.aop.support.AopUtils.invokeJoinpointUsingReflection(AopUtils.java:359)
	at org.springframework.aop.framework.ReflectiveMethodInvocation.invokeJoinpoint(ReflectiveMethodInvocation.java:190)
	at org.springframework.aop.framework.ReflectiveMethodInvocation.proceed(ReflectiveMethodInvocation.java:158)
	at org.springframework.transaction.interceptor.TransactionInterceptor$1.proceedWithInvocation(TransactionInterceptor.java:133)
	at org.springframework.transaction.interceptor.TransactionAspectSupport.invokeWithinTransaction(TransactionAspectSupport.java:371)
	at org.springframework.transaction.interceptor.TransactionInterceptor.invoke(TransactionInterceptor.java:130)
	at org.springframework.aop.framework.ReflectiveMethodInvocation.proceed(ReflectiveMethodInvocation.java:179)
	at org.springframework.aop.framework.CglibAopProxy$DynamicAdvisedInterceptor.intercept(CglibAopProxy.java:719)
	at com.acleda.training.studentmanagement.features.enrollment.EnrollmentServiceImpl$$SpringCGLIB$$0.testBulkEnrollmentTransaction(<generated>)
	at com.acleda.training.studentmanagement.features.enrollment.EnrollmentController.testTransaction(EnrollmentController.java:223)
	at java.base/jdk.internal.reflect.DirectMethodHandleAccessor.invoke(DirectMethodHandleAccessor.java:104)
	at java.base/java.lang.reflect.Method.invoke(Method.java:565)
	at org.springframework.web.method.support.InvocableHandlerMethod.doInvoke(InvocableHandlerMethod.java:252)
	at org.springframework.web.method.support.InvocableHandlerMethod.invokeForRequest(InvocableHandlerMethod.java:184)
	at org.springframework.web.servlet.mvc.method.annotation.ServletInvocableHandlerMethod.invokeAndHandle(ServletInvocableHandlerMethod.java:117)
	at org.springframework.web.servlet.mvc.method.annotation.RequestMappingHandlerAdapter.invokeHandlerMethod(RequestMappingHandlerAdapter.java:934)
	at org.springframework.web.servlet.mvc.method.annotation.RequestMappingHandlerAdapter.handleInternal(RequestMappingHandlerAdapter.java:853)
	at org.springframework.web.servlet.mvc.method.AbstractHandlerMethodAdapter.handle(AbstractHandlerMethodAdapter.java:86)
	at org.springframework.web.servlet.DispatcherServlet.doDispatch(DispatcherServlet.java:963)
	at org.springframework.web.servlet.DispatcherServlet.doService(DispatcherServlet.java:866)
	at org.springframework.web.servlet.FrameworkServlet.processRequest(FrameworkServlet.java:1000)
	at org.springframework.web.servlet.FrameworkServlet.doPost(FrameworkServlet.java:903)
	at jakarta.servlet.http.HttpServlet.service(HttpServlet.java:649)
	at org.springframework.web.servlet.FrameworkServlet.service(FrameworkServlet.java:874)
	at jakarta.servlet.http.HttpServlet.service(HttpServlet.java:710)
	at org.apache.catalina.core.ApplicationFilterChain.doFilter(ApplicationFilterChain.java:128)
	at org.apache.tomcat.websocket.server.WsFilter.doFilter(WsFilter.java:53)
	at org.apache.catalina.core.ApplicationFilterChain.doFilter(ApplicationFilterChain.java:107)
	at com.acleda.training.studentmanagement.logging.RequestIdFilter.doFilterInternal(RequestIdFilter.java:40)
	at org.springframework.web.filter.OncePerRequestFilter.doFilter(OncePerRequestFilter.java:116)
	at org.apache.catalina.core.ApplicationFilterChain.doFilter(ApplicationFilterChain.java:107)
	at org.springframework.web.filter.OncePerRequestFilter.doFilter(OncePerRequestFilter.java:110)
	at org.apache.catalina.core.ApplicationFilterChain.doFilter(ApplicationFilterChain.java:107)
	at org.springframework.web.filter.OncePerRequestFilter.doFilter(OncePerRequestFilter.java:101)
	at org.apache.catalina.core.ApplicationFilterChain.doFilter(ApplicationFilterChain.java:107)
	at org.springframework.web.filter.CompositeFilter$VirtualFilterChain.doFilter(CompositeFilter.java:108)
	at org.springframework.security.web.FilterChainProxy.lambda$doFilterInternal$2(FilterChainProxy.java:235)
	at org.springframework.security.web.ObservationFilterChainDecorator$FilterObservation$SimpleFilterObservation.lambda$wrap$1(ObservationFilterChainDecorator.java:491)
	at org.springframework.security.web.ObservationFilterChainDecorator$AroundFilterObservation$SimpleAroundFilterObservation.lambda$wrap$1(ObservationFilterChainDecorator.java:353)
	at org.springframework.security.web.ObservationFilterChainDecorator.lambda$wrapSecured$0(ObservationFilterChainDecorator.java:84)
	at org.springframework.security.web.ObservationFilterChainDecorator$VirtualFilterChain.doFilter(ObservationFilterChainDecorator.java:131)
	at org.springframework.security.web.access.intercept.AuthorizationFilter.doFilter(AuthorizationFilter.java:101)
	at org.springframework.security.web.ObservationFilterChainDecorator$ObservationFilter.wrapFilter(ObservationFilterChainDecorator.java:243)
	at org.springframework.security.web.ObservationFilterChainDecorator$ObservationFilter.doFilter(ObservationFilterChainDecorator.java:230)
	at org.springframework.security.web.ObservationFilterChainDecorator$VirtualFilterChain.doFilter(ObservationFilterChainDecorator.java:140)
	at org.springframework.security.web.access.ExceptionTranslationFilter.doFilter(ExceptionTranslationFilter.java:126)
	at org.springframework.security.web.access.ExceptionTranslationFilter.doFilter(ExceptionTranslationFilter.java:120)
	at org.springframework.security.web.ObservationFilterChainDecorator$ObservationFilter.wrapFilter(ObservationFilterChainDecorator.java:243)
	at org.springframework.security.web.ObservationFilterChainDecorator$ObservationFilter.doFilter(ObservationFilterChainDecorator.java:230)
	at org.springframework.security.web.ObservationFilterChainDecorator$VirtualFilterChain.doFilter(ObservationFilterChainDecorator.java:140)
	at org.springframework.security.web.session.SessionManagementFilter.doFilter(SessionManagementFilter.java:132)
	at org.springframework.security.web.session.SessionManagementFilter.doFilter(SessionManagementFilter.java:86)
	at org.springframework.security.web.ObservationFilterChainDecorator$ObservationFilter.wrapFilter(ObservationFilterChainDecorator.java:243)
	at org.springframework.security.web.ObservationFilterChainDecorator$ObservationFilter.doFilter(ObservationFilterChainDecorator.java:230)
	at org.springframework.security.web.ObservationFilterChainDecorator$VirtualFilterChain.doFilter(ObservationFilterChainDecorator.java:140)
	at org.springframework.security.web.authentication.AnonymousAuthenticationFilter.doFilter(AnonymousAuthenticationFilter.java:100)
	at org.springframework.security.web.ObservationFilterChainDecorator$ObservationFilter.wrapFilter(ObservationFilterChainDecorator.java:243)
	at org.springframework.security.web.ObservationFilterChainDecorator$ObservationFilter.doFilter(ObservationFilterChainDecorator.java:230)
	at org.springframework.security.web.ObservationFilterChainDecorator$VirtualFilterChain.doFilter(ObservationFilterChainDecorator.java:140)
	at org.springframework.security.web.servletapi.SecurityContextHolderAwareRequestFilter.doFilter(SecurityContextHolderAwareRequestFilter.java:181)
	at org.springframework.security.web.ObservationFilterChainDecorator$ObservationFilter.wrapFilter(ObservationFilterChainDecorator.java:243)
	at org.springframework.security.web.ObservationFilterChainDecorator$ObservationFilter.doFilter(ObservationFilterChainDecorator.java:230)
	at org.springframework.security.web.ObservationFilterChainDecorator$VirtualFilterChain.doFilter(ObservationFilterChainDecorator.java:140)
	at org.springframework.security.web.savedrequest.RequestCacheAwareFilter.doFilter(RequestCacheAwareFilter.java:63)
	at org.springframework.security.web.ObservationFilterChainDecorator$ObservationFilter.wrapFilter(ObservationFilterChainDecorator.java:243)
	at org.springframework.security.web.ObservationFilterChainDecorator$ObservationFilter.doFilter(ObservationFilterChainDecorator.java:230)
	at org.springframework.security.web.ObservationFilterChainDecorator$VirtualFilterChain.doFilter(ObservationFilterChainDecorator.java:140)
	at com.acleda.training.studentmanagement.features.auth.JwtAuthenticationFilter.doFilterInternal(JwtAuthenticationFilter.java:91)
	at org.springframework.web.filter.OncePerRequestFilter.doFilter(OncePerRequestFilter.java:116)
	at org.springframework.security.web.ObservationFilterChainDecorator$ObservationFilter.wrapFilter(ObservationFilterChainDecorator.java:243)
	at org.springframework.security.web.ObservationFilterChainDecorator$ObservationFilter.doFilter(ObservationFilterChainDecorator.java:230)
	at org.springframework.security.web.ObservationFilterChainDecorator$VirtualFilterChain.doFilter(ObservationFilterChainDecorator.java:140)
	at org.springframework.security.web.header.HeaderWriterFilter.doHeadersAfter(HeaderWriterFilter.java:90)
	at org.springframework.security.web.header.HeaderWriterFilter.doFilterInternal(HeaderWriterFilter.java:75)
	at org.springframework.web.filter.OncePerRequestFilter.doFilter(OncePerRequestFilter.java:116)
	at org.springframework.security.web.ObservationFilterChainDecorator$ObservationFilter.wrapFilter(ObservationFilterChainDecorator.java:243)
	at org.springframework.security.web.ObservationFilterChainDecorator$ObservationFilter.doFilter(ObservationFilterChainDecorator.java:230)
	at org.springframework.security.web.ObservationFilterChainDecorator$VirtualFilterChain.doFilter(ObservationFilterChainDecorator.java:140)
	at org.springframework.security.web.context.SecurityContextHolderFilter.doFilter(SecurityContextHolderFilter.java:82)
	at org.springframework.security.web.context.SecurityContextHolderFilter.doFilter(SecurityContextHolderFilter.java:69)
	at org.springframework.security.web.ObservationFilterChainDecorator$ObservationFilter.wrapFilter(ObservationFilterChainDecorator.java:243)
	at org.springframework.security.web.ObservationFilterChainDecorator$ObservationFilter.doFilter(ObservationFilterChainDecorator.java:230)
	at org.springframework.security.web.ObservationFilterChainDecorator$VirtualFilterChain.doFilter(ObservationFilterChainDecorator.java:140)
	at org.springframework.security.web.context.request.async.WebAsyncManagerIntegrationFilter.doFilterInternal(WebAsyncManagerIntegrationFilter.java:62)
	at org.springframework.web.filter.OncePerRequestFilter.doFilter(OncePerRequestFilter.java:116)
	at org.springframework.security.web.ObservationFilterChainDecorator$ObservationFilter.wrapFilter(ObservationFilterChainDecorator.java:243)
	at org.springframework.security.web.ObservationFilterChainDecorator$ObservationFilter.doFilter(ObservationFilterChainDecorator.java:230)
	at org.springframework.security.web.ObservationFilterChainDecorator$VirtualFilterChain.doFilter(ObservationFilterChainDecorator.java:140)
	at org.springframework.security.web.session.DisableEncodeUrlFilter.doFilterInternal(DisableEncodeUrlFilter.java:42)
	at org.springframework.web.filter.OncePerRequestFilter.doFilter(OncePerRequestFilter.java:116)
	at org.springframework.security.web.ObservationFilterChainDecorator$ObservationFilter.wrapFilter(ObservationFilterChainDecorator.java:243)
	at org.springframework.security.web.ObservationFilterChainDecorator$AroundFilterObservation$SimpleAroundFilterObservation.lambda$wrap$0(ObservationFilterChainDecorator.java:336)
	at org.springframework.security.web.ObservationFilterChainDecorator$ObservationFilter.doFilter(ObservationFilterChainDecorator.java:227)
	at org.springframework.security.web.ObservationFilterChainDecorator$VirtualFilterChain.doFilter(ObservationFilterChainDecorator.java:140)
	at org.springframework.security.web.FilterChainProxy.doFilterInternal(FilterChainProxy.java:237)
	at org.springframework.security.web.FilterChainProxy.doFilter(FilterChainProxy.java:195)
	at org.springframework.web.filter.CompositeFilter$VirtualFilterChain.doFilter(CompositeFilter.java:113)
	at org.springframework.web.filter.ServletRequestPathFilter.doFilter(ServletRequestPathFilter.java:52)
	at org.springframework.web.filter.CompositeFilter$VirtualFilterChain.doFilter(CompositeFilter.java:113)
	at org.springframework.web.filter.CompositeFilter.doFilter(CompositeFilter.java:74)
	at org.springframework.security.config.annotation.web.configuration.WebSecurityConfiguration$CompositeFilterChainProxy.doFilter(WebSecurityConfiguration.java:317)
	at org.springframework.web.filter.DelegatingFilterProxy.invokeDelegate(DelegatingFilterProxy.java:355)
	at org.springframework.web.filter.DelegatingFilterProxy.doFilter(DelegatingFilterProxy.java:272)
	at org.apache.catalina.core.ApplicationFilterChain.doFilter(ApplicationFilterChain.java:107)
	at org.springframework.web.filter.RequestContextFilter.doFilterInternal(RequestContextFilter.java:100)
	at org.springframework.web.filter.OncePerRequestFilter.doFilter(OncePerRequestFilter.java:116)
	at org.apache.catalina.core.ApplicationFilterChain.doFilter(ApplicationFilterChain.java:107)
	at org.springframework.web.filter.FormContentFilter.doFilterInternal(FormContentFilter.java:93)
	at org.springframework.web.filter.OncePerRequestFilter.doFilter(OncePerRequestFilter.java:116)
	at org.apache.catalina.core.ApplicationFilterChain.doFilter(ApplicationFilterChain.java:107)
	at org.springframework.web.filter.ServerHttpObservationFilter.doFilterInternal(ServerHttpObservationFilter.java:110)
	at org.springframework.web.filter.OncePerRequestFilter.doFilter(OncePerRequestFilter.java:116)
	at org.apache.catalina.core.ApplicationFilterChain.doFilter(ApplicationFilterChain.java:107)
	at org.springframework.web.filter.CharacterEncodingFilter.doFilterInternal(CharacterEncodingFilter.java:199)
	at org.springframework.web.filter.OncePerRequestFilter.doFilter(OncePerRequestFilter.java:116)
	at org.apache.catalina.core.ApplicationFilterChain.doFilter(ApplicationFilterChain.java:107)
	at org.apache.catalina.core.StandardWrapperValve.invoke(StandardWrapperValve.java:165)
	at org.apache.catalina.core.StandardContextValve.invoke(StandardContextValve.java:77)
	at org.apache.catalina.authenticator.AuthenticatorBase.invoke(AuthenticatorBase.java:492)
	at org.apache.catalina.core.StandardHostValve.invoke(StandardHostValve.java:113)
	at org.apache.catalina.valves.ErrorReportValve.invoke(ErrorReportValve.java:83)
	at org.apache.catalina.core.StandardEngineValve.invoke(StandardEngineValve.java:72)
	at org.apache.catalina.connector.CoyoteAdapter.service(CoyoteAdapter.java:341)
	at org.apache.coyote.http11.Http11Processor.service(Http11Processor.java:397)
	at org.apache.coyote.AbstractProcessorLight.process(AbstractProcessorLight.java:63)
	at org.apache.coyote.AbstractProtocol$ConnectionHandler.process(AbstractProtocol.java:1272)
	at org.apache.tomcat.util.net.NioEndpoint$SocketProcessor.doRun(NioEndpoint.java:1801)
	at org.apache.tomcat.util.net.SocketProcessorBase.run(SocketProcessorBase.java:52)
	at org.apache.tomcat.util.threads.ThreadPoolExecutor.runWorker(ThreadPoolExecutor.java:946)
	at org.apache.tomcat.util.threads.ThreadPoolExecutor$Worker.run(ThreadPoolExecutor.java:480)
	at org.apache.tomcat.util.threads.TaskThread$WrappingRunnable.run(TaskThread.java:57)
	at java.base/java.lang.Thread.run(Thread.java:1474)
2026-08-17 08:22:49.068 DEBUG [51c840ff-f576-465b-8ad4-3d7e569ac0d6] [http-nio-8080-exec-2] o.s.orm.jpa.JpaTransactionManager - Initiating transaction rollback
2026-08-17 08:22:49.068 DEBUG [51c840ff-f576-465b-8ad4-3d7e569ac0d6] [http-nio-8080-exec-2] o.s.orm.jpa.JpaTransactionManager - Rolling back JPA transaction on EntityManager [SessionImpl(359419426<open>)]
2026-08-17 08:22:49.069 DEBUG [51c840ff-f576-465b-8ad4-3d7e569ac0d6] [http-nio-8080-exec-2] o.s.orm.jpa.JpaTransactionManager - Closing JPA EntityManager after transaction
2026-08-17 08:22:49.072 WARN  [51c840ff-f576-465b-8ad4-3d7e569ac0d6] [http-nio-8080-exec-2] c.a.t.s.e.GlobalExceptionHandler - CONFLICT | Method: POST | URI: /api/v1/enrollments/transaction-test | Message: Student is already enrolled in this course for SEMESTER_1 2026-2027
2026-08-17 08:22:49.107 INFO  [51c840ff-f576-465b-8ad4-3d7e569ac0d6] [http-nio-8080-exec-2] c.a.t.s.l.RequestLoggingInterceptor - API RESPONSE | Method: POST | URI: /api/v1/enrollments/transaction-test | Status: 409 | Duration: 252ms
2026-08-17 08:31:07.057 INFO  [NO-REQUEST] [SpringApplicationShutdownHook] o.s.boot.tomcat.GracefulShutdown - Commencing graceful shutdown. Waiting for active requests to complete
2026-08-17 08:31:07.067 INFO  [NO-REQUEST] [tomcat-shutdown] o.s.boot.tomcat.GracefulShutdown - Graceful shutdown complete
2026-08-17 08:31:09.105 INFO  [NO-REQUEST] [SpringApplicationShutdownHook] o.s.o.j.LocalContainerEntityManagerFactoryBean - Closing JPA EntityManagerFactory for persistence unit 'default'
2026-08-17 08:31:09.107 INFO  [NO-REQUEST] [SpringApplicationShutdownHook] com.zaxxer.hikari.HikariDataSource - HikariPool-1 - Shutdown initiated...
2026-08-17 08:31:09.109 INFO  [NO-REQUEST] [SpringApplicationShutdownHook] com.zaxxer.hikari.HikariDataSource - HikariPool-1 - Shutdown completed.
2026-08-17 08:31:28.087 INFO  [NO-REQUEST] [main] c.a.t.s.StudentManagementApiApplication - Starting StudentManagementApiApplication using Java 25.0.4 with PID 13216 (D:\student-management-api\build\classes\java\main started by USER in D:\student-management-api)
2026-08-17 08:31:28.090 INFO  [NO-REQUEST] [main] c.a.t.s.StudentManagementApiApplication - No active profile set, falling back to 1 default profile: "default"
2026-08-17 08:31:28.907 INFO  [NO-REQUEST] [main] o.s.d.r.c.RepositoryConfigurationDelegate - Multiple Spring Data modules found, entering strict repository configuration mode
2026-08-17 08:31:28.908 INFO  [NO-REQUEST] [main] o.s.d.r.c.RepositoryConfigurationDelegate - Bootstrapping Spring Data JPA repositories in DEFAULT mode.
2026-08-17 08:31:29.027 INFO  [NO-REQUEST] [main] o.s.d.r.c.RepositoryConfigurationDelegate - Finished Spring Data repository scanning in 113 ms. Found 7 JPA repository interfaces.
2026-08-17 08:31:29.039 INFO  [NO-REQUEST] [main] o.s.d.r.c.RepositoryConfigurationDelegate - Multiple Spring Data modules found, entering strict repository configuration mode
2026-08-17 08:31:29.040 INFO  [NO-REQUEST] [main] o.s.d.r.c.RepositoryConfigurationDelegate - Bootstrapping Spring Data Redis repositories in DEFAULT mode.
2026-08-17 08:31:29.054 INFO  [NO-REQUEST] [main] o.s.d.r.c.RepositoryConfigurationExtensionSupport - Spring Data Redis - Could not safely identify store assignment for repository candidate interface com.acleda.training.studentmanagement.features.auth.AppUserRepository; If you want this repository to be a Redis repository, consider annotating your entities with one of these annotations: org.springframework.data.redis.core.RedisHash (preferred), or consider extending one of the following types with your repository: org.springframework.data.keyvalue.repository.KeyValueRepository
2026-08-17 08:31:29.054 INFO  [NO-REQUEST] [main] o.s.d.r.c.RepositoryConfigurationExtensionSupport - Spring Data Redis - Could not safely identify store assignment for repository candidate interface com.acleda.training.studentmanagement.features.course.CourseRepository; If you want this repository to be a Redis repository, consider annotating your entities with one of these annotations: org.springframework.data.redis.core.RedisHash (preferred), or consider extending one of the following types with your repository: org.springframework.data.keyvalue.repository.KeyValueRepository
2026-08-17 08:31:29.055 INFO  [NO-REQUEST] [main] o.s.d.r.c.RepositoryConfigurationExtensionSupport - Spring Data Redis - Could not safely identify store assignment for repository candidate interface com.acleda.training.studentmanagement.features.course.offering.CourseOfferingRepository; If you want this repository to be a Redis repository, consider annotating your entities with one of these annotations: org.springframework.data.redis.core.RedisHash (preferred), or consider extending one of the following types with your repository: org.springframework.data.keyvalue.repository.KeyValueRepository
2026-08-17 08:31:29.055 INFO  [NO-REQUEST] [main] o.s.d.r.c.RepositoryConfigurationExtensionSupport - Spring Data Redis - Could not safely identify store assignment for repository candidate interface com.acleda.training.studentmanagement.features.department.DepartmentRepository; If you want this repository to be a Redis repository, consider annotating your entities with one of these annotations: org.springframework.data.redis.core.RedisHash (preferred), or consider extending one of the following types with your repository: org.springframework.data.keyvalue.repository.KeyValueRepository
2026-08-17 08:31:29.055 INFO  [NO-REQUEST] [main] o.s.d.r.c.RepositoryConfigurationExtensionSupport - Spring Data Redis - Could not safely identify store assignment for repository candidate interface com.acleda.training.studentmanagement.features.enrollment.EnrollmentRepository; If you want this repository to be a Redis repository, consider annotating your entities with one of these annotations: org.springframework.data.redis.core.RedisHash (preferred), or consider extending one of the following types with your repository: org.springframework.data.keyvalue.repository.KeyValueRepository
2026-08-17 08:31:29.055 INFO  [NO-REQUEST] [main] o.s.d.r.c.RepositoryConfigurationExtensionSupport - Spring Data Redis - Could not safely identify store assignment for repository candidate interface com.acleda.training.studentmanagement.features.instructor.InstructorRepository; If you want this repository to be a Redis repository, consider annotating your entities with one of these annotations: org.springframework.data.redis.core.RedisHash (preferred), or consider extending one of the following types with your repository: org.springframework.data.keyvalue.repository.KeyValueRepository
2026-08-17 08:31:29.055 INFO  [NO-REQUEST] [main] o.s.d.r.c.RepositoryConfigurationExtensionSupport - Spring Data Redis - Could not safely identify store assignment for repository candidate interface com.acleda.training.studentmanagement.features.student.StudentRepository; If you want this repository to be a Redis repository, consider annotating your entities with one of these annotations: org.springframework.data.redis.core.RedisHash (preferred), or consider extending one of the following types with your repository: org.springframework.data.keyvalue.repository.KeyValueRepository
2026-08-17 08:31:29.055 INFO  [NO-REQUEST] [main] o.s.d.r.c.RepositoryConfigurationDelegate - Finished Spring Data repository scanning in 9 ms. Found 0 Redis repository interfaces.
2026-08-17 08:31:29.492 INFO  [NO-REQUEST] [main] o.s.boot.tomcat.TomcatWebServer - Tomcat initialized with port 8080 (http)
2026-08-17 08:31:29.501 INFO  [NO-REQUEST] [main] o.a.catalina.core.StandardService - Starting service [Tomcat]
2026-08-17 08:31:29.502 INFO  [NO-REQUEST] [main] o.a.catalina.core.StandardEngine - Starting Servlet engine: [Apache Tomcat/11.0.22]
2026-08-17 08:31:29.560 INFO  [NO-REQUEST] [main] o.s.b.w.c.s.WebApplicationContextInitializer - Root WebApplicationContext: initialization completed in 1440 ms
2026-08-17 08:31:29.791 INFO  [NO-REQUEST] [main] org.hibernate.orm.jpa - HHH008540: Processing PersistenceUnitInfo [name: default]
2026-08-17 08:31:29.828 INFO  [NO-REQUEST] [main] org.hibernate.orm.core - HHH000001: Hibernate ORM core version 7.4.1.Final
2026-08-17 08:31:30.147 INFO  [NO-REQUEST] [main] o.s.o.j.p.SpringPersistenceUnitInfo - No LoadTimeWeaver setup: ignoring JPA class transformer
2026-08-17 08:31:30.173 INFO  [NO-REQUEST] [main] com.zaxxer.hikari.HikariDataSource - HikariPool-1 - Starting...
2026-08-17 08:31:30.288 INFO  [NO-REQUEST] [main] com.zaxxer.hikari.pool.HikariPool - HikariPool-1 - Added connection org.postgresql.jdbc.PgConnection@4a7c72af
2026-08-17 08:31:30.289 INFO  [NO-REQUEST] [main] com.zaxxer.hikari.HikariDataSource - HikariPool-1 - Start completed.
2026-08-17 08:31:30.341 INFO  [NO-REQUEST] [main] o.hibernate.orm.connections.pooling - HHH10001005: Database info:
	Database JDBC URL [jdbc:postgresql://localhost:5432/student_management_db]
	Database driver: PostgreSQL JDBC Driver
	Database dialect: PostgreSQLDialect
	Database version: 18.4
	Default catalog/schema: student_management_db/public
	Autocommit mode: undefined/unknown
	Isolation level: READ_COMMITTED [default READ_COMMITTED]
	JDBC fetch size: none
	Pool: DataSourceConnectionProvider
	Minimum pool size: undefined/unknown
	Maximum pool size: undefined/unknown
2026-08-17 08:31:31.145 INFO  [NO-REQUEST] [main] org.hibernate.orm.core - HHH000489: No JTA platform available (set 'hibernate.transaction.jta.platform' to enable JTA platform integration)
2026-08-17 08:31:31.232 INFO  [NO-REQUEST] [main] o.s.o.j.LocalContainerEntityManagerFactoryBean - Initialized JPA EntityManagerFactory for persistence unit 'default'
2026-08-17 08:31:31.284 INFO  [NO-REQUEST] [main] o.s.d.j.r.q.QueryEnhancerFactories - Hibernate is in classpath; If applicable, HQL parser will be used.
2026-08-17 08:31:31.410 TRACE [NO-REQUEST] [main] o.s.t.a.AnnotationTransactionAttributeSource - Adding transactional method 'com.acleda.training.studentmanagement.features.auth.CustomUserDetailsService.loadUserByUsername' with attribute: PROPAGATION_REQUIRED,ISOLATION_DEFAULT,readOnly
2026-08-17 08:31:31.749 INFO  [NO-REQUEST] [main] o.s.s.c.a.a.c.InitializeAuthenticationProviderBeanManagerConfigurer$InitializeAuthenticationProviderManagerConfigurer - Global AuthenticationManager configured with AuthenticationProvider bean with name authenticationProvider
2026-08-17 08:31:31.750 WARN  [NO-REQUEST] [main] o.s.s.c.a.a.c.InitializeUserDetailsBeanManagerConfigurer$InitializeUserDetailsManagerConfigurer - Global AuthenticationManager configured with an AuthenticationProvider bean. UserDetailsService beans will not be used by Spring Security for automatically configuring username/password login. Consider removing the AuthenticationProvider bean. Alternatively, consider using the UserDetailsService in a manually instantiated DaoAuthenticationProvider. If the current configuration is intentional, to turn off this warning, increase the logging level of 'org.springframework.security.config.annotation.authentication.configuration.InitializeUserDetailsBeanManagerConfigurer' to ERROR
2026-08-17 08:31:31.755 TRACE [NO-REQUEST] [main] o.s.t.a.AnnotationTransactionAttributeSource - Adding transactional method 'com.acleda.training.studentmanagement.features.auth.AuthService.register' with attribute: PROPAGATION_REQUIRED,ISOLATION_DEFAULT
2026-08-17 08:31:31.756 TRACE [NO-REQUEST] [main] o.s.t.a.AnnotationTransactionAttributeSource - Adding transactional method 'com.acleda.training.studentmanagement.features.auth.AuthService.login' with attribute: PROPAGATION_REQUIRED,ISOLATION_DEFAULT,readOnly
2026-08-17 08:31:31.756 TRACE [NO-REQUEST] [main] o.s.t.a.AnnotationTransactionAttributeSource - Adding transactional method 'com.acleda.training.studentmanagement.features.auth.AuthService.refreshToken' with attribute: PROPAGATION_REQUIRED,ISOLATION_DEFAULT,readOnly
2026-08-17 08:31:32.574 TRACE [NO-REQUEST] [main] o.s.t.a.AnnotationTransactionAttributeSource - Adding transactional method 'com.acleda.training.studentmanagement.features.course.CourseServiceImpl.getCourseById' with attribute: PROPAGATION_REQUIRED,ISOLATION_DEFAULT,readOnly
2026-08-17 08:31:32.575 TRACE [NO-REQUEST] [main] o.s.t.a.AnnotationTransactionAttributeSource - Adding transactional method 'com.acleda.training.studentmanagement.features.course.CourseServiceImpl.updateCourse' with attribute: PROPAGATION_REQUIRED,ISOLATION_DEFAULT
2026-08-17 08:31:32.575 TRACE [NO-REQUEST] [main] o.s.t.a.AnnotationTransactionAttributeSource - Adding transactional method 'com.acleda.training.studentmanagement.features.course.CourseServiceImpl.createCourse' with attribute: PROPAGATION_REQUIRED,ISOLATION_DEFAULT
2026-08-17 08:31:32.576 TRACE [NO-REQUEST] [main] o.s.t.a.AnnotationTransactionAttributeSource - Adding transactional method 'com.acleda.training.studentmanagement.features.course.CourseServiceImpl.deleteCourse' with attribute: PROPAGATION_REQUIRED,ISOLATION_DEFAULT
2026-08-17 08:31:32.576 TRACE [NO-REQUEST] [main] o.s.t.a.AnnotationTransactionAttributeSource - Adding transactional method 'com.acleda.training.studentmanagement.features.course.CourseServiceImpl.getCourses' with attribute: PROPAGATION_REQUIRED,ISOLATION_DEFAULT,readOnly
2026-08-17 08:31:32.769 TRACE [NO-REQUEST] [main] o.s.t.a.AnnotationTransactionAttributeSource - Adding transactional method 'com.acleda.training.studentmanagement.features.course.offering.CourseOfferingServiceImpl.updateCourseOffering' with attribute: PROPAGATION_REQUIRED,ISOLATION_DEFAULT
2026-08-17 08:31:32.769 TRACE [NO-REQUEST] [main] o.s.t.a.AnnotationTransactionAttributeSource - Adding transactional method 'com.acleda.training.studentmanagement.features.course.offering.CourseOfferingServiceImpl.getCourseOfferings' with attribute: PROPAGATION_REQUIRED,ISOLATION_DEFAULT,readOnly
2026-08-17 08:31:32.770 TRACE [NO-REQUEST] [main] o.s.t.a.AnnotationTransactionAttributeSource - Adding transactional method 'com.acleda.training.studentmanagement.features.course.offering.CourseOfferingServiceImpl.createCourseOffering' with attribute: PROPAGATION_REQUIRED,ISOLATION_DEFAULT
2026-08-17 08:31:32.770 TRACE [NO-REQUEST] [main] o.s.t.a.AnnotationTransactionAttributeSource - Adding transactional method 'com.acleda.training.studentmanagement.features.course.offering.CourseOfferingServiceImpl.deleteCourseOffering' with attribute: PROPAGATION_REQUIRED,ISOLATION_DEFAULT
2026-08-17 08:31:32.770 TRACE [NO-REQUEST] [main] o.s.t.a.AnnotationTransactionAttributeSource - Adding transactional method 'com.acleda.training.studentmanagement.features.course.offering.CourseOfferingServiceImpl.getCourseOfferingById' with attribute: PROPAGATION_REQUIRED,ISOLATION_DEFAULT,readOnly
2026-08-17 08:31:32.777 TRACE [NO-REQUEST] [main] o.s.t.a.AnnotationTransactionAttributeSource - Adding transactional method 'com.acleda.training.studentmanagement.features.department.DepartmentServiceImpl.findDepartment' with attribute: PROPAGATION_REQUIRED,ISOLATION_DEFAULT
2026-08-17 08:31:32.778 TRACE [NO-REQUEST] [main] o.s.t.a.AnnotationTransactionAttributeSource - Adding transactional method 'com.acleda.training.studentmanagement.features.department.DepartmentServiceImpl.createDepartment' with attribute: PROPAGATION_REQUIRED,ISOLATION_DEFAULT
2026-08-17 08:31:32.778 TRACE [NO-REQUEST] [main] o.s.t.a.AnnotationTransactionAttributeSource - Adding transactional method 'com.acleda.training.studentmanagement.features.department.DepartmentServiceImpl.updateDepartment' with attribute: PROPAGATION_REQUIRED,ISOLATION_DEFAULT
2026-08-17 08:31:32.778 TRACE [NO-REQUEST] [main] o.s.t.a.AnnotationTransactionAttributeSource - Adding transactional method 'com.acleda.training.studentmanagement.features.department.DepartmentServiceImpl.getDepartmentById' with attribute: PROPAGATION_REQUIRED,ISOLATION_DEFAULT,readOnly
2026-08-17 08:31:32.778 TRACE [NO-REQUEST] [main] o.s.t.a.AnnotationTransactionAttributeSource - Adding transactional method 'com.acleda.training.studentmanagement.features.department.DepartmentServiceImpl.updateDepartmentStatus' with attribute: PROPAGATION_REQUIRED,ISOLATION_DEFAULT
2026-08-17 08:31:32.779 TRACE [NO-REQUEST] [main] o.s.t.a.AnnotationTransactionAttributeSource - Adding transactional method 'com.acleda.training.studentmanagement.features.department.DepartmentServiceImpl.deleteDepartment' with attribute: PROPAGATION_REQUIRED,ISOLATION_DEFAULT
2026-08-17 08:31:32.779 TRACE [NO-REQUEST] [main] o.s.t.a.AnnotationTransactionAttributeSource - Adding transactional method 'com.acleda.training.studentmanagement.features.department.DepartmentServiceImpl.getDepartments' with attribute: PROPAGATION_REQUIRED,ISOLATION_DEFAULT,readOnly
2026-08-17 08:31:32.860 TRACE [NO-REQUEST] [main] o.s.t.a.AnnotationTransactionAttributeSource - Adding transactional method 'com.acleda.training.studentmanagement.features.enrollment.EnrollmentServiceImpl.testBulkEnrollmentTransaction' with attribute: PROPAGATION_REQUIRED,ISOLATION_DEFAULT
2026-08-17 08:31:32.861 TRACE [NO-REQUEST] [main] o.s.t.a.AnnotationTransactionAttributeSource - Adding transactional method 'com.acleda.training.studentmanagement.features.enrollment.EnrollmentServiceImpl.getEnrollments' with attribute: PROPAGATION_REQUIRED,ISOLATION_DEFAULT,readOnly
2026-08-17 08:31:32.861 TRACE [NO-REQUEST] [main] o.s.t.a.AnnotationTransactionAttributeSource - Adding transactional method 'com.acleda.training.studentmanagement.features.enrollment.EnrollmentServiceImpl.updateEnrollment' with attribute: PROPAGATION_REQUIRED,ISOLATION_DEFAULT
2026-08-17 08:31:32.862 TRACE [NO-REQUEST] [main] o.s.t.a.AnnotationTransactionAttributeSource - Adding transactional method 'com.acleda.training.studentmanagement.features.enrollment.EnrollmentServiceImpl.updateEnrollmentResult' with attribute: PROPAGATION_REQUIRED,ISOLATION_DEFAULT
2026-08-17 08:31:32.862 TRACE [NO-REQUEST] [main] o.s.t.a.AnnotationTransactionAttributeSource - Adding transactional method 'com.acleda.training.studentmanagement.features.enrollment.EnrollmentServiceImpl.deleteEnrollment' with attribute: PROPAGATION_REQUIRED,ISOLATION_DEFAULT
2026-08-17 08:31:32.862 TRACE [NO-REQUEST] [main] o.s.t.a.AnnotationTransactionAttributeSource - Adding transactional method 'com.acleda.training.studentmanagement.features.enrollment.EnrollmentServiceImpl.getEnrollmentById' with attribute: PROPAGATION_REQUIRED,ISOLATION_DEFAULT,readOnly
2026-08-17 08:31:32.862 TRACE [NO-REQUEST] [main] o.s.t.a.AnnotationTransactionAttributeSource - Adding transactional method 'com.acleda.training.studentmanagement.features.enrollment.EnrollmentServiceImpl.createEnrollment' with attribute: PROPAGATION_REQUIRED,ISOLATION_DEFAULT
2026-08-17 08:31:33.116 TRACE [NO-REQUEST] [main] o.s.t.a.AnnotationTransactionAttributeSource - Adding transactional method 'com.acleda.training.studentmanagement.features.instructor.InstructorServiceImpl.deleteInstructor' with attribute: PROPAGATION_REQUIRED,ISOLATION_DEFAULT
2026-08-17 08:31:33.117 TRACE [NO-REQUEST] [main] o.s.t.a.AnnotationTransactionAttributeSource - Adding transactional method 'com.acleda.training.studentmanagement.features.instructor.InstructorServiceImpl.getInstructors' with attribute: PROPAGATION_REQUIRED,ISOLATION_DEFAULT,readOnly
2026-08-17 08:31:33.117 TRACE [NO-REQUEST] [main] o.s.t.a.AnnotationTransactionAttributeSource - Adding transactional method 'com.acleda.training.studentmanagement.features.instructor.InstructorServiceImpl.getInstructorById' with attribute: PROPAGATION_REQUIRED,ISOLATION_DEFAULT,readOnly
2026-08-17 08:31:33.118 TRACE [NO-REQUEST] [main] o.s.t.a.AnnotationTransactionAttributeSource - Adding transactional method 'com.acleda.training.studentmanagement.features.instructor.InstructorServiceImpl.updateInstructor' with attribute: PROPAGATION_REQUIRED,ISOLATION_DEFAULT
2026-08-17 08:31:33.118 TRACE [NO-REQUEST] [main] o.s.t.a.AnnotationTransactionAttributeSource - Adding transactional method 'com.acleda.training.studentmanagement.features.instructor.InstructorServiceImpl.createInstructor' with attribute: PROPAGATION_REQUIRED,ISOLATION_DEFAULT
2026-08-17 08:31:33.124 TRACE [NO-REQUEST] [main] o.s.t.a.AnnotationTransactionAttributeSource - Adding transactional method 'com.acleda.training.studentmanagement.features.student.StudentServiceImpl.getStudents' with attribute: PROPAGATION_REQUIRED,ISOLATION_DEFAULT,readOnly
2026-08-17 08:31:33.125 TRACE [NO-REQUEST] [main] o.s.t.a.AnnotationTransactionAttributeSource - Adding transactional method 'com.acleda.training.studentmanagement.features.student.StudentServiceImpl.getStudentById' with attribute: PROPAGATION_REQUIRED,ISOLATION_DEFAULT,readOnly
2026-08-17 08:31:33.125 TRACE [NO-REQUEST] [main] o.s.t.a.AnnotationTransactionAttributeSource - Adding transactional method 'com.acleda.training.studentmanagement.features.student.StudentServiceImpl.createStudent' with attribute: PROPAGATION_REQUIRED,ISOLATION_DEFAULT
2026-08-17 08:31:33.125 TRACE [NO-REQUEST] [main] o.s.t.a.AnnotationTransactionAttributeSource - Adding transactional method 'com.acleda.training.studentmanagement.features.student.StudentServiceImpl.updateStudent' with attribute: PROPAGATION_REQUIRED,ISOLATION_DEFAULT
2026-08-17 08:31:33.125 TRACE [NO-REQUEST] [main] o.s.t.a.AnnotationTransactionAttributeSource - Adding transactional method 'com.acleda.training.studentmanagement.features.student.StudentServiceImpl.deleteStudent' with attribute: PROPAGATION_REQUIRED,ISOLATION_DEFAULT
2026-08-17 08:31:33.876 INFO  [NO-REQUEST] [main] o.s.b.a.e.web.EndpointLinksResolver - Exposing 1 endpoint beneath base path '/actuator'
2026-08-17 08:31:33.937 INFO  [NO-REQUEST] [main] o.s.boot.tomcat.TomcatWebServer - Tomcat started on port 8080 (http) with context path '/'
2026-08-17 08:31:33.945 INFO  [NO-REQUEST] [main] c.a.t.s.StudentManagementApiApplication - Started StudentManagementApiApplication in 6.165 seconds (process running for 6.759)
2026-08-17 08:31:33.952 TRACE [NO-REQUEST] [main] o.s.t.i.TransactionInterceptor - No need to create transaction for [org.springframework.data.jpa.repository.support.SimpleJpaRepository.existsByUsernameIgnoreCase]: This method is not transactional.
2026-08-17 08:31:34.027 DEBUG [NO-REQUEST] [main] org.hibernate.SQL - 
    select
        au1_0.id 
    from
        app_users au1_0 
    where
        upper(au1_0.username)=upper(?) 
    fetch
        first ? rows only
2026-08-17 08:31:34.028 TRACE [NO-REQUEST] [main] org.hibernate.orm.jdbc.bind - binding parameter (1:VARCHAR) <- [admin]
2026-08-17 08:31:34.028 TRACE [NO-REQUEST] [main] org.hibernate.orm.jdbc.bind - binding parameter (2:INTEGER) <- [1]
2026-08-17 08:31:34.340 INFO  [NO-REQUEST] [RMI TCP Connection(3)-192.168.33.1] o.a.c.c.C.[Tomcat].[localhost].[/] - Initializing Spring DispatcherServlet 'dispatcherServlet'
2026-08-17 08:31:34.340 INFO  [NO-REQUEST] [RMI TCP Connection(3)-192.168.33.1] o.s.web.servlet.DispatcherServlet - Initializing Servlet 'dispatcherServlet'
2026-08-17 08:31:34.343 INFO  [NO-REQUEST] [RMI TCP Connection(3)-192.168.33.1] o.s.web.servlet.DispatcherServlet - Completed initialization in 3 ms
2026-08-17 08:31:38.487 DEBUG [NO-REQUEST] [http-nio-8080-exec-3] o.s.orm.jpa.JpaTransactionManager - Creating new transaction with name [com.acleda.training.studentmanagement.features.auth.CustomUserDetailsService.loadUserByUsername]: PROPAGATION_REQUIRED,ISOLATION_DEFAULT,readOnly
2026-08-17 08:31:38.487 DEBUG [NO-REQUEST] [http-nio-8080-exec-3] o.s.orm.jpa.JpaTransactionManager - Opened new EntityManager [SessionImpl(1251450176<open>)] for JPA transaction
2026-08-17 08:31:38.490 DEBUG [NO-REQUEST] [http-nio-8080-exec-3] o.s.orm.jpa.JpaTransactionManager - Exposing JPA transaction as JDBC [org.springframework.orm.jpa.vendor.HibernateJpaDialect$HibernateConnectionHandle@3604110b]
2026-08-17 08:31:38.490 TRACE [NO-REQUEST] [http-nio-8080-exec-3] o.s.t.i.TransactionInterceptor - Getting transaction for [com.acleda.training.studentmanagement.features.auth.CustomUserDetailsService.loadUserByUsername]
2026-08-17 08:31:38.491 TRACE [NO-REQUEST] [http-nio-8080-exec-3] o.s.t.i.TransactionInterceptor - No need to create transaction for [org.springframework.data.jpa.repository.support.SimpleJpaRepository.findByUsernameIgnoreCase]: This method is not transactional.
2026-08-17 08:31:38.498 DEBUG [NO-REQUEST] [http-nio-8080-exec-3] org.hibernate.SQL - 
    select
        au1_0.id,
        au1_0.created_at,
        au1_0.enabled,
        au1_0.password,
        au1_0.role,
        au1_0.updated_at,
        au1_0.username 
    from
        app_users au1_0 
    where
        upper(au1_0.username)=upper(?)
2026-08-17 08:31:38.499 TRACE [NO-REQUEST] [http-nio-8080-exec-3] org.hibernate.orm.jdbc.bind - binding parameter (1:VARCHAR) <- [admin]
2026-08-17 08:31:38.514 TRACE [NO-REQUEST] [http-nio-8080-exec-3] o.s.t.i.TransactionInterceptor - Completing transaction for [com.acleda.training.studentmanagement.features.auth.CustomUserDetailsService.loadUserByUsername]
2026-08-17 08:31:38.514 DEBUG [NO-REQUEST] [http-nio-8080-exec-3] o.s.orm.jpa.JpaTransactionManager - Initiating transaction commit
2026-08-17 08:31:38.514 DEBUG [NO-REQUEST] [http-nio-8080-exec-3] o.s.orm.jpa.JpaTransactionManager - Committing JPA transaction on EntityManager [SessionImpl(1251450176<open>)]
2026-08-17 08:31:38.516 DEBUG [NO-REQUEST] [http-nio-8080-exec-3] o.s.orm.jpa.JpaTransactionManager - Closing JPA EntityManager after transaction
2026-08-17 08:31:38.530 INFO  [4a1f4a3b-9490-40d4-aafd-2b2523418aae] [http-nio-8080-exec-3] c.a.t.s.l.RequestLoggingInterceptor - API REQUEST | Method: POST | URI: /api/v1/enrollments/transaction-test | Query: null
2026-08-17 08:31:38.584 WARN  [4a1f4a3b-9490-40d4-aafd-2b2523418aae] [http-nio-8080-exec-3] o.h.v.i.m.a.CascadingMetaDataBuilder - HV000271: Using `@Valid` on a container (java.util.List) is deprecated. You should apply the annotation on the type argument(s). Affected element: EnrollmentController#testTransaction(List, HttpServletRequest)
2026-08-17 08:31:38.642 DEBUG [4a1f4a3b-9490-40d4-aafd-2b2523418aae] [http-nio-8080-exec-3] o.s.orm.jpa.JpaTransactionManager - Creating new transaction with name [com.acleda.training.studentmanagement.features.enrollment.EnrollmentServiceImpl.testBulkEnrollmentTransaction]: PROPAGATION_REQUIRED,ISOLATION_DEFAULT
2026-08-17 08:31:38.642 DEBUG [4a1f4a3b-9490-40d4-aafd-2b2523418aae] [http-nio-8080-exec-3] o.s.orm.jpa.JpaTransactionManager - Opened new EntityManager [SessionImpl(298489626<open>)] for JPA transaction
2026-08-17 08:31:38.642 DEBUG [4a1f4a3b-9490-40d4-aafd-2b2523418aae] [http-nio-8080-exec-3] o.s.orm.jpa.JpaTransactionManager - Exposing JPA transaction as JDBC [org.springframework.orm.jpa.vendor.HibernateJpaDialect$HibernateConnectionHandle@6b4e7bbf]
2026-08-17 08:31:38.642 TRACE [4a1f4a3b-9490-40d4-aafd-2b2523418aae] [http-nio-8080-exec-3] o.s.t.i.TransactionInterceptor - Getting transaction for [com.acleda.training.studentmanagement.features.enrollment.EnrollmentServiceImpl.testBulkEnrollmentTransaction]
2026-08-17 08:31:38.643 TRACE [4a1f4a3b-9490-40d4-aafd-2b2523418aae] [http-nio-8080-exec-3] o.s.t.i.TransactionInterceptor - No need to create transaction for [org.springframework.data.jpa.repository.support.SimpleJpaRepository.findByIdAndDeletedFalse]: This method is not transactional.
2026-08-17 08:31:38.648 DEBUG [4a1f4a3b-9490-40d4-aafd-2b2523418aae] [http-nio-8080-exec-3] org.hibernate.SQL - 
    select
        s1_0.id,
        s1_0.address,
        s1_0.created_at,
        s1_0.date_of_birth,
        s1_0.deleted,
        s1_0.email,
        s1_0.enrolled_at,
        s1_0.first_name,
        s1_0.gender,
        s1_0.last_name,
        s1_0.phone_number,
        s1_0.status,
        s1_0.student_code,
        s1_0.updated_at 
    from
        students s1_0 
    where
        s1_0.id=? 
        and s1_0.deleted=false
2026-08-17 08:31:38.649 TRACE [4a1f4a3b-9490-40d4-aafd-2b2523418aae] [http-nio-8080-exec-3] org.hibernate.orm.jdbc.bind - binding parameter (1:UUID) <- [eaafb7fd-ab7c-455c-95ff-51c4c714f683]
2026-08-17 08:31:38.655 TRACE [4a1f4a3b-9490-40d4-aafd-2b2523418aae] [http-nio-8080-exec-3] o.s.t.i.TransactionInterceptor - No need to create transaction for [org.springframework.data.jpa.repository.support.SimpleJpaRepository.findByIdAndDeletedFalse]: This method is not transactional.
2026-08-17 08:31:38.665 DEBUG [4a1f4a3b-9490-40d4-aafd-2b2523418aae] [http-nio-8080-exec-3] org.hibernate.SQL - 
    select
        c1_0.id,
        c1_0.code,
        c1_0.created_at,
        c1_0.credit,
        c1_0.deleted,
        c1_0.department_id,
        c1_0.description,
        c1_0.name,
        c1_0.updated_at 
    from
        courses c1_0 
    where
        c1_0.id=? 
        and c1_0.deleted=false
2026-08-17 08:31:38.665 TRACE [4a1f4a3b-9490-40d4-aafd-2b2523418aae] [http-nio-8080-exec-3] org.hibernate.orm.jdbc.bind - binding parameter (1:UUID) <- [72f6533a-e46f-4207-a747-de920ef76fab]
2026-08-17 08:31:38.675 TRACE [4a1f4a3b-9490-40d4-aafd-2b2523418aae] [http-nio-8080-exec-3] o.s.t.i.TransactionInterceptor - No need to create transaction for [org.springframework.data.jpa.repository.support.SimpleJpaRepository.existsByStudent_IdAndCourse_IdAndSemesterAndAcademicYearAndDeletedFalse]: This method is not transactional.
2026-08-17 08:31:38.678 DEBUG [4a1f4a3b-9490-40d4-aafd-2b2523418aae] [http-nio-8080-exec-3] org.hibernate.SQL - 
    select
        e1_0.id 
    from
        enrollments e1_0 
    where
        e1_0.student_id=? 
        and e1_0.course_id=? 
        and e1_0.semester=? 
        and e1_0.academic_year=? 
        and e1_0.deleted=false 
    fetch
        first ? rows only
2026-08-17 08:31:38.678 TRACE [4a1f4a3b-9490-40d4-aafd-2b2523418aae] [http-nio-8080-exec-3] org.hibernate.orm.jdbc.bind - binding parameter (1:UUID) <- [eaafb7fd-ab7c-455c-95ff-51c4c714f683]
2026-08-17 08:31:38.678 TRACE [4a1f4a3b-9490-40d4-aafd-2b2523418aae] [http-nio-8080-exec-3] org.hibernate.orm.jdbc.bind - binding parameter (2:UUID) <- [72f6533a-e46f-4207-a747-de920ef76fab]
2026-08-17 08:31:38.679 TRACE [4a1f4a3b-9490-40d4-aafd-2b2523418aae] [http-nio-8080-exec-3] org.hibernate.orm.jdbc.bind - binding parameter (3:VARCHAR) <- [SEMESTER_1]
2026-08-17 08:31:38.679 TRACE [4a1f4a3b-9490-40d4-aafd-2b2523418aae] [http-nio-8080-exec-3] org.hibernate.orm.jdbc.bind - binding parameter (4:VARCHAR) <- [2026-2027]
2026-08-17 08:31:38.679 TRACE [4a1f4a3b-9490-40d4-aafd-2b2523418aae] [http-nio-8080-exec-3] org.hibernate.orm.jdbc.bind - binding parameter (5:INTEGER) <- [1]
2026-08-17 08:31:38.686 DEBUG [4a1f4a3b-9490-40d4-aafd-2b2523418aae] [http-nio-8080-exec-3] o.s.orm.jpa.JpaTransactionManager - Found thread-bound EntityManager [SessionImpl(298489626<open>)] for JPA transaction
2026-08-17 08:31:38.686 DEBUG [4a1f4a3b-9490-40d4-aafd-2b2523418aae] [http-nio-8080-exec-3] o.s.orm.jpa.JpaTransactionManager - Participating in existing transaction
2026-08-17 08:31:38.686 TRACE [4a1f4a3b-9490-40d4-aafd-2b2523418aae] [http-nio-8080-exec-3] o.s.t.i.TransactionInterceptor - Getting transaction for [org.springframework.data.jpa.repository.support.SimpleJpaRepository.saveAndFlush]
2026-08-17 08:31:38.705 DEBUG [4a1f4a3b-9490-40d4-aafd-2b2523418aae] [http-nio-8080-exec-3] org.hibernate.SQL - 
    insert 
    into
        enrollments
        (academic_year, course_id, created_at, deleted, enrollment_date, grade, score, semester, status, student_id, updated_at, id) 
    values
        (?, ?, ?, ?, ?, ?, ?, ?, ?, ?, ?, ?)
2026-08-17 08:31:38.707 TRACE [4a1f4a3b-9490-40d4-aafd-2b2523418aae] [http-nio-8080-exec-3] org.hibernate.orm.jdbc.bind - binding parameter (1:VARCHAR) <- [2026-2027]
2026-08-17 08:31:38.707 TRACE [4a1f4a3b-9490-40d4-aafd-2b2523418aae] [http-nio-8080-exec-3] org.hibernate.orm.jdbc.bind - binding parameter (2:UUID) <- [72f6533a-e46f-4207-a747-de920ef76fab]
2026-08-17 08:31:38.707 TRACE [4a1f4a3b-9490-40d4-aafd-2b2523418aae] [http-nio-8080-exec-3] org.hibernate.orm.jdbc.bind - binding parameter (3:TIMESTAMP_UTC) <- [2026-08-17T01:31:38.697988Z]
2026-08-17 08:31:38.708 TRACE [4a1f4a3b-9490-40d4-aafd-2b2523418aae] [http-nio-8080-exec-3] org.hibernate.orm.jdbc.bind - binding parameter (4:BOOLEAN) <- [false]
2026-08-17 08:31:38.708 TRACE [4a1f4a3b-9490-40d4-aafd-2b2523418aae] [http-nio-8080-exec-3] org.hibernate.orm.jdbc.bind - binding parameter (5:DATE) <- [2026-08-17]
2026-08-17 08:31:38.708 TRACE [4a1f4a3b-9490-40d4-aafd-2b2523418aae] [http-nio-8080-exec-3] org.hibernate.orm.jdbc.bind - binding parameter (6:VARCHAR) <- [null]
2026-08-17 08:31:38.708 TRACE [4a1f4a3b-9490-40d4-aafd-2b2523418aae] [http-nio-8080-exec-3] org.hibernate.orm.jdbc.bind - binding parameter (7:DOUBLE) <- [null]
2026-08-17 08:31:38.708 TRACE [4a1f4a3b-9490-40d4-aafd-2b2523418aae] [http-nio-8080-exec-3] org.hibernate.orm.jdbc.bind - binding parameter (8:VARCHAR) <- [SEMESTER_1]
2026-08-17 08:31:38.708 TRACE [4a1f4a3b-9490-40d4-aafd-2b2523418aae] [http-nio-8080-exec-3] org.hibernate.orm.jdbc.bind - binding parameter (9:VARCHAR) <- [ENROLLED]
2026-08-17 08:31:38.709 TRACE [4a1f4a3b-9490-40d4-aafd-2b2523418aae] [http-nio-8080-exec-3] org.hibernate.orm.jdbc.bind - binding parameter (10:UUID) <- [eaafb7fd-ab7c-455c-95ff-51c4c714f683]
2026-08-17 08:31:38.709 TRACE [4a1f4a3b-9490-40d4-aafd-2b2523418aae] [http-nio-8080-exec-3] org.hibernate.orm.jdbc.bind - binding parameter (11:TIMESTAMP_UTC) <- [2026-08-17T01:31:38.697988Z]
2026-08-17 08:31:38.709 TRACE [4a1f4a3b-9490-40d4-aafd-2b2523418aae] [http-nio-8080-exec-3] org.hibernate.orm.jdbc.bind - binding parameter (12:UUID) <- [a7387428-6227-4f54-a0e3-1772e3a2c5c2]
2026-08-17 08:31:38.713 TRACE [4a1f4a3b-9490-40d4-aafd-2b2523418aae] [http-nio-8080-exec-3] o.s.t.i.TransactionInterceptor - Completing transaction for [org.springframework.data.jpa.repository.support.SimpleJpaRepository.saveAndFlush]
2026-08-17 08:31:38.713 TRACE [4a1f4a3b-9490-40d4-aafd-2b2523418aae] [http-nio-8080-exec-3] o.s.t.i.TransactionInterceptor - No need to create transaction for [org.springframework.data.jpa.repository.support.SimpleJpaRepository.findByIdAndDeletedFalse]: This method is not transactional.
2026-08-17 08:31:38.715 DEBUG [4a1f4a3b-9490-40d4-aafd-2b2523418aae] [http-nio-8080-exec-3] org.hibernate.SQL - 
    select
        s1_0.id,
        s1_0.address,
        s1_0.created_at,
        s1_0.date_of_birth,
        s1_0.deleted,
        s1_0.email,
        s1_0.enrolled_at,
        s1_0.first_name,
        s1_0.gender,
        s1_0.last_name,
        s1_0.phone_number,
        s1_0.status,
        s1_0.student_code,
        s1_0.updated_at 
    from
        students s1_0 
    where
        s1_0.id=? 
        and s1_0.deleted=false
2026-08-17 08:31:38.715 TRACE [4a1f4a3b-9490-40d4-aafd-2b2523418aae] [http-nio-8080-exec-3] org.hibernate.orm.jdbc.bind - binding parameter (1:UUID) <- [40b8cd1a-1fdc-4adb-aec1-a8f6b0a9465e]
2026-08-17 08:31:38.717 TRACE [4a1f4a3b-9490-40d4-aafd-2b2523418aae] [http-nio-8080-exec-3] o.s.t.i.TransactionInterceptor - No need to create transaction for [org.springframework.data.jpa.repository.support.SimpleJpaRepository.findByIdAndDeletedFalse]: This method is not transactional.
2026-08-17 08:31:38.718 DEBUG [4a1f4a3b-9490-40d4-aafd-2b2523418aae] [http-nio-8080-exec-3] org.hibernate.SQL - 
    select
        c1_0.id,
        c1_0.code,
        c1_0.created_at,
        c1_0.credit,
        c1_0.deleted,
        c1_0.department_id,
        c1_0.description,
        c1_0.name,
        c1_0.updated_at 
    from
        courses c1_0 
    where
        c1_0.id=? 
        and c1_0.deleted=false
2026-08-17 08:31:38.718 TRACE [4a1f4a3b-9490-40d4-aafd-2b2523418aae] [http-nio-8080-exec-3] org.hibernate.orm.jdbc.bind - binding parameter (1:UUID) <- [1d7be45c-dd6b-4fd3-aec2-1c92b1acd638]
2026-08-17 08:31:38.719 TRACE [4a1f4a3b-9490-40d4-aafd-2b2523418aae] [http-nio-8080-exec-3] o.s.t.i.TransactionInterceptor - No need to create transaction for [org.springframework.data.jpa.repository.support.SimpleJpaRepository.existsByStudent_IdAndCourse_IdAndSemesterAndAcademicYearAndDeletedFalse]: This method is not transactional.
2026-08-17 08:31:38.720 DEBUG [4a1f4a3b-9490-40d4-aafd-2b2523418aae] [http-nio-8080-exec-3] org.hibernate.SQL - 
    select
        e1_0.id 
    from
        enrollments e1_0 
    where
        e1_0.student_id=? 
        and e1_0.course_id=? 
        and e1_0.semester=? 
        and e1_0.academic_year=? 
        and e1_0.deleted=false 
    fetch
        first ? rows only
2026-08-17 08:31:38.720 TRACE [4a1f4a3b-9490-40d4-aafd-2b2523418aae] [http-nio-8080-exec-3] org.hibernate.orm.jdbc.bind - binding parameter (1:UUID) <- [40b8cd1a-1fdc-4adb-aec1-a8f6b0a9465e]
2026-08-17 08:31:38.720 TRACE [4a1f4a3b-9490-40d4-aafd-2b2523418aae] [http-nio-8080-exec-3] org.hibernate.orm.jdbc.bind - binding parameter (2:UUID) <- [1d7be45c-dd6b-4fd3-aec2-1c92b1acd638]
2026-08-17 08:31:38.720 TRACE [4a1f4a3b-9490-40d4-aafd-2b2523418aae] [http-nio-8080-exec-3] org.hibernate.orm.jdbc.bind - binding parameter (3:VARCHAR) <- [SEMESTER_1]
2026-08-17 08:31:38.720 TRACE [4a1f4a3b-9490-40d4-aafd-2b2523418aae] [http-nio-8080-exec-3] org.hibernate.orm.jdbc.bind - binding parameter (4:VARCHAR) <- [2026-2027]
2026-08-17 08:31:38.720 TRACE [4a1f4a3b-9490-40d4-aafd-2b2523418aae] [http-nio-8080-exec-3] org.hibernate.orm.jdbc.bind - binding parameter (5:INTEGER) <- [1]
2026-08-17 08:31:38.721 DEBUG [4a1f4a3b-9490-40d4-aafd-2b2523418aae] [http-nio-8080-exec-3] o.s.orm.jpa.JpaTransactionManager - Found thread-bound EntityManager [SessionImpl(298489626<open>)] for JPA transaction
2026-08-17 08:31:38.721 DEBUG [4a1f4a3b-9490-40d4-aafd-2b2523418aae] [http-nio-8080-exec-3] o.s.orm.jpa.JpaTransactionManager - Participating in existing transaction
2026-08-17 08:31:38.721 TRACE [4a1f4a3b-9490-40d4-aafd-2b2523418aae] [http-nio-8080-exec-3] o.s.t.i.TransactionInterceptor - Getting transaction for [org.springframework.data.jpa.repository.support.SimpleJpaRepository.saveAndFlush]
2026-08-17 08:31:38.721 DEBUG [4a1f4a3b-9490-40d4-aafd-2b2523418aae] [http-nio-8080-exec-3] org.hibernate.SQL - 
    insert 
    into
        enrollments
        (academic_year, course_id, created_at, deleted, enrollment_date, grade, score, semester, status, student_id, updated_at, id) 
    values
        (?, ?, ?, ?, ?, ?, ?, ?, ?, ?, ?, ?)
2026-08-17 08:31:38.721 TRACE [4a1f4a3b-9490-40d4-aafd-2b2523418aae] [http-nio-8080-exec-3] org.hibernate.orm.jdbc.bind - binding parameter (1:VARCHAR) <- [2026-2027]
2026-08-17 08:31:38.721 TRACE [4a1f4a3b-9490-40d4-aafd-2b2523418aae] [http-nio-8080-exec-3] org.hibernate.orm.jdbc.bind - binding parameter (2:UUID) <- [1d7be45c-dd6b-4fd3-aec2-1c92b1acd638]
2026-08-17 08:31:38.722 TRACE [4a1f4a3b-9490-40d4-aafd-2b2523418aae] [http-nio-8080-exec-3] org.hibernate.orm.jdbc.bind - binding parameter (3:TIMESTAMP_UTC) <- [2026-08-17T01:31:38.721554Z]
2026-08-17 08:31:38.722 TRACE [4a1f4a3b-9490-40d4-aafd-2b2523418aae] [http-nio-8080-exec-3] org.hibernate.orm.jdbc.bind - binding parameter (4:BOOLEAN) <- [false]
2026-08-17 08:31:38.722 TRACE [4a1f4a3b-9490-40d4-aafd-2b2523418aae] [http-nio-8080-exec-3] org.hibernate.orm.jdbc.bind - binding parameter (5:DATE) <- [2026-08-17]
2026-08-17 08:31:38.722 TRACE [4a1f4a3b-9490-40d4-aafd-2b2523418aae] [http-nio-8080-exec-3] org.hibernate.orm.jdbc.bind - binding parameter (6:VARCHAR) <- [null]
2026-08-17 08:31:38.722 TRACE [4a1f4a3b-9490-40d4-aafd-2b2523418aae] [http-nio-8080-exec-3] org.hibernate.orm.jdbc.bind - binding parameter (7:DOUBLE) <- [null]
2026-08-17 08:31:38.722 TRACE [4a1f4a3b-9490-40d4-aafd-2b2523418aae] [http-nio-8080-exec-3] org.hibernate.orm.jdbc.bind - binding parameter (8:VARCHAR) <- [SEMESTER_1]
2026-08-17 08:31:38.722 TRACE [4a1f4a3b-9490-40d4-aafd-2b2523418aae] [http-nio-8080-exec-3] org.hibernate.orm.jdbc.bind - binding parameter (9:VARCHAR) <- [ENROLLED]
2026-08-17 08:31:38.722 TRACE [4a1f4a3b-9490-40d4-aafd-2b2523418aae] [http-nio-8080-exec-3] org.hibernate.orm.jdbc.bind - binding parameter (10:UUID) <- [40b8cd1a-1fdc-4adb-aec1-a8f6b0a9465e]
2026-08-17 08:31:38.722 TRACE [4a1f4a3b-9490-40d4-aafd-2b2523418aae] [http-nio-8080-exec-3] org.hibernate.orm.jdbc.bind - binding parameter (11:TIMESTAMP_UTC) <- [2026-08-17T01:31:38.721554Z]
2026-08-17 08:31:38.722 TRACE [4a1f4a3b-9490-40d4-aafd-2b2523418aae] [http-nio-8080-exec-3] org.hibernate.orm.jdbc.bind - binding parameter (12:UUID) <- [8caff721-6668-4d85-baf3-58de96c64f2f]
2026-08-17 08:31:38.724 TRACE [4a1f4a3b-9490-40d4-aafd-2b2523418aae] [http-nio-8080-exec-3] o.s.t.i.TransactionInterceptor - Completing transaction for [org.springframework.data.jpa.repository.support.SimpleJpaRepository.saveAndFlush]
2026-08-17 08:31:38.724 TRACE [4a1f4a3b-9490-40d4-aafd-2b2523418aae] [http-nio-8080-exec-3] o.s.t.i.TransactionInterceptor - No need to create transaction for [org.springframework.data.jpa.repository.support.SimpleJpaRepository.findByIdAndDeletedFalse]: This method is not transactional.
2026-08-17 08:31:38.724 DEBUG [4a1f4a3b-9490-40d4-aafd-2b2523418aae] [http-nio-8080-exec-3] org.hibernate.SQL - 
    select
        s1_0.id,
        s1_0.address,
        s1_0.created_at,
        s1_0.date_of_birth,
        s1_0.deleted,
        s1_0.email,
        s1_0.enrolled_at,
        s1_0.first_name,
        s1_0.gender,
        s1_0.last_name,
        s1_0.phone_number,
        s1_0.status,
        s1_0.student_code,
        s1_0.updated_at 
    from
        students s1_0 
    where
        s1_0.id=? 
        and s1_0.deleted=false
2026-08-17 08:31:38.725 TRACE [4a1f4a3b-9490-40d4-aafd-2b2523418aae] [http-nio-8080-exec-3] org.hibernate.orm.jdbc.bind - binding parameter (1:UUID) <- [b7874d8b-2513-47ad-994d-12f81c7af427]
2026-08-17 08:31:38.725 TRACE [4a1f4a3b-9490-40d4-aafd-2b2523418aae] [http-nio-8080-exec-3] o.s.t.i.TransactionInterceptor - No need to create transaction for [org.springframework.data.jpa.repository.support.SimpleJpaRepository.findByIdAndDeletedFalse]: This method is not transactional.
2026-08-17 08:31:38.725 DEBUG [4a1f4a3b-9490-40d4-aafd-2b2523418aae] [http-nio-8080-exec-3] org.hibernate.SQL - 
    select
        c1_0.id,
        c1_0.code,
        c1_0.created_at,
        c1_0.credit,
        c1_0.deleted,
        c1_0.department_id,
        c1_0.description,
        c1_0.name,
        c1_0.updated_at 
    from
        courses c1_0 
    where
        c1_0.id=? 
        and c1_0.deleted=false
2026-08-17 08:31:38.727 TRACE [4a1f4a3b-9490-40d4-aafd-2b2523418aae] [http-nio-8080-exec-3] org.hibernate.orm.jdbc.bind - binding parameter (1:UUID) <- [6b39c013-b472-4a3b-8083-32d35da2babf]
2026-08-17 08:31:38.728 TRACE [4a1f4a3b-9490-40d4-aafd-2b2523418aae] [http-nio-8080-exec-3] o.s.t.i.TransactionInterceptor - No need to create transaction for [org.springframework.data.jpa.repository.support.SimpleJpaRepository.existsByStudent_IdAndCourse_IdAndSemesterAndAcademicYearAndDeletedFalse]: This method is not transactional.
2026-08-17 08:31:38.728 DEBUG [4a1f4a3b-9490-40d4-aafd-2b2523418aae] [http-nio-8080-exec-3] org.hibernate.SQL - 
    select
        e1_0.id 
    from
        enrollments e1_0 
    where
        e1_0.student_id=? 
        and e1_0.course_id=? 
        and e1_0.semester=? 
        and e1_0.academic_year=? 
        and e1_0.deleted=false 
    fetch
        first ? rows only
2026-08-17 08:31:38.730 TRACE [4a1f4a3b-9490-40d4-aafd-2b2523418aae] [http-nio-8080-exec-3] org.hibernate.orm.jdbc.bind - binding parameter (1:UUID) <- [b7874d8b-2513-47ad-994d-12f81c7af427]
2026-08-17 08:31:38.730 TRACE [4a1f4a3b-9490-40d4-aafd-2b2523418aae] [http-nio-8080-exec-3] org.hibernate.orm.jdbc.bind - binding parameter (2:UUID) <- [6b39c013-b472-4a3b-8083-32d35da2babf]
2026-08-17 08:31:38.730 TRACE [4a1f4a3b-9490-40d4-aafd-2b2523418aae] [http-nio-8080-exec-3] org.hibernate.orm.jdbc.bind - binding parameter (3:VARCHAR) <- [SEMESTER_1]
2026-08-17 08:31:38.730 TRACE [4a1f4a3b-9490-40d4-aafd-2b2523418aae] [http-nio-8080-exec-3] org.hibernate.orm.jdbc.bind - binding parameter (4:VARCHAR) <- [2026-2027]
2026-08-17 08:31:38.730 TRACE [4a1f4a3b-9490-40d4-aafd-2b2523418aae] [http-nio-8080-exec-3] org.hibernate.orm.jdbc.bind - binding parameter (5:INTEGER) <- [1]
2026-08-17 08:31:38.731 TRACE [4a1f4a3b-9490-40d4-aafd-2b2523418aae] [http-nio-8080-exec-3] o.s.t.i.TransactionInterceptor - Completing transaction for [com.acleda.training.studentmanagement.features.enrollment.EnrollmentServiceImpl.testBulkEnrollmentTransaction] after exception: com.acleda.training.studentmanagement.exception.ConflictException: Student is already enrolled in this course for SEMESTER_1 2026-2027
2026-08-17 08:31:38.731 TRACE [4a1f4a3b-9490-40d4-aafd-2b2523418aae] [http-nio-8080-exec-3] o.s.t.i.TransactionInterceptor - MethodRollbackEvent: com.acleda.training.studentmanagement.features.enrollment.EnrollmentServiceImpl.testBulkEnrollmentTransaction [com.acleda.training.studentmanagement.exception.ConflictException: Student is already enrolled in this course for SEMESTER_1 2026-2027]
com.acleda.training.studentmanagement.exception.ConflictException: Student is already enrolled in this course for SEMESTER_1 2026-2027
	at com.acleda.training.studentmanagement.features.enrollment.EnrollmentServiceImpl.createEnrollment(EnrollmentServiceImpl.java:75)
	at com.acleda.training.studentmanagement.features.enrollment.EnrollmentServiceImpl.testBulkEnrollmentTransaction(EnrollmentServiceImpl.java:322)
	at java.base/jdk.internal.reflect.DirectMethodHandleAccessor.invoke(DirectMethodHandleAccessor.java:104)
	at java.base/java.lang.reflect.Method.invoke(Method.java:565)
	at org.springframework.aop.support.AopUtils.invokeJoinpointUsingReflection(AopUtils.java:359)
	at org.springframework.aop.framework.ReflectiveMethodInvocation.invokeJoinpoint(ReflectiveMethodInvocation.java:190)
	at org.springframework.aop.framework.ReflectiveMethodInvocation.proceed(ReflectiveMethodInvocation.java:158)
	at org.springframework.transaction.interceptor.TransactionInterceptor$1.proceedWithInvocation(TransactionInterceptor.java:133)
	at org.springframework.transaction.interceptor.TransactionAspectSupport.invokeWithinTransaction(TransactionAspectSupport.java:371)
	at org.springframework.transaction.interceptor.TransactionInterceptor.invoke(TransactionInterceptor.java:130)
	at org.springframework.aop.framework.ReflectiveMethodInvocation.proceed(ReflectiveMethodInvocation.java:179)
	at org.springframework.aop.framework.CglibAopProxy$DynamicAdvisedInterceptor.intercept(CglibAopProxy.java:719)
	at com.acleda.training.studentmanagement.features.enrollment.EnrollmentServiceImpl$$SpringCGLIB$$0.testBulkEnrollmentTransaction(<generated>)
	at com.acleda.training.studentmanagement.features.enrollment.EnrollmentController.testTransaction(EnrollmentController.java:223)
	at java.base/jdk.internal.reflect.DirectMethodHandleAccessor.invoke(DirectMethodHandleAccessor.java:104)
	at java.base/java.lang.reflect.Method.invoke(Method.java:565)
	at org.springframework.web.method.support.InvocableHandlerMethod.doInvoke(InvocableHandlerMethod.java:252)
	at org.springframework.web.method.support.InvocableHandlerMethod.invokeForRequest(InvocableHandlerMethod.java:184)
	at org.springframework.web.servlet.mvc.method.annotation.ServletInvocableHandlerMethod.invokeAndHandle(ServletInvocableHandlerMethod.java:117)
	at org.springframework.web.servlet.mvc.method.annotation.RequestMappingHandlerAdapter.invokeHandlerMethod(RequestMappingHandlerAdapter.java:934)
	at org.springframework.web.servlet.mvc.method.annotation.RequestMappingHandlerAdapter.handleInternal(RequestMappingHandlerAdapter.java:853)
	at org.springframework.web.servlet.mvc.method.AbstractHandlerMethodAdapter.handle(AbstractHandlerMethodAdapter.java:86)
	at org.springframework.web.servlet.DispatcherServlet.doDispatch(DispatcherServlet.java:963)
	at org.springframework.web.servlet.DispatcherServlet.doService(DispatcherServlet.java:866)
	at org.springframework.web.servlet.FrameworkServlet.processRequest(FrameworkServlet.java:1000)
	at org.springframework.web.servlet.FrameworkServlet.doPost(FrameworkServlet.java:903)
	at jakarta.servlet.http.HttpServlet.service(HttpServlet.java:649)
	at org.springframework.web.servlet.FrameworkServlet.service(FrameworkServlet.java:874)
	at jakarta.servlet.http.HttpServlet.service(HttpServlet.java:710)
	at org.apache.catalina.core.ApplicationFilterChain.doFilter(ApplicationFilterChain.java:128)
	at org.apache.tomcat.websocket.server.WsFilter.doFilter(WsFilter.java:53)
	at org.apache.catalina.core.ApplicationFilterChain.doFilter(ApplicationFilterChain.java:107)
	at com.acleda.training.studentmanagement.logging.RequestIdFilter.doFilterInternal(RequestIdFilter.java:40)
	at org.springframework.web.filter.OncePerRequestFilter.doFilter(OncePerRequestFilter.java:116)
	at org.apache.catalina.core.ApplicationFilterChain.doFilter(ApplicationFilterChain.java:107)
	at org.springframework.web.filter.OncePerRequestFilter.doFilter(OncePerRequestFilter.java:110)
	at org.apache.catalina.core.ApplicationFilterChain.doFilter(ApplicationFilterChain.java:107)
	at org.springframework.web.filter.OncePerRequestFilter.doFilter(OncePerRequestFilter.java:101)
	at org.apache.catalina.core.ApplicationFilterChain.doFilter(ApplicationFilterChain.java:107)
	at org.springframework.web.filter.CompositeFilter$VirtualFilterChain.doFilter(CompositeFilter.java:108)
	at org.springframework.security.web.FilterChainProxy.lambda$doFilterInternal$2(FilterChainProxy.java:235)
	at org.springframework.security.web.ObservationFilterChainDecorator$FilterObservation$SimpleFilterObservation.lambda$wrap$1(ObservationFilterChainDecorator.java:491)
	at org.springframework.security.web.ObservationFilterChainDecorator$AroundFilterObservation$SimpleAroundFilterObservation.lambda$wrap$1(ObservationFilterChainDecorator.java:353)
	at org.springframework.security.web.ObservationFilterChainDecorator.lambda$wrapSecured$0(ObservationFilterChainDecorator.java:84)
	at org.springframework.security.web.ObservationFilterChainDecorator$VirtualFilterChain.doFilter(ObservationFilterChainDecorator.java:131)
	at org.springframework.security.web.access.intercept.AuthorizationFilter.doFilter(AuthorizationFilter.java:101)
	at org.springframework.security.web.ObservationFilterChainDecorator$ObservationFilter.wrapFilter(ObservationFilterChainDecorator.java:243)
	at org.springframework.security.web.ObservationFilterChainDecorator$ObservationFilter.doFilter(ObservationFilterChainDecorator.java:230)
	at org.springframework.security.web.ObservationFilterChainDecorator$VirtualFilterChain.doFilter(ObservationFilterChainDecorator.java:140)
	at org.springframework.security.web.access.ExceptionTranslationFilter.doFilter(ExceptionTranslationFilter.java:126)
	at org.springframework.security.web.access.ExceptionTranslationFilter.doFilter(ExceptionTranslationFilter.java:120)
	at org.springframework.security.web.ObservationFilterChainDecorator$ObservationFilter.wrapFilter(ObservationFilterChainDecorator.java:243)
	at org.springframework.security.web.ObservationFilterChainDecorator$ObservationFilter.doFilter(ObservationFilterChainDecorator.java:230)
	at org.springframework.security.web.ObservationFilterChainDecorator$VirtualFilterChain.doFilter(ObservationFilterChainDecorator.java:140)
	at org.springframework.security.web.session.SessionManagementFilter.doFilter(SessionManagementFilter.java:132)
	at org.springframework.security.web.session.SessionManagementFilter.doFilter(SessionManagementFilter.java:86)
	at org.springframework.security.web.ObservationFilterChainDecorator$ObservationFilter.wrapFilter(ObservationFilterChainDecorator.java:243)
	at org.springframework.security.web.ObservationFilterChainDecorator$ObservationFilter.doFilter(ObservationFilterChainDecorator.java:230)
	at org.springframework.security.web.ObservationFilterChainDecorator$VirtualFilterChain.doFilter(ObservationFilterChainDecorator.java:140)
	at org.springframework.security.web.authentication.AnonymousAuthenticationFilter.doFilter(AnonymousAuthenticationFilter.java:100)
	at org.springframework.security.web.ObservationFilterChainDecorator$ObservationFilter.wrapFilter(ObservationFilterChainDecorator.java:243)
	at org.springframework.security.web.ObservationFilterChainDecorator$ObservationFilter.doFilter(ObservationFilterChainDecorator.java:230)
	at org.springframework.security.web.ObservationFilterChainDecorator$VirtualFilterChain.doFilter(ObservationFilterChainDecorator.java:140)
	at org.springframework.security.web.servletapi.SecurityContextHolderAwareRequestFilter.doFilter(SecurityContextHolderAwareRequestFilter.java:181)
	at org.springframework.security.web.ObservationFilterChainDecorator$ObservationFilter.wrapFilter(ObservationFilterChainDecorator.java:243)
	at org.springframework.security.web.ObservationFilterChainDecorator$ObservationFilter.doFilter(ObservationFilterChainDecorator.java:230)
	at org.springframework.security.web.ObservationFilterChainDecorator$VirtualFilterChain.doFilter(ObservationFilterChainDecorator.java:140)
	at org.springframework.security.web.savedrequest.RequestCacheAwareFilter.doFilter(RequestCacheAwareFilter.java:63)
	at org.springframework.security.web.ObservationFilterChainDecorator$ObservationFilter.wrapFilter(ObservationFilterChainDecorator.java:243)
	at org.springframework.security.web.ObservationFilterChainDecorator$ObservationFilter.doFilter(ObservationFilterChainDecorator.java:230)
	at org.springframework.security.web.ObservationFilterChainDecorator$VirtualFilterChain.doFilter(ObservationFilterChainDecorator.java:140)
	at com.acleda.training.studentmanagement.features.auth.JwtAuthenticationFilter.doFilterInternal(JwtAuthenticationFilter.java:91)
	at org.springframework.web.filter.OncePerRequestFilter.doFilter(OncePerRequestFilter.java:116)
	at org.springframework.security.web.ObservationFilterChainDecorator$ObservationFilter.wrapFilter(ObservationFilterChainDecorator.java:243)
	at org.springframework.security.web.ObservationFilterChainDecorator$ObservationFilter.doFilter(ObservationFilterChainDecorator.java:230)
	at org.springframework.security.web.ObservationFilterChainDecorator$VirtualFilterChain.doFilter(ObservationFilterChainDecorator.java:140)
	at org.springframework.security.web.header.HeaderWriterFilter.doHeadersAfter(HeaderWriterFilter.java:90)
	at org.springframework.security.web.header.HeaderWriterFilter.doFilterInternal(HeaderWriterFilter.java:75)
	at org.springframework.web.filter.OncePerRequestFilter.doFilter(OncePerRequestFilter.java:116)
	at org.springframework.security.web.ObservationFilterChainDecorator$ObservationFilter.wrapFilter(ObservationFilterChainDecorator.java:243)
	at org.springframework.security.web.ObservationFilterChainDecorator$ObservationFilter.doFilter(ObservationFilterChainDecorator.java:230)
	at org.springframework.security.web.ObservationFilterChainDecorator$VirtualFilterChain.doFilter(ObservationFilterChainDecorator.java:140)
	at org.springframework.security.web.context.SecurityContextHolderFilter.doFilter(SecurityContextHolderFilter.java:82)
	at org.springframework.security.web.context.SecurityContextHolderFilter.doFilter(SecurityContextHolderFilter.java:69)
	at org.springframework.security.web.ObservationFilterChainDecorator$ObservationFilter.wrapFilter(ObservationFilterChainDecorator.java:243)
	at org.springframework.security.web.ObservationFilterChainDecorator$ObservationFilter.doFilter(ObservationFilterChainDecorator.java:230)
	at org.springframework.security.web.ObservationFilterChainDecorator$VirtualFilterChain.doFilter(ObservationFilterChainDecorator.java:140)
	at org.springframework.security.web.context.request.async.WebAsyncManagerIntegrationFilter.doFilterInternal(WebAsyncManagerIntegrationFilter.java:62)
	at org.springframework.web.filter.OncePerRequestFilter.doFilter(OncePerRequestFilter.java:116)
	at org.springframework.security.web.ObservationFilterChainDecorator$ObservationFilter.wrapFilter(ObservationFilterChainDecorator.java:243)
	at org.springframework.security.web.ObservationFilterChainDecorator$ObservationFilter.doFilter(ObservationFilterChainDecorator.java:230)
	at org.springframework.security.web.ObservationFilterChainDecorator$VirtualFilterChain.doFilter(ObservationFilterChainDecorator.java:140)
	at org.springframework.security.web.session.DisableEncodeUrlFilter.doFilterInternal(DisableEncodeUrlFilter.java:42)
	at org.springframework.web.filter.OncePerRequestFilter.doFilter(OncePerRequestFilter.java:116)
	at org.springframework.security.web.ObservationFilterChainDecorator$ObservationFilter.wrapFilter(ObservationFilterChainDecorator.java:243)
	at org.springframework.security.web.ObservationFilterChainDecorator$AroundFilterObservation$SimpleAroundFilterObservation.lambda$wrap$0(ObservationFilterChainDecorator.java:336)
	at org.springframework.security.web.ObservationFilterChainDecorator$ObservationFilter.doFilter(ObservationFilterChainDecorator.java:227)
	at org.springframework.security.web.ObservationFilterChainDecorator$VirtualFilterChain.doFilter(ObservationFilterChainDecorator.java:140)
	at org.springframework.security.web.FilterChainProxy.doFilterInternal(FilterChainProxy.java:237)
	at org.springframework.security.web.FilterChainProxy.doFilter(FilterChainProxy.java:195)
	at org.springframework.web.filter.CompositeFilter$VirtualFilterChain.doFilter(CompositeFilter.java:113)
	at org.springframework.web.filter.ServletRequestPathFilter.doFilter(ServletRequestPathFilter.java:52)
	at org.springframework.web.filter.CompositeFilter$VirtualFilterChain.doFilter(CompositeFilter.java:113)
	at org.springframework.web.filter.CompositeFilter.doFilter(CompositeFilter.java:74)
	at org.springframework.security.config.annotation.web.configuration.WebSecurityConfiguration$CompositeFilterChainProxy.doFilter(WebSecurityConfiguration.java:317)
	at org.springframework.web.filter.DelegatingFilterProxy.invokeDelegate(DelegatingFilterProxy.java:355)
	at org.springframework.web.filter.DelegatingFilterProxy.doFilter(DelegatingFilterProxy.java:272)
	at org.apache.catalina.core.ApplicationFilterChain.doFilter(ApplicationFilterChain.java:107)
	at org.springframework.web.filter.RequestContextFilter.doFilterInternal(RequestContextFilter.java:100)
	at org.springframework.web.filter.OncePerRequestFilter.doFilter(OncePerRequestFilter.java:116)
	at org.apache.catalina.core.ApplicationFilterChain.doFilter(ApplicationFilterChain.java:107)
	at org.springframework.web.filter.FormContentFilter.doFilterInternal(FormContentFilter.java:93)
	at org.springframework.web.filter.OncePerRequestFilter.doFilter(OncePerRequestFilter.java:116)
	at org.apache.catalina.core.ApplicationFilterChain.doFilter(ApplicationFilterChain.java:107)
	at org.springframework.web.filter.ServerHttpObservationFilter.doFilterInternal(ServerHttpObservationFilter.java:110)
	at org.springframework.web.filter.OncePerRequestFilter.doFilter(OncePerRequestFilter.java:116)
	at org.apache.catalina.core.ApplicationFilterChain.doFilter(ApplicationFilterChain.java:107)
	at org.springframework.web.filter.CharacterEncodingFilter.doFilterInternal(CharacterEncodingFilter.java:199)
	at org.springframework.web.filter.OncePerRequestFilter.doFilter(OncePerRequestFilter.java:116)
	at org.apache.catalina.core.ApplicationFilterChain.doFilter(ApplicationFilterChain.java:107)
	at org.apache.catalina.core.StandardWrapperValve.invoke(StandardWrapperValve.java:165)
	at org.apache.catalina.core.StandardContextValve.invoke(StandardContextValve.java:77)
	at org.apache.catalina.authenticator.AuthenticatorBase.invoke(AuthenticatorBase.java:492)
	at org.apache.catalina.core.StandardHostValve.invoke(StandardHostValve.java:113)
	at org.apache.catalina.valves.ErrorReportValve.invoke(ErrorReportValve.java:83)
	at org.apache.catalina.core.StandardEngineValve.invoke(StandardEngineValve.java:72)
	at org.apache.catalina.connector.CoyoteAdapter.service(CoyoteAdapter.java:341)
	at org.apache.coyote.http11.Http11Processor.service(Http11Processor.java:397)
	at org.apache.coyote.AbstractProcessorLight.process(AbstractProcessorLight.java:63)
	at org.apache.coyote.AbstractProtocol$ConnectionHandler.process(AbstractProtocol.java:1272)
	at org.apache.tomcat.util.net.NioEndpoint$SocketProcessor.doRun(NioEndpoint.java:1801)
	at org.apache.tomcat.util.net.SocketProcessorBase.run(SocketProcessorBase.java:52)
	at org.apache.tomcat.util.threads.ThreadPoolExecutor.runWorker(ThreadPoolExecutor.java:946)
	at org.apache.tomcat.util.threads.ThreadPoolExecutor$Worker.run(ThreadPoolExecutor.java:480)
	at org.apache.tomcat.util.threads.TaskThread$WrappingRunnable.run(TaskThread.java:57)
	at java.base/java.lang.Thread.run(Thread.java:1474)
2026-08-17 08:31:38.735 DEBUG [4a1f4a3b-9490-40d4-aafd-2b2523418aae] [http-nio-8080-exec-3] o.s.orm.jpa.JpaTransactionManager - Initiating transaction rollback
2026-08-17 08:31:38.735 DEBUG [4a1f4a3b-9490-40d4-aafd-2b2523418aae] [http-nio-8080-exec-3] o.s.orm.jpa.JpaTransactionManager - Rolling back JPA transaction on EntityManager [SessionImpl(298489626<open>)]
2026-08-17 08:31:38.737 DEBUG [4a1f4a3b-9490-40d4-aafd-2b2523418aae] [http-nio-8080-exec-3] o.s.orm.jpa.JpaTransactionManager - Closing JPA EntityManager after transaction
2026-08-17 08:31:38.739 WARN  [4a1f4a3b-9490-40d4-aafd-2b2523418aae] [http-nio-8080-exec-3] c.a.t.s.e.GlobalExceptionHandler - CONFLICT | Method: POST | URI: /api/v1/enrollments/transaction-test | Message: Student is already enrolled in this course for SEMESTER_1 2026-2027
2026-08-17 08:31:38.780 INFO  [4a1f4a3b-9490-40d4-aafd-2b2523418aae] [http-nio-8080-exec-3] c.a.t.s.l.RequestLoggingInterceptor - API RESPONSE | Method: POST | URI: /api/v1/enrollments/transaction-test | Status: 409 | Duration: 250ms
2026-08-17 08:39:51.650 INFO  [NO-REQUEST] [SpringApplicationShutdownHook] o.s.boot.tomcat.GracefulShutdown - Commencing graceful shutdown. Waiting for active requests to complete
2026-08-17 08:39:51.658 INFO  [NO-REQUEST] [tomcat-shutdown] o.s.boot.tomcat.GracefulShutdown - Graceful shutdown complete
2026-08-17 08:39:53.691 INFO  [NO-REQUEST] [SpringApplicationShutdownHook] o.s.o.j.LocalContainerEntityManagerFactoryBean - Closing JPA EntityManagerFactory for persistence unit 'default'
2026-08-17 08:39:53.693 INFO  [NO-REQUEST] [SpringApplicationShutdownHook] com.zaxxer.hikari.HikariDataSource - HikariPool-1 - Shutdown initiated...
2026-08-17 08:39:53.695 INFO  [NO-REQUEST] [SpringApplicationShutdownHook] com.zaxxer.hikari.HikariDataSource - HikariPool-1 - Shutdown completed.
2026-08-17 08:41:05.106 INFO  [NO-REQUEST] [main] c.a.t.s.StudentManagementApiApplication - Starting StudentManagementApiApplication using Java 25.0.4 with PID 15612 (D:\student-management-api\build\classes\java\main started by USER in D:\student-management-api)
2026-08-17 08:41:05.109 INFO  [NO-REQUEST] [main] c.a.t.s.StudentManagementApiApplication - No active profile set, falling back to 1 default profile: "default"
2026-08-17 08:41:06.007 INFO  [NO-REQUEST] [main] o.s.d.r.c.RepositoryConfigurationDelegate - Multiple Spring Data modules found, entering strict repository configuration mode
2026-08-17 08:41:06.009 INFO  [NO-REQUEST] [main] o.s.d.r.c.RepositoryConfigurationDelegate - Bootstrapping Spring Data JPA repositories in DEFAULT mode.
2026-08-17 08:41:06.135 INFO  [NO-REQUEST] [main] o.s.d.r.c.RepositoryConfigurationDelegate - Finished Spring Data repository scanning in 119 ms. Found 7 JPA repository interfaces.
2026-08-17 08:41:06.150 INFO  [NO-REQUEST] [main] o.s.d.r.c.RepositoryConfigurationDelegate - Multiple Spring Data modules found, entering strict repository configuration mode
2026-08-17 08:41:06.151 INFO  [NO-REQUEST] [main] o.s.d.r.c.RepositoryConfigurationDelegate - Bootstrapping Spring Data Redis repositories in DEFAULT mode.
2026-08-17 08:41:06.167 INFO  [NO-REQUEST] [main] o.s.d.r.c.RepositoryConfigurationExtensionSupport - Spring Data Redis - Could not safely identify store assignment for repository candidate interface com.acleda.training.studentmanagement.features.auth.AppUserRepository; If you want this repository to be a Redis repository, consider annotating your entities with one of these annotations: org.springframework.data.redis.core.RedisHash (preferred), or consider extending one of the following types with your repository: org.springframework.data.keyvalue.repository.KeyValueRepository
2026-08-17 08:41:06.168 INFO  [NO-REQUEST] [main] o.s.d.r.c.RepositoryConfigurationExtensionSupport - Spring Data Redis - Could not safely identify store assignment for repository candidate interface com.acleda.training.studentmanagement.features.course.CourseRepository; If you want this repository to be a Redis repository, consider annotating your entities with one of these annotations: org.springframework.data.redis.core.RedisHash (preferred), or consider extending one of the following types with your repository: org.springframework.data.keyvalue.repository.KeyValueRepository
2026-08-17 08:41:06.169 INFO  [NO-REQUEST] [main] o.s.d.r.c.RepositoryConfigurationExtensionSupport - Spring Data Redis - Could not safely identify store assignment for repository candidate interface com.acleda.training.studentmanagement.features.course.offering.CourseOfferingRepository; If you want this repository to be a Redis repository, consider annotating your entities with one of these annotations: org.springframework.data.redis.core.RedisHash (preferred), or consider extending one of the following types with your repository: org.springframework.data.keyvalue.repository.KeyValueRepository
2026-08-17 08:41:06.169 INFO  [NO-REQUEST] [main] o.s.d.r.c.RepositoryConfigurationExtensionSupport - Spring Data Redis - Could not safely identify store assignment for repository candidate interface com.acleda.training.studentmanagement.features.department.DepartmentRepository; If you want this repository to be a Redis repository, consider annotating your entities with one of these annotations: org.springframework.data.redis.core.RedisHash (preferred), or consider extending one of the following types with your repository: org.springframework.data.keyvalue.repository.KeyValueRepository
2026-08-17 08:41:06.169 INFO  [NO-REQUEST] [main] o.s.d.r.c.RepositoryConfigurationExtensionSupport - Spring Data Redis - Could not safely identify store assignment for repository candidate interface com.acleda.training.studentmanagement.features.enrollment.EnrollmentRepository; If you want this repository to be a Redis repository, consider annotating your entities with one of these annotations: org.springframework.data.redis.core.RedisHash (preferred), or consider extending one of the following types with your repository: org.springframework.data.keyvalue.repository.KeyValueRepository
2026-08-17 08:41:06.169 INFO  [NO-REQUEST] [main] o.s.d.r.c.RepositoryConfigurationExtensionSupport - Spring Data Redis - Could not safely identify store assignment for repository candidate interface com.acleda.training.studentmanagement.features.instructor.InstructorRepository; If you want this repository to be a Redis repository, consider annotating your entities with one of these annotations: org.springframework.data.redis.core.RedisHash (preferred), or consider extending one of the following types with your repository: org.springframework.data.keyvalue.repository.KeyValueRepository
2026-08-17 08:41:06.169 INFO  [NO-REQUEST] [main] o.s.d.r.c.RepositoryConfigurationExtensionSupport - Spring Data Redis - Could not safely identify store assignment for repository candidate interface com.acleda.training.studentmanagement.features.student.StudentRepository; If you want this repository to be a Redis repository, consider annotating your entities with one of these annotations: org.springframework.data.redis.core.RedisHash (preferred), or consider extending one of the following types with your repository: org.springframework.data.keyvalue.repository.KeyValueRepository
2026-08-17 08:41:06.169 INFO  [NO-REQUEST] [main] o.s.d.r.c.RepositoryConfigurationDelegate - Finished Spring Data repository scanning in 10 ms. Found 0 Redis repository interfaces.
2026-08-17 08:41:06.685 INFO  [NO-REQUEST] [main] o.s.boot.tomcat.TomcatWebServer - Tomcat initialized with port 8080 (http)
2026-08-17 08:41:06.695 INFO  [NO-REQUEST] [main] o.a.catalina.core.StandardService - Starting service [Tomcat]
2026-08-17 08:41:06.696 INFO  [NO-REQUEST] [main] o.a.catalina.core.StandardEngine - Starting Servlet engine: [Apache Tomcat/11.0.22]
2026-08-17 08:41:06.755 INFO  [NO-REQUEST] [main] o.s.b.w.c.s.WebApplicationContextInitializer - Root WebApplicationContext: initialization completed in 1618 ms
2026-08-17 08:41:06.984 INFO  [NO-REQUEST] [main] org.hibernate.orm.jpa - HHH008540: Processing PersistenceUnitInfo [name: default]
2026-08-17 08:41:07.022 INFO  [NO-REQUEST] [main] org.hibernate.orm.core - HHH000001: Hibernate ORM core version 7.4.1.Final
2026-08-17 08:41:07.334 INFO  [NO-REQUEST] [main] o.s.o.j.p.SpringPersistenceUnitInfo - No LoadTimeWeaver setup: ignoring JPA class transformer
2026-08-17 08:41:07.357 INFO  [NO-REQUEST] [main] com.zaxxer.hikari.HikariDataSource - HikariPool-1 - Starting...
2026-08-17 08:41:07.490 INFO  [NO-REQUEST] [main] com.zaxxer.hikari.pool.HikariPool - HikariPool-1 - Added connection org.postgresql.jdbc.PgConnection@2ba9ed19
2026-08-17 08:41:07.491 INFO  [NO-REQUEST] [main] com.zaxxer.hikari.HikariDataSource - HikariPool-1 - Start completed.
2026-08-17 08:41:07.547 INFO  [NO-REQUEST] [main] o.hibernate.orm.connections.pooling - HHH10001005: Database info:
	Database JDBC URL [jdbc:postgresql://localhost:5432/student_management_db]
	Database driver: PostgreSQL JDBC Driver
	Database dialect: PostgreSQLDialect
	Database version: 18.4
	Default catalog/schema: student_management_db/public
	Autocommit mode: undefined/unknown
	Isolation level: READ_COMMITTED [default READ_COMMITTED]
	JDBC fetch size: none
	Pool: DataSourceConnectionProvider
	Minimum pool size: undefined/unknown
	Maximum pool size: undefined/unknown
2026-08-17 08:41:08.345 INFO  [NO-REQUEST] [main] org.hibernate.orm.core - HHH000489: No JTA platform available (set 'hibernate.transaction.jta.platform' to enable JTA platform integration)
2026-08-17 08:41:08.430 INFO  [NO-REQUEST] [main] o.s.o.j.LocalContainerEntityManagerFactoryBean - Initialized JPA EntityManagerFactory for persistence unit 'default'
2026-08-17 08:41:08.472 INFO  [NO-REQUEST] [main] o.s.d.j.r.q.QueryEnhancerFactories - Hibernate is in classpath; If applicable, HQL parser will be used.
2026-08-17 08:41:08.586 TRACE [NO-REQUEST] [main] o.s.t.a.AnnotationTransactionAttributeSource - Adding transactional method 'com.acleda.training.studentmanagement.features.auth.CustomUserDetailsService.loadUserByUsername' with attribute: PROPAGATION_REQUIRED,ISOLATION_DEFAULT,readOnly
2026-08-17 08:41:08.904 INFO  [NO-REQUEST] [main] o.s.s.c.a.a.c.InitializeAuthenticationProviderBeanManagerConfigurer$InitializeAuthenticationProviderManagerConfigurer - Global AuthenticationManager configured with AuthenticationProvider bean with name authenticationProvider
2026-08-17 08:41:08.904 WARN  [NO-REQUEST] [main] o.s.s.c.a.a.c.InitializeUserDetailsBeanManagerConfigurer$InitializeUserDetailsManagerConfigurer - Global AuthenticationManager configured with an AuthenticationProvider bean. UserDetailsService beans will not be used by Spring Security for automatically configuring username/password login. Consider removing the AuthenticationProvider bean. Alternatively, consider using the UserDetailsService in a manually instantiated DaoAuthenticationProvider. If the current configuration is intentional, to turn off this warning, increase the logging level of 'org.springframework.security.config.annotation.authentication.configuration.InitializeUserDetailsBeanManagerConfigurer' to ERROR
2026-08-17 08:41:08.908 TRACE [NO-REQUEST] [main] o.s.t.a.AnnotationTransactionAttributeSource - Adding transactional method 'com.acleda.training.studentmanagement.features.auth.AuthService.register' with attribute: PROPAGATION_REQUIRED,ISOLATION_DEFAULT
2026-08-17 08:41:08.909 TRACE [NO-REQUEST] [main] o.s.t.a.AnnotationTransactionAttributeSource - Adding transactional method 'com.acleda.training.studentmanagement.features.auth.AuthService.refreshToken' with attribute: PROPAGATION_REQUIRED,ISOLATION_DEFAULT,readOnly
2026-08-17 08:41:08.909 TRACE [NO-REQUEST] [main] o.s.t.a.AnnotationTransactionAttributeSource - Adding transactional method 'com.acleda.training.studentmanagement.features.auth.AuthService.login' with attribute: PROPAGATION_REQUIRED,ISOLATION_DEFAULT,readOnly
2026-08-17 08:41:09.749 TRACE [NO-REQUEST] [main] o.s.t.a.AnnotationTransactionAttributeSource - Adding transactional method 'com.acleda.training.studentmanagement.features.course.CourseServiceImpl.getCourses' with attribute: PROPAGATION_REQUIRED,ISOLATION_DEFAULT,readOnly
2026-08-17 08:41:09.750 TRACE [NO-REQUEST] [main] o.s.t.a.AnnotationTransactionAttributeSource - Adding transactional method 'com.acleda.training.studentmanagement.features.course.CourseServiceImpl.updateCourse' with attribute: PROPAGATION_REQUIRED,ISOLATION_DEFAULT
2026-08-17 08:41:09.750 TRACE [NO-REQUEST] [main] o.s.t.a.AnnotationTransactionAttributeSource - Adding transactional method 'com.acleda.training.studentmanagement.features.course.CourseServiceImpl.deleteCourse' with attribute: PROPAGATION_REQUIRED,ISOLATION_DEFAULT
2026-08-17 08:41:09.750 TRACE [NO-REQUEST] [main] o.s.t.a.AnnotationTransactionAttributeSource - Adding transactional method 'com.acleda.training.studentmanagement.features.course.CourseServiceImpl.getCourseById' with attribute: PROPAGATION_REQUIRED,ISOLATION_DEFAULT,readOnly
2026-08-17 08:41:09.750 TRACE [NO-REQUEST] [main] o.s.t.a.AnnotationTransactionAttributeSource - Adding transactional method 'com.acleda.training.studentmanagement.features.course.CourseServiceImpl.createCourse' with attribute: PROPAGATION_REQUIRED,ISOLATION_DEFAULT
2026-08-17 08:41:09.939 TRACE [NO-REQUEST] [main] o.s.t.a.AnnotationTransactionAttributeSource - Adding transactional method 'com.acleda.training.studentmanagement.features.course.offering.CourseOfferingServiceImpl.getCourseOfferingById' with attribute: PROPAGATION_REQUIRED,ISOLATION_DEFAULT,readOnly
2026-08-17 08:41:09.940 TRACE [NO-REQUEST] [main] o.s.t.a.AnnotationTransactionAttributeSource - Adding transactional method 'com.acleda.training.studentmanagement.features.course.offering.CourseOfferingServiceImpl.getCourseOfferings' with attribute: PROPAGATION_REQUIRED,ISOLATION_DEFAULT,readOnly
2026-08-17 08:41:09.940 TRACE [NO-REQUEST] [main] o.s.t.a.AnnotationTransactionAttributeSource - Adding transactional method 'com.acleda.training.studentmanagement.features.course.offering.CourseOfferingServiceImpl.deleteCourseOffering' with attribute: PROPAGATION_REQUIRED,ISOLATION_DEFAULT
2026-08-17 08:41:09.940 TRACE [NO-REQUEST] [main] o.s.t.a.AnnotationTransactionAttributeSource - Adding transactional method 'com.acleda.training.studentmanagement.features.course.offering.CourseOfferingServiceImpl.updateCourseOffering' with attribute: PROPAGATION_REQUIRED,ISOLATION_DEFAULT
2026-08-17 08:41:09.940 TRACE [NO-REQUEST] [main] o.s.t.a.AnnotationTransactionAttributeSource - Adding transactional method 'com.acleda.training.studentmanagement.features.course.offering.CourseOfferingServiceImpl.createCourseOffering' with attribute: PROPAGATION_REQUIRED,ISOLATION_DEFAULT
2026-08-17 08:41:09.949 TRACE [NO-REQUEST] [main] o.s.t.a.AnnotationTransactionAttributeSource - Adding transactional method 'com.acleda.training.studentmanagement.features.department.DepartmentServiceImpl.normalizeRequiredText' with attribute: PROPAGATION_REQUIRED,ISOLATION_DEFAULT
2026-08-17 08:41:09.949 TRACE [NO-REQUEST] [main] o.s.t.a.AnnotationTransactionAttributeSource - Adding transactional method 'com.acleda.training.studentmanagement.features.department.DepartmentServiceImpl.getDepartments' with attribute: PROPAGATION_REQUIRED,ISOLATION_DEFAULT,readOnly
2026-08-17 08:41:09.949 TRACE [NO-REQUEST] [main] o.s.t.a.AnnotationTransactionAttributeSource - Adding transactional method 'com.acleda.training.studentmanagement.features.department.DepartmentServiceImpl.updateDepartment' with attribute: PROPAGATION_REQUIRED,ISOLATION_DEFAULT
2026-08-17 08:41:09.950 TRACE [NO-REQUEST] [main] o.s.t.a.AnnotationTransactionAttributeSource - Adding transactional method 'com.acleda.training.studentmanagement.features.department.DepartmentServiceImpl.createDepartment' with attribute: PROPAGATION_REQUIRED,ISOLATION_DEFAULT
2026-08-17 08:41:09.950 TRACE [NO-REQUEST] [main] o.s.t.a.AnnotationTransactionAttributeSource - Adding transactional method 'com.acleda.training.studentmanagement.features.department.DepartmentServiceImpl.getDepartmentById' with attribute: PROPAGATION_REQUIRED,ISOLATION_DEFAULT,readOnly
2026-08-17 08:41:09.950 TRACE [NO-REQUEST] [main] o.s.t.a.AnnotationTransactionAttributeSource - Adding transactional method 'com.acleda.training.studentmanagement.features.department.DepartmentServiceImpl.updateDepartmentStatus' with attribute: PROPAGATION_REQUIRED,ISOLATION_DEFAULT
2026-08-17 08:41:09.950 TRACE [NO-REQUEST] [main] o.s.t.a.AnnotationTransactionAttributeSource - Adding transactional method 'com.acleda.training.studentmanagement.features.department.DepartmentServiceImpl.deleteDepartment' with attribute: PROPAGATION_REQUIRED,ISOLATION_DEFAULT
2026-08-17 08:41:10.036 TRACE [NO-REQUEST] [main] o.s.t.a.AnnotationTransactionAttributeSource - Adding transactional method 'com.acleda.training.studentmanagement.features.enrollment.EnrollmentServiceImpl.getEnrollments' with attribute: PROPAGATION_REQUIRED,ISOLATION_DEFAULT,readOnly
2026-08-17 08:41:10.037 TRACE [NO-REQUEST] [main] o.s.t.a.AnnotationTransactionAttributeSource - Adding transactional method 'com.acleda.training.studentmanagement.features.enrollment.EnrollmentServiceImpl.getEnrollmentById' with attribute: PROPAGATION_REQUIRED,ISOLATION_DEFAULT,readOnly
2026-08-17 08:41:10.254 TRACE [NO-REQUEST] [main] o.s.t.a.AnnotationTransactionAttributeSource - Adding transactional method 'com.acleda.training.studentmanagement.features.instructor.InstructorServiceImpl.getInstructors' with attribute: PROPAGATION_REQUIRED,ISOLATION_DEFAULT,readOnly
2026-08-17 08:41:10.254 TRACE [NO-REQUEST] [main] o.s.t.a.AnnotationTransactionAttributeSource - Adding transactional method 'com.acleda.training.studentmanagement.features.instructor.InstructorServiceImpl.deleteInstructor' with attribute: PROPAGATION_REQUIRED,ISOLATION_DEFAULT
2026-08-17 08:41:10.254 TRACE [NO-REQUEST] [main] o.s.t.a.AnnotationTransactionAttributeSource - Adding transactional method 'com.acleda.training.studentmanagement.features.instructor.InstructorServiceImpl.createInstructor' with attribute: PROPAGATION_REQUIRED,ISOLATION_DEFAULT
2026-08-17 08:41:10.255 TRACE [NO-REQUEST] [main] o.s.t.a.AnnotationTransactionAttributeSource - Adding transactional method 'com.acleda.training.studentmanagement.features.instructor.InstructorServiceImpl.getInstructorById' with attribute: PROPAGATION_REQUIRED,ISOLATION_DEFAULT,readOnly
2026-08-17 08:41:10.255 TRACE [NO-REQUEST] [main] o.s.t.a.AnnotationTransactionAttributeSource - Adding transactional method 'com.acleda.training.studentmanagement.features.instructor.InstructorServiceImpl.updateInstructor' with attribute: PROPAGATION_REQUIRED,ISOLATION_DEFAULT
2026-08-17 08:41:10.260 TRACE [NO-REQUEST] [main] o.s.t.a.AnnotationTransactionAttributeSource - Adding transactional method 'com.acleda.training.studentmanagement.features.student.StudentServiceImpl.getStudents' with attribute: PROPAGATION_REQUIRED,ISOLATION_DEFAULT,readOnly
2026-08-17 08:41:10.260 TRACE [NO-REQUEST] [main] o.s.t.a.AnnotationTransactionAttributeSource - Adding transactional method 'com.acleda.training.studentmanagement.features.student.StudentServiceImpl.deleteStudent' with attribute: PROPAGATION_REQUIRED,ISOLATION_DEFAULT
2026-08-17 08:41:10.260 TRACE [NO-REQUEST] [main] o.s.t.a.AnnotationTransactionAttributeSource - Adding transactional method 'com.acleda.training.studentmanagement.features.student.StudentServiceImpl.updateStudent' with attribute: PROPAGATION_REQUIRED,ISOLATION_DEFAULT
2026-08-17 08:41:10.260 TRACE [NO-REQUEST] [main] o.s.t.a.AnnotationTransactionAttributeSource - Adding transactional method 'com.acleda.training.studentmanagement.features.student.StudentServiceImpl.createStudent' with attribute: PROPAGATION_REQUIRED,ISOLATION_DEFAULT
2026-08-17 08:41:10.260 TRACE [NO-REQUEST] [main] o.s.t.a.AnnotationTransactionAttributeSource - Adding transactional method 'com.acleda.training.studentmanagement.features.student.StudentServiceImpl.getStudentById' with attribute: PROPAGATION_REQUIRED,ISOLATION_DEFAULT,readOnly
2026-08-17 08:41:10.971 INFO  [NO-REQUEST] [main] o.s.b.a.e.web.EndpointLinksResolver - Exposing 1 endpoint beneath base path '/actuator'
2026-08-17 08:41:11.030 INFO  [NO-REQUEST] [main] o.s.boot.tomcat.TomcatWebServer - Tomcat started on port 8080 (http) with context path '/'
2026-08-17 08:41:11.040 INFO  [NO-REQUEST] [main] c.a.t.s.StudentManagementApiApplication - Started StudentManagementApiApplication in 6.27 seconds (process running for 6.804)
2026-08-17 08:41:11.045 TRACE [NO-REQUEST] [main] o.s.t.i.TransactionInterceptor - No need to create transaction for [org.springframework.data.jpa.repository.support.SimpleJpaRepository.existsByUsernameIgnoreCase]: This method is not transactional.
2026-08-17 08:41:11.120 DEBUG [NO-REQUEST] [main] org.hibernate.SQL - 
    select
        au1_0.id 
    from
        app_users au1_0 
    where
        upper(au1_0.username)=upper(?) 
    fetch
        first ? rows only
2026-08-17 08:41:11.120 TRACE [NO-REQUEST] [main] org.hibernate.orm.jdbc.bind - binding parameter (1:VARCHAR) <- [admin]
2026-08-17 08:41:11.120 TRACE [NO-REQUEST] [main] org.hibernate.orm.jdbc.bind - binding parameter (2:INTEGER) <- [1]
2026-08-17 08:41:11.416 INFO  [NO-REQUEST] [RMI TCP Connection(4)-192.168.33.1] o.a.c.c.C.[Tomcat].[localhost].[/] - Initializing Spring DispatcherServlet 'dispatcherServlet'
2026-08-17 08:41:11.416 INFO  [NO-REQUEST] [RMI TCP Connection(4)-192.168.33.1] o.s.web.servlet.DispatcherServlet - Initializing Servlet 'dispatcherServlet'
2026-08-17 08:41:11.417 INFO  [NO-REQUEST] [RMI TCP Connection(4)-192.168.33.1] o.s.web.servlet.DispatcherServlet - Completed initialization in 1 ms
2026-08-17 08:41:27.442 DEBUG [NO-REQUEST] [http-nio-8080-exec-2] o.s.orm.jpa.JpaTransactionManager - Creating new transaction with name [com.acleda.training.studentmanagement.features.auth.CustomUserDetailsService.loadUserByUsername]: PROPAGATION_REQUIRED,ISOLATION_DEFAULT,readOnly
2026-08-17 08:41:27.444 DEBUG [NO-REQUEST] [http-nio-8080-exec-2] o.s.orm.jpa.JpaTransactionManager - Opened new EntityManager [SessionImpl(2108149099<open>)] for JPA transaction
2026-08-17 08:41:27.451 DEBUG [NO-REQUEST] [http-nio-8080-exec-2] o.s.orm.jpa.JpaTransactionManager - Exposing JPA transaction as JDBC [org.springframework.orm.jpa.vendor.HibernateJpaDialect$HibernateConnectionHandle@3f648875]
2026-08-17 08:41:27.452 TRACE [NO-REQUEST] [http-nio-8080-exec-2] o.s.t.i.TransactionInterceptor - Getting transaction for [com.acleda.training.studentmanagement.features.auth.CustomUserDetailsService.loadUserByUsername]
2026-08-17 08:41:27.453 TRACE [NO-REQUEST] [http-nio-8080-exec-2] o.s.t.i.TransactionInterceptor - No need to create transaction for [org.springframework.data.jpa.repository.support.SimpleJpaRepository.findByUsernameIgnoreCase]: This method is not transactional.
2026-08-17 08:41:27.465 DEBUG [NO-REQUEST] [http-nio-8080-exec-2] org.hibernate.SQL - 
    select
        au1_0.id,
        au1_0.created_at,
        au1_0.enabled,
        au1_0.password,
        au1_0.role,
        au1_0.updated_at,
        au1_0.username 
    from
        app_users au1_0 
    where
        upper(au1_0.username)=upper(?)
2026-08-17 08:41:27.466 TRACE [NO-REQUEST] [http-nio-8080-exec-2] org.hibernate.orm.jdbc.bind - binding parameter (1:VARCHAR) <- [admin]
2026-08-17 08:41:27.497 TRACE [NO-REQUEST] [http-nio-8080-exec-2] o.s.t.i.TransactionInterceptor - Completing transaction for [com.acleda.training.studentmanagement.features.auth.CustomUserDetailsService.loadUserByUsername]
2026-08-17 08:41:27.497 DEBUG [NO-REQUEST] [http-nio-8080-exec-2] o.s.orm.jpa.JpaTransactionManager - Initiating transaction commit
2026-08-17 08:41:27.498 DEBUG [NO-REQUEST] [http-nio-8080-exec-2] o.s.orm.jpa.JpaTransactionManager - Committing JPA transaction on EntityManager [SessionImpl(2108149099<open>)]
2026-08-17 08:41:27.502 DEBUG [NO-REQUEST] [http-nio-8080-exec-2] o.s.orm.jpa.JpaTransactionManager - Closing JPA EntityManager after transaction
2026-08-17 08:41:27.525 INFO  [c97b8122-0c2b-490b-af2a-7fa92cd25020] [http-nio-8080-exec-2] c.a.t.s.l.RequestLoggingInterceptor - API REQUEST | Method: POST | URI: /api/v1/enrollments/transaction-test | Query: null
2026-08-17 08:41:27.605 WARN  [c97b8122-0c2b-490b-af2a-7fa92cd25020] [http-nio-8080-exec-2] o.h.v.i.m.a.CascadingMetaDataBuilder - HV000271: Using `@Valid` on a container (java.util.List) is deprecated. You should apply the annotation on the type argument(s). Affected element: EnrollmentController#testTransaction(List, HttpServletRequest)
2026-08-17 08:41:27.689 TRACE [c97b8122-0c2b-490b-af2a-7fa92cd25020] [http-nio-8080-exec-2] o.s.t.i.TransactionInterceptor - No need to create transaction for [org.springframework.data.jpa.repository.support.SimpleJpaRepository.findByIdAndDeletedFalse]: This method is not transactional.
2026-08-17 08:41:27.697 DEBUG [c97b8122-0c2b-490b-af2a-7fa92cd25020] [http-nio-8080-exec-2] org.hibernate.SQL - 
    select
        s1_0.id,
        s1_0.address,
        s1_0.created_at,
        s1_0.date_of_birth,
        s1_0.deleted,
        s1_0.email,
        s1_0.enrolled_at,
        s1_0.first_name,
        s1_0.gender,
        s1_0.last_name,
        s1_0.phone_number,
        s1_0.status,
        s1_0.student_code,
        s1_0.updated_at 
    from
        students s1_0 
    where
        s1_0.id=? 
        and s1_0.deleted=false
2026-08-17 08:41:27.698 TRACE [c97b8122-0c2b-490b-af2a-7fa92cd25020] [http-nio-8080-exec-2] org.hibernate.orm.jdbc.bind - binding parameter (1:UUID) <- [eaafb7fd-ab7c-455c-95ff-51c4c714f683]
2026-08-17 08:41:27.708 TRACE [c97b8122-0c2b-490b-af2a-7fa92cd25020] [http-nio-8080-exec-2] o.s.t.i.TransactionInterceptor - No need to create transaction for [org.springframework.data.jpa.repository.support.SimpleJpaRepository.findByIdAndDeletedFalse]: This method is not transactional.
2026-08-17 08:41:27.711 DEBUG [c97b8122-0c2b-490b-af2a-7fa92cd25020] [http-nio-8080-exec-2] org.hibernate.SQL - 
    select
        c1_0.id,
        c1_0.code,
        c1_0.created_at,
        c1_0.credit,
        c1_0.deleted,
        c1_0.department_id,
        c1_0.description,
        c1_0.name,
        c1_0.updated_at 
    from
        courses c1_0 
    where
        c1_0.id=? 
        and c1_0.deleted=false
2026-08-17 08:41:27.711 TRACE [c97b8122-0c2b-490b-af2a-7fa92cd25020] [http-nio-8080-exec-2] org.hibernate.orm.jdbc.bind - binding parameter (1:UUID) <- [72f6533a-e46f-4207-a747-de920ef76fab]
2026-08-17 08:41:27.729 TRACE [c97b8122-0c2b-490b-af2a-7fa92cd25020] [http-nio-8080-exec-2] o.s.t.i.TransactionInterceptor - No need to create transaction for [org.springframework.data.jpa.repository.support.SimpleJpaRepository.existsByStudent_IdAndCourse_IdAndSemesterAndAcademicYearAndDeletedFalse]: This method is not transactional.
2026-08-17 08:41:27.736 DEBUG [c97b8122-0c2b-490b-af2a-7fa92cd25020] [http-nio-8080-exec-2] org.hibernate.SQL - 
    select
        e1_0.id 
    from
        enrollments e1_0 
    where
        e1_0.student_id=? 
        and e1_0.course_id=? 
        and e1_0.semester=? 
        and e1_0.academic_year=? 
        and e1_0.deleted=false 
    fetch
        first ? rows only
2026-08-17 08:41:27.737 TRACE [c97b8122-0c2b-490b-af2a-7fa92cd25020] [http-nio-8080-exec-2] org.hibernate.orm.jdbc.bind - binding parameter (1:UUID) <- [eaafb7fd-ab7c-455c-95ff-51c4c714f683]
2026-08-17 08:41:27.738 TRACE [c97b8122-0c2b-490b-af2a-7fa92cd25020] [http-nio-8080-exec-2] org.hibernate.orm.jdbc.bind - binding parameter (2:UUID) <- [72f6533a-e46f-4207-a747-de920ef76fab]
2026-08-17 08:41:27.738 TRACE [c97b8122-0c2b-490b-af2a-7fa92cd25020] [http-nio-8080-exec-2] org.hibernate.orm.jdbc.bind - binding parameter (3:VARCHAR) <- [SEMESTER_1]
2026-08-17 08:41:27.738 TRACE [c97b8122-0c2b-490b-af2a-7fa92cd25020] [http-nio-8080-exec-2] org.hibernate.orm.jdbc.bind - binding parameter (4:VARCHAR) <- [2026-2027]
2026-08-17 08:41:27.738 TRACE [c97b8122-0c2b-490b-af2a-7fa92cd25020] [http-nio-8080-exec-2] org.hibernate.orm.jdbc.bind - binding parameter (5:INTEGER) <- [1]
2026-08-17 08:41:27.747 DEBUG [c97b8122-0c2b-490b-af2a-7fa92cd25020] [http-nio-8080-exec-2] o.s.orm.jpa.JpaTransactionManager - Creating new transaction with name [org.springframework.data.jpa.repository.support.SimpleJpaRepository.saveAndFlush]: PROPAGATION_REQUIRED,ISOLATION_DEFAULT
2026-08-17 08:41:27.747 DEBUG [c97b8122-0c2b-490b-af2a-7fa92cd25020] [http-nio-8080-exec-2] o.s.orm.jpa.JpaTransactionManager - Opened new EntityManager [SessionImpl(1737410662<open>)] for JPA transaction
2026-08-17 08:41:27.747 DEBUG [c97b8122-0c2b-490b-af2a-7fa92cd25020] [http-nio-8080-exec-2] o.s.orm.jpa.JpaTransactionManager - Exposing JPA transaction as JDBC [org.springframework.orm.jpa.vendor.HibernateJpaDialect$HibernateConnectionHandle@40f4066]
2026-08-17 08:41:27.747 TRACE [c97b8122-0c2b-490b-af2a-7fa92cd25020] [http-nio-8080-exec-2] o.s.t.i.TransactionInterceptor - Getting transaction for [org.springframework.data.jpa.repository.support.SimpleJpaRepository.saveAndFlush]
2026-08-17 08:41:27.798 DEBUG [c97b8122-0c2b-490b-af2a-7fa92cd25020] [http-nio-8080-exec-2] org.hibernate.SQL - 
    insert 
    into
        enrollments
        (academic_year, course_id, created_at, deleted, enrollment_date, grade, score, semester, status, student_id, updated_at, id) 
    values
        (?, ?, ?, ?, ?, ?, ?, ?, ?, ?, ?, ?)
2026-08-17 08:41:27.800 TRACE [c97b8122-0c2b-490b-af2a-7fa92cd25020] [http-nio-8080-exec-2] org.hibernate.orm.jdbc.bind - binding parameter (1:VARCHAR) <- [2026-2027]
2026-08-17 08:41:27.800 TRACE [c97b8122-0c2b-490b-af2a-7fa92cd25020] [http-nio-8080-exec-2] org.hibernate.orm.jdbc.bind - binding parameter (2:UUID) <- [72f6533a-e46f-4207-a747-de920ef76fab]
2026-08-17 08:41:27.800 TRACE [c97b8122-0c2b-490b-af2a-7fa92cd25020] [http-nio-8080-exec-2] org.hibernate.orm.jdbc.bind - binding parameter (3:TIMESTAMP_UTC) <- [2026-08-17T01:41:27.787458Z]
2026-08-17 08:41:27.802 TRACE [c97b8122-0c2b-490b-af2a-7fa92cd25020] [http-nio-8080-exec-2] org.hibernate.orm.jdbc.bind - binding parameter (4:BOOLEAN) <- [false]
2026-08-17 08:41:27.802 TRACE [c97b8122-0c2b-490b-af2a-7fa92cd25020] [http-nio-8080-exec-2] org.hibernate.orm.jdbc.bind - binding parameter (5:DATE) <- [2026-08-17]
2026-08-17 08:41:27.802 TRACE [c97b8122-0c2b-490b-af2a-7fa92cd25020] [http-nio-8080-exec-2] org.hibernate.orm.jdbc.bind - binding parameter (6:VARCHAR) <- [null]
2026-08-17 08:41:27.802 TRACE [c97b8122-0c2b-490b-af2a-7fa92cd25020] [http-nio-8080-exec-2] org.hibernate.orm.jdbc.bind - binding parameter (7:DOUBLE) <- [null]
2026-08-17 08:41:27.802 TRACE [c97b8122-0c2b-490b-af2a-7fa92cd25020] [http-nio-8080-exec-2] org.hibernate.orm.jdbc.bind - binding parameter (8:VARCHAR) <- [SEMESTER_1]
2026-08-17 08:41:27.802 TRACE [c97b8122-0c2b-490b-af2a-7fa92cd25020] [http-nio-8080-exec-2] org.hibernate.orm.jdbc.bind - binding parameter (9:VARCHAR) <- [ENROLLED]
2026-08-17 08:41:27.802 TRACE [c97b8122-0c2b-490b-af2a-7fa92cd25020] [http-nio-8080-exec-2] org.hibernate.orm.jdbc.bind - binding parameter (10:UUID) <- [eaafb7fd-ab7c-455c-95ff-51c4c714f683]
2026-08-17 08:41:27.802 TRACE [c97b8122-0c2b-490b-af2a-7fa92cd25020] [http-nio-8080-exec-2] org.hibernate.orm.jdbc.bind - binding parameter (11:TIMESTAMP_UTC) <- [2026-08-17T01:41:27.787458Z]
2026-08-17 08:41:27.802 TRACE [c97b8122-0c2b-490b-af2a-7fa92cd25020] [http-nio-8080-exec-2] org.hibernate.orm.jdbc.bind - binding parameter (12:UUID) <- [226dfd61-c3c6-42cb-9e85-69d3283b0130]
2026-08-17 08:41:27.807 TRACE [c97b8122-0c2b-490b-af2a-7fa92cd25020] [http-nio-8080-exec-2] o.s.t.i.TransactionInterceptor - Completing transaction for [org.springframework.data.jpa.repository.support.SimpleJpaRepository.saveAndFlush]
2026-08-17 08:41:27.808 DEBUG [c97b8122-0c2b-490b-af2a-7fa92cd25020] [http-nio-8080-exec-2] o.s.orm.jpa.JpaTransactionManager - Initiating transaction commit
2026-08-17 08:41:27.808 DEBUG [c97b8122-0c2b-490b-af2a-7fa92cd25020] [http-nio-8080-exec-2] o.s.orm.jpa.JpaTransactionManager - Committing JPA transaction on EntityManager [SessionImpl(1737410662<open>)]
2026-08-17 08:41:27.810 DEBUG [c97b8122-0c2b-490b-af2a-7fa92cd25020] [http-nio-8080-exec-2] o.s.orm.jpa.JpaTransactionManager - Closing JPA EntityManager after transaction
2026-08-17 08:41:27.812 TRACE [c97b8122-0c2b-490b-af2a-7fa92cd25020] [http-nio-8080-exec-2] o.s.t.i.TransactionInterceptor - No need to create transaction for [org.springframework.data.jpa.repository.support.SimpleJpaRepository.findByIdAndDeletedFalse]: This method is not transactional.
2026-08-17 08:41:27.813 DEBUG [c97b8122-0c2b-490b-af2a-7fa92cd25020] [http-nio-8080-exec-2] org.hibernate.SQL - 
    select
        s1_0.id,
        s1_0.address,
        s1_0.created_at,
        s1_0.date_of_birth,
        s1_0.deleted,
        s1_0.email,
        s1_0.enrolled_at,
        s1_0.first_name,
        s1_0.gender,
        s1_0.last_name,
        s1_0.phone_number,
        s1_0.status,
        s1_0.student_code,
        s1_0.updated_at 
    from
        students s1_0 
    where
        s1_0.id=? 
        and s1_0.deleted=false
2026-08-17 08:41:27.813 TRACE [c97b8122-0c2b-490b-af2a-7fa92cd25020] [http-nio-8080-exec-2] org.hibernate.orm.jdbc.bind - binding parameter (1:UUID) <- [40b8cd1a-1fdc-4adb-aec1-a8f6b0a9465e]
2026-08-17 08:41:27.815 TRACE [c97b8122-0c2b-490b-af2a-7fa92cd25020] [http-nio-8080-exec-2] o.s.t.i.TransactionInterceptor - No need to create transaction for [org.springframework.data.jpa.repository.support.SimpleJpaRepository.findByIdAndDeletedFalse]: This method is not transactional.
2026-08-17 08:41:27.816 DEBUG [c97b8122-0c2b-490b-af2a-7fa92cd25020] [http-nio-8080-exec-2] org.hibernate.SQL - 
    select
        c1_0.id,
        c1_0.code,
        c1_0.created_at,
        c1_0.credit,
        c1_0.deleted,
        c1_0.department_id,
        c1_0.description,
        c1_0.name,
        c1_0.updated_at 
    from
        courses c1_0 
    where
        c1_0.id=? 
        and c1_0.deleted=false
2026-08-17 08:41:27.817 TRACE [c97b8122-0c2b-490b-af2a-7fa92cd25020] [http-nio-8080-exec-2] org.hibernate.orm.jdbc.bind - binding parameter (1:UUID) <- [1d7be45c-dd6b-4fd3-aec2-1c92b1acd638]
2026-08-17 08:41:27.819 TRACE [c97b8122-0c2b-490b-af2a-7fa92cd25020] [http-nio-8080-exec-2] o.s.t.i.TransactionInterceptor - No need to create transaction for [org.springframework.data.jpa.repository.support.SimpleJpaRepository.existsByStudent_IdAndCourse_IdAndSemesterAndAcademicYearAndDeletedFalse]: This method is not transactional.
2026-08-17 08:41:27.820 DEBUG [c97b8122-0c2b-490b-af2a-7fa92cd25020] [http-nio-8080-exec-2] org.hibernate.SQL - 
    select
        e1_0.id 
    from
        enrollments e1_0 
    where
        e1_0.student_id=? 
        and e1_0.course_id=? 
        and e1_0.semester=? 
        and e1_0.academic_year=? 
        and e1_0.deleted=false 
    fetch
        first ? rows only
2026-08-17 08:41:27.821 TRACE [c97b8122-0c2b-490b-af2a-7fa92cd25020] [http-nio-8080-exec-2] org.hibernate.orm.jdbc.bind - binding parameter (1:UUID) <- [40b8cd1a-1fdc-4adb-aec1-a8f6b0a9465e]
2026-08-17 08:41:27.821 TRACE [c97b8122-0c2b-490b-af2a-7fa92cd25020] [http-nio-8080-exec-2] org.hibernate.orm.jdbc.bind - binding parameter (2:UUID) <- [1d7be45c-dd6b-4fd3-aec2-1c92b1acd638]
2026-08-17 08:41:27.821 TRACE [c97b8122-0c2b-490b-af2a-7fa92cd25020] [http-nio-8080-exec-2] org.hibernate.orm.jdbc.bind - binding parameter (3:VARCHAR) <- [SEMESTER_1]
2026-08-17 08:41:27.821 TRACE [c97b8122-0c2b-490b-af2a-7fa92cd25020] [http-nio-8080-exec-2] org.hibernate.orm.jdbc.bind - binding parameter (4:VARCHAR) <- [2026-2027]
2026-08-17 08:41:27.821 TRACE [c97b8122-0c2b-490b-af2a-7fa92cd25020] [http-nio-8080-exec-2] org.hibernate.orm.jdbc.bind - binding parameter (5:INTEGER) <- [1]
2026-08-17 08:41:27.822 DEBUG [c97b8122-0c2b-490b-af2a-7fa92cd25020] [http-nio-8080-exec-2] o.s.orm.jpa.JpaTransactionManager - Creating new transaction with name [org.springframework.data.jpa.repository.support.SimpleJpaRepository.saveAndFlush]: PROPAGATION_REQUIRED,ISOLATION_DEFAULT
2026-08-17 08:41:27.823 DEBUG [c97b8122-0c2b-490b-af2a-7fa92cd25020] [http-nio-8080-exec-2] o.s.orm.jpa.JpaTransactionManager - Opened new EntityManager [SessionImpl(1646997433<open>)] for JPA transaction
2026-08-17 08:41:27.823 DEBUG [c97b8122-0c2b-490b-af2a-7fa92cd25020] [http-nio-8080-exec-2] o.s.orm.jpa.JpaTransactionManager - Exposing JPA transaction as JDBC [org.springframework.orm.jpa.vendor.HibernateJpaDialect$HibernateConnectionHandle@57a16bfe]
2026-08-17 08:41:27.823 TRACE [c97b8122-0c2b-490b-af2a-7fa92cd25020] [http-nio-8080-exec-2] o.s.t.i.TransactionInterceptor - Getting transaction for [org.springframework.data.jpa.repository.support.SimpleJpaRepository.saveAndFlush]
2026-08-17 08:41:27.825 DEBUG [c97b8122-0c2b-490b-af2a-7fa92cd25020] [http-nio-8080-exec-2] org.hibernate.SQL - 
    insert 
    into
        enrollments
        (academic_year, course_id, created_at, deleted, enrollment_date, grade, score, semester, status, student_id, updated_at, id) 
    values
        (?, ?, ?, ?, ?, ?, ?, ?, ?, ?, ?, ?)
2026-08-17 08:41:27.825 TRACE [c97b8122-0c2b-490b-af2a-7fa92cd25020] [http-nio-8080-exec-2] org.hibernate.orm.jdbc.bind - binding parameter (1:VARCHAR) <- [2026-2027]
2026-08-17 08:41:27.825 TRACE [c97b8122-0c2b-490b-af2a-7fa92cd25020] [http-nio-8080-exec-2] org.hibernate.orm.jdbc.bind - binding parameter (2:UUID) <- [1d7be45c-dd6b-4fd3-aec2-1c92b1acd638]
2026-08-17 08:41:27.825 TRACE [c97b8122-0c2b-490b-af2a-7fa92cd25020] [http-nio-8080-exec-2] org.hibernate.orm.jdbc.bind - binding parameter (3:TIMESTAMP_UTC) <- [2026-08-17T01:41:27.824223Z]
2026-08-17 08:41:27.825 TRACE [c97b8122-0c2b-490b-af2a-7fa92cd25020] [http-nio-8080-exec-2] org.hibernate.orm.jdbc.bind - binding parameter (4:BOOLEAN) <- [false]
2026-08-17 08:41:27.825 TRACE [c97b8122-0c2b-490b-af2a-7fa92cd25020] [http-nio-8080-exec-2] org.hibernate.orm.jdbc.bind - binding parameter (5:DATE) <- [2026-08-17]
2026-08-17 08:41:27.825 TRACE [c97b8122-0c2b-490b-af2a-7fa92cd25020] [http-nio-8080-exec-2] org.hibernate.orm.jdbc.bind - binding parameter (6:VARCHAR) <- [null]
2026-08-17 08:41:27.825 TRACE [c97b8122-0c2b-490b-af2a-7fa92cd25020] [http-nio-8080-exec-2] org.hibernate.orm.jdbc.bind - binding parameter (7:DOUBLE) <- [null]
2026-08-17 08:41:27.825 TRACE [c97b8122-0c2b-490b-af2a-7fa92cd25020] [http-nio-8080-exec-2] org.hibernate.orm.jdbc.bind - binding parameter (8:VARCHAR) <- [SEMESTER_1]
2026-08-17 08:41:27.825 TRACE [c97b8122-0c2b-490b-af2a-7fa92cd25020] [http-nio-8080-exec-2] org.hibernate.orm.jdbc.bind - binding parameter (9:VARCHAR) <- [ENROLLED]
2026-08-17 08:41:27.825 TRACE [c97b8122-0c2b-490b-af2a-7fa92cd25020] [http-nio-8080-exec-2] org.hibernate.orm.jdbc.bind - binding parameter (10:UUID) <- [40b8cd1a-1fdc-4adb-aec1-a8f6b0a9465e]
2026-08-17 08:41:27.825 TRACE [c97b8122-0c2b-490b-af2a-7fa92cd25020] [http-nio-8080-exec-2] org.hibernate.orm.jdbc.bind - binding parameter (11:TIMESTAMP_UTC) <- [2026-08-17T01:41:27.824223Z]
2026-08-17 08:41:27.825 TRACE [c97b8122-0c2b-490b-af2a-7fa92cd25020] [http-nio-8080-exec-2] org.hibernate.orm.jdbc.bind - binding parameter (12:UUID) <- [ff09cbc1-5994-4d18-b344-eff817f8a620]
2026-08-17 08:41:27.827 TRACE [c97b8122-0c2b-490b-af2a-7fa92cd25020] [http-nio-8080-exec-2] o.s.t.i.TransactionInterceptor - Completing transaction for [org.springframework.data.jpa.repository.support.SimpleJpaRepository.saveAndFlush]
2026-08-17 08:41:27.827 DEBUG [c97b8122-0c2b-490b-af2a-7fa92cd25020] [http-nio-8080-exec-2] o.s.orm.jpa.JpaTransactionManager - Initiating transaction commit
2026-08-17 08:41:27.827 DEBUG [c97b8122-0c2b-490b-af2a-7fa92cd25020] [http-nio-8080-exec-2] o.s.orm.jpa.JpaTransactionManager - Committing JPA transaction on EntityManager [SessionImpl(1646997433<open>)]
2026-08-17 08:41:27.828 DEBUG [c97b8122-0c2b-490b-af2a-7fa92cd25020] [http-nio-8080-exec-2] o.s.orm.jpa.JpaTransactionManager - Closing JPA EntityManager after transaction
2026-08-17 08:41:27.828 TRACE [c97b8122-0c2b-490b-af2a-7fa92cd25020] [http-nio-8080-exec-2] o.s.t.i.TransactionInterceptor - No need to create transaction for [org.springframework.data.jpa.repository.support.SimpleJpaRepository.findByIdAndDeletedFalse]: This method is not transactional.
2026-08-17 08:41:27.829 DEBUG [c97b8122-0c2b-490b-af2a-7fa92cd25020] [http-nio-8080-exec-2] org.hibernate.SQL - 
    select
        s1_0.id,
        s1_0.address,
        s1_0.created_at,
        s1_0.date_of_birth,
        s1_0.deleted,
        s1_0.email,
        s1_0.enrolled_at,
        s1_0.first_name,
        s1_0.gender,
        s1_0.last_name,
        s1_0.phone_number,
        s1_0.status,
        s1_0.student_code,
        s1_0.updated_at 
    from
        students s1_0 
    where
        s1_0.id=? 
        and s1_0.deleted=false
2026-08-17 08:41:27.829 TRACE [c97b8122-0c2b-490b-af2a-7fa92cd25020] [http-nio-8080-exec-2] org.hibernate.orm.jdbc.bind - binding parameter (1:UUID) <- [b7874d8b-2513-47ad-994d-12f81c7af427]
2026-08-17 08:41:27.831 TRACE [c97b8122-0c2b-490b-af2a-7fa92cd25020] [http-nio-8080-exec-2] o.s.t.i.TransactionInterceptor - No need to create transaction for [org.springframework.data.jpa.repository.support.SimpleJpaRepository.findByIdAndDeletedFalse]: This method is not transactional.
2026-08-17 08:41:27.833 DEBUG [c97b8122-0c2b-490b-af2a-7fa92cd25020] [http-nio-8080-exec-2] org.hibernate.SQL - 
    select
        c1_0.id,
        c1_0.code,
        c1_0.created_at,
        c1_0.credit,
        c1_0.deleted,
        c1_0.department_id,
        c1_0.description,
        c1_0.name,
        c1_0.updated_at 
    from
        courses c1_0 
    where
        c1_0.id=? 
        and c1_0.deleted=false
2026-08-17 08:41:27.833 TRACE [c97b8122-0c2b-490b-af2a-7fa92cd25020] [http-nio-8080-exec-2] org.hibernate.orm.jdbc.bind - binding parameter (1:UUID) <- [6b39c013-b472-4a3b-8083-32d35da2babf]
2026-08-17 08:41:27.835 TRACE [c97b8122-0c2b-490b-af2a-7fa92cd25020] [http-nio-8080-exec-2] o.s.t.i.TransactionInterceptor - No need to create transaction for [org.springframework.data.jpa.repository.support.SimpleJpaRepository.existsByStudent_IdAndCourse_IdAndSemesterAndAcademicYearAndDeletedFalse]: This method is not transactional.
2026-08-17 08:41:27.836 DEBUG [c97b8122-0c2b-490b-af2a-7fa92cd25020] [http-nio-8080-exec-2] org.hibernate.SQL - 
    select
        e1_0.id 
    from
        enrollments e1_0 
    where
        e1_0.student_id=? 
        and e1_0.course_id=? 
        and e1_0.semester=? 
        and e1_0.academic_year=? 
        and e1_0.deleted=false 
    fetch
        first ? rows only
2026-08-17 08:41:27.837 TRACE [c97b8122-0c2b-490b-af2a-7fa92cd25020] [http-nio-8080-exec-2] org.hibernate.orm.jdbc.bind - binding parameter (1:UUID) <- [b7874d8b-2513-47ad-994d-12f81c7af427]
2026-08-17 08:41:27.837 TRACE [c97b8122-0c2b-490b-af2a-7fa92cd25020] [http-nio-8080-exec-2] org.hibernate.orm.jdbc.bind - binding parameter (2:UUID) <- [6b39c013-b472-4a3b-8083-32d35da2babf]
2026-08-17 08:41:27.837 TRACE [c97b8122-0c2b-490b-af2a-7fa92cd25020] [http-nio-8080-exec-2] org.hibernate.orm.jdbc.bind - binding parameter (3:VARCHAR) <- [SEMESTER_1]
2026-08-17 08:41:27.837 TRACE [c97b8122-0c2b-490b-af2a-7fa92cd25020] [http-nio-8080-exec-2] org.hibernate.orm.jdbc.bind - binding parameter (4:VARCHAR) <- [2026-2027]
2026-08-17 08:41:27.837 TRACE [c97b8122-0c2b-490b-af2a-7fa92cd25020] [http-nio-8080-exec-2] org.hibernate.orm.jdbc.bind - binding parameter (5:INTEGER) <- [1]
2026-08-17 08:41:27.843 WARN  [c97b8122-0c2b-490b-af2a-7fa92cd25020] [http-nio-8080-exec-2] c.a.t.s.e.GlobalExceptionHandler - CONFLICT | Method: POST | URI: /api/v1/enrollments/transaction-test | Message: Student is already enrolled in this course for SEMESTER_1 2026-2027
2026-08-17 08:41:27.904 INFO  [c97b8122-0c2b-490b-af2a-7fa92cd25020] [http-nio-8080-exec-2] c.a.t.s.l.RequestLoggingInterceptor - API RESPONSE | Method: POST | URI: /api/v1/enrollments/transaction-test | Status: 409 | Duration: 378ms
2026-08-17 08:42:29.871 DEBUG [NO-REQUEST] [http-nio-8080-exec-5] o.s.orm.jpa.JpaTransactionManager - Creating new transaction with name [com.acleda.training.studentmanagement.features.auth.CustomUserDetailsService.loadUserByUsername]: PROPAGATION_REQUIRED,ISOLATION_DEFAULT,readOnly
2026-08-17 08:42:29.871 DEBUG [NO-REQUEST] [http-nio-8080-exec-5] o.s.orm.jpa.JpaTransactionManager - Opened new EntityManager [SessionImpl(590909815<open>)] for JPA transaction
2026-08-17 08:42:29.871 DEBUG [NO-REQUEST] [http-nio-8080-exec-5] o.s.orm.jpa.JpaTransactionManager - Exposing JPA transaction as JDBC [org.springframework.orm.jpa.vendor.HibernateJpaDialect$HibernateConnectionHandle@270701c8]
2026-08-17 08:42:29.872 TRACE [NO-REQUEST] [http-nio-8080-exec-5] o.s.t.i.TransactionInterceptor - Getting transaction for [com.acleda.training.studentmanagement.features.auth.CustomUserDetailsService.loadUserByUsername]
2026-08-17 08:42:29.872 TRACE [NO-REQUEST] [http-nio-8080-exec-5] o.s.t.i.TransactionInterceptor - No need to create transaction for [org.springframework.data.jpa.repository.support.SimpleJpaRepository.findByUsernameIgnoreCase]: This method is not transactional.
2026-08-17 08:42:29.873 DEBUG [NO-REQUEST] [http-nio-8080-exec-5] org.hibernate.SQL - 
    select
        au1_0.id,
        au1_0.created_at,
        au1_0.enabled,
        au1_0.password,
        au1_0.role,
        au1_0.updated_at,
        au1_0.username 
    from
        app_users au1_0 
    where
        upper(au1_0.username)=upper(?)
2026-08-17 08:42:29.873 TRACE [NO-REQUEST] [http-nio-8080-exec-5] org.hibernate.orm.jdbc.bind - binding parameter (1:VARCHAR) <- [admin]
2026-08-17 08:42:29.874 TRACE [NO-REQUEST] [http-nio-8080-exec-5] o.s.t.i.TransactionInterceptor - Completing transaction for [com.acleda.training.studentmanagement.features.auth.CustomUserDetailsService.loadUserByUsername]
2026-08-17 08:42:29.874 DEBUG [NO-REQUEST] [http-nio-8080-exec-5] o.s.orm.jpa.JpaTransactionManager - Initiating transaction commit
2026-08-17 08:42:29.874 DEBUG [NO-REQUEST] [http-nio-8080-exec-5] o.s.orm.jpa.JpaTransactionManager - Committing JPA transaction on EntityManager [SessionImpl(590909815<open>)]
2026-08-17 08:42:29.875 DEBUG [NO-REQUEST] [http-nio-8080-exec-5] o.s.orm.jpa.JpaTransactionManager - Closing JPA EntityManager after transaction
2026-08-17 08:42:29.878 INFO  [edfb9ae5-e312-49f0-9940-fc546b94e909] [http-nio-8080-exec-5] c.a.t.s.l.RequestLoggingInterceptor - API REQUEST | Method: GET | URI: /api/v1/courses | Query: null
2026-08-17 08:42:29.882 DEBUG [edfb9ae5-e312-49f0-9940-fc546b94e909] [http-nio-8080-exec-5] o.s.orm.jpa.JpaTransactionManager - Creating new transaction with name [com.acleda.training.studentmanagement.features.course.CourseServiceImpl.getCourses]: PROPAGATION_REQUIRED,ISOLATION_DEFAULT,readOnly
2026-08-17 08:42:29.882 DEBUG [edfb9ae5-e312-49f0-9940-fc546b94e909] [http-nio-8080-exec-5] o.s.orm.jpa.JpaTransactionManager - Opened new EntityManager [SessionImpl(1941358166<open>)] for JPA transaction
2026-08-17 08:42:29.882 DEBUG [edfb9ae5-e312-49f0-9940-fc546b94e909] [http-nio-8080-exec-5] o.s.orm.jpa.JpaTransactionManager - Exposing JPA transaction as JDBC [org.springframework.orm.jpa.vendor.HibernateJpaDialect$HibernateConnectionHandle@7691d342]
2026-08-17 08:42:29.882 TRACE [edfb9ae5-e312-49f0-9940-fc546b94e909] [http-nio-8080-exec-5] o.s.t.i.TransactionInterceptor - Getting transaction for [com.acleda.training.studentmanagement.features.course.CourseServiceImpl.getCourses]
2026-08-17 08:42:29.883 TRACE [edfb9ae5-e312-49f0-9940-fc546b94e909] [http-nio-8080-exec-5] o.s.t.i.TransactionInterceptor - No need to create transaction for [org.springframework.data.jpa.repository.support.SimpleJpaRepository.searchCourses]: This method is not transactional.
2026-08-17 08:42:29.894 DEBUG [edfb9ae5-e312-49f0-9940-fc546b94e909] [http-nio-8080-exec-5] org.hibernate.SQL - 
    select
        c1_0.id,
        c1_0.code,
        c1_0.created_at,
        c1_0.credit,
        c1_0.deleted,
        c1_0.department_id,
        c1_0.description,
        c1_0.name,
        c1_0.updated_at 
    from
        courses c1_0 
    where
        c1_0.deleted=false 
        and (
            ? is null 
            or c1_0.department_id=?
        ) 
        and (
            ? is null 
            or c1_0.credit=?
        ) 
        and (
            ? is null 
            or ?='' 
            or lower(c1_0.code) like lower(('%'||?||'%')) escape '' 
            or lower(c1_0.name) like lower(('%'||?||'%')) escape '' 
            or lower(coalesce(c1_0.description, '')) like lower(('%'||?||'%')) escape ''
        ) 
    order by
        c1_0.created_at desc 
    fetch
        first ? rows only
2026-08-17 08:42:29.895 TRACE [edfb9ae5-e312-49f0-9940-fc546b94e909] [http-nio-8080-exec-5] org.hibernate.orm.jdbc.bind - binding parameter (1:UUID) <- [null]
2026-08-17 08:42:29.895 TRACE [edfb9ae5-e312-49f0-9940-fc546b94e909] [http-nio-8080-exec-5] org.hibernate.orm.jdbc.bind - binding parameter (2:UUID) <- [null]
2026-08-17 08:42:29.895 TRACE [edfb9ae5-e312-49f0-9940-fc546b94e909] [http-nio-8080-exec-5] org.hibernate.orm.jdbc.bind - binding parameter (3:INTEGER) <- [null]
2026-08-17 08:42:29.895 TRACE [edfb9ae5-e312-49f0-9940-fc546b94e909] [http-nio-8080-exec-5] org.hibernate.orm.jdbc.bind - binding parameter (4:INTEGER) <- [null]
2026-08-17 08:42:29.895 TRACE [edfb9ae5-e312-49f0-9940-fc546b94e909] [http-nio-8080-exec-5] org.hibernate.orm.jdbc.bind - binding parameter (5:VARCHAR) <- [null]
2026-08-17 08:42:29.895 TRACE [edfb9ae5-e312-49f0-9940-fc546b94e909] [http-nio-8080-exec-5] org.hibernate.orm.jdbc.bind - binding parameter (6:VARCHAR) <- [null]
2026-08-17 08:42:29.895 TRACE [edfb9ae5-e312-49f0-9940-fc546b94e909] [http-nio-8080-exec-5] org.hibernate.orm.jdbc.bind - binding parameter (7:VARCHAR) <- [null]
2026-08-17 08:42:29.895 TRACE [edfb9ae5-e312-49f0-9940-fc546b94e909] [http-nio-8080-exec-5] org.hibernate.orm.jdbc.bind - binding parameter (8:VARCHAR) <- [null]
2026-08-17 08:42:29.895 TRACE [edfb9ae5-e312-49f0-9940-fc546b94e909] [http-nio-8080-exec-5] org.hibernate.orm.jdbc.bind - binding parameter (9:VARCHAR) <- [null]
2026-08-17 08:42:29.895 TRACE [edfb9ae5-e312-49f0-9940-fc546b94e909] [http-nio-8080-exec-5] org.hibernate.orm.jdbc.bind - binding parameter (10:INTEGER) <- [10]
2026-08-17 08:42:29.902 DEBUG [edfb9ae5-e312-49f0-9940-fc546b94e909] [http-nio-8080-exec-5] org.hibernate.SQL - 
    select
        d1_0.id,
        d1_0.code,
        d1_0.created_at,
        d1_0.deleted,
        d1_0.description,
        d1_0.enabled,
        d1_0.name,
        d1_0.updated_at 
    from
        departments d1_0 
    where
        d1_0.id=?
2026-08-17 08:42:29.902 TRACE [edfb9ae5-e312-49f0-9940-fc546b94e909] [http-nio-8080-exec-5] org.hibernate.orm.jdbc.bind - binding parameter (1:UUID) <- [d1ad9ab8-6dc2-43ea-bfc0-84077dc51ce8]
2026-08-17 08:42:29.908 DEBUG [edfb9ae5-e312-49f0-9940-fc546b94e909] [http-nio-8080-exec-5] org.hibernate.SQL - 
    select
        d1_0.id,
        d1_0.code,
        d1_0.created_at,
        d1_0.deleted,
        d1_0.description,
        d1_0.enabled,
        d1_0.name,
        d1_0.updated_at 
    from
        departments d1_0 
    where
        d1_0.id=?
2026-08-17 08:42:29.908 TRACE [edfb9ae5-e312-49f0-9940-fc546b94e909] [http-nio-8080-exec-5] org.hibernate.orm.jdbc.bind - binding parameter (1:UUID) <- [11f825b9-c9bd-41ce-944c-7c22b28e8977]
2026-08-17 08:42:29.908 DEBUG [edfb9ae5-e312-49f0-9940-fc546b94e909] [http-nio-8080-exec-5] org.hibernate.SQL - 
    select
        d1_0.id,
        d1_0.code,
        d1_0.created_at,
        d1_0.deleted,
        d1_0.description,
        d1_0.enabled,
        d1_0.name,
        d1_0.updated_at 
    from
        departments d1_0 
    where
        d1_0.id=?
2026-08-17 08:42:29.909 TRACE [edfb9ae5-e312-49f0-9940-fc546b94e909] [http-nio-8080-exec-5] org.hibernate.orm.jdbc.bind - binding parameter (1:UUID) <- [64cbd233-6d90-4808-94f4-6c516e29549f]
2026-08-17 08:42:29.909 DEBUG [edfb9ae5-e312-49f0-9940-fc546b94e909] [http-nio-8080-exec-5] org.hibernate.SQL - 
    select
        d1_0.id,
        d1_0.code,
        d1_0.created_at,
        d1_0.deleted,
        d1_0.description,
        d1_0.enabled,
        d1_0.name,
        d1_0.updated_at 
    from
        departments d1_0 
    where
        d1_0.id=?
2026-08-17 08:42:29.909 TRACE [edfb9ae5-e312-49f0-9940-fc546b94e909] [http-nio-8080-exec-5] org.hibernate.orm.jdbc.bind - binding parameter (1:UUID) <- [3af45780-a90b-4180-82d9-baebdf93f585]
2026-08-17 08:42:29.910 TRACE [edfb9ae5-e312-49f0-9940-fc546b94e909] [http-nio-8080-exec-5] o.s.t.i.TransactionInterceptor - Completing transaction for [com.acleda.training.studentmanagement.features.course.CourseServiceImpl.getCourses]
2026-08-17 08:42:29.911 DEBUG [edfb9ae5-e312-49f0-9940-fc546b94e909] [http-nio-8080-exec-5] o.s.orm.jpa.JpaTransactionManager - Initiating transaction commit
2026-08-17 08:42:29.911 DEBUG [edfb9ae5-e312-49f0-9940-fc546b94e909] [http-nio-8080-exec-5] o.s.orm.jpa.JpaTransactionManager - Committing JPA transaction on EntityManager [SessionImpl(1941358166<open>)]
2026-08-17 08:42:29.911 DEBUG [edfb9ae5-e312-49f0-9940-fc546b94e909] [http-nio-8080-exec-5] o.s.orm.jpa.JpaTransactionManager - Closing JPA EntityManager after transaction
2026-08-17 08:42:29.920 INFO  [edfb9ae5-e312-49f0-9940-fc546b94e909] [http-nio-8080-exec-5] c.a.t.s.l.RequestLoggingInterceptor - API RESPONSE | Method: GET | URI: /api/v1/courses | Status: 200 | Duration: 42ms
2026-08-17 08:42:56.975 DEBUG [NO-REQUEST] [http-nio-8080-exec-3] o.s.orm.jpa.JpaTransactionManager - Creating new transaction with name [com.acleda.training.studentmanagement.features.auth.CustomUserDetailsService.loadUserByUsername]: PROPAGATION_REQUIRED,ISOLATION_DEFAULT,readOnly
2026-08-17 08:42:56.975 DEBUG [NO-REQUEST] [http-nio-8080-exec-3] o.s.orm.jpa.JpaTransactionManager - Opened new EntityManager [SessionImpl(207648442<open>)] for JPA transaction
2026-08-17 08:42:56.975 DEBUG [NO-REQUEST] [http-nio-8080-exec-3] o.s.orm.jpa.JpaTransactionManager - Exposing JPA transaction as JDBC [org.springframework.orm.jpa.vendor.HibernateJpaDialect$HibernateConnectionHandle@85ff3ee]
2026-08-17 08:42:56.975 TRACE [NO-REQUEST] [http-nio-8080-exec-3] o.s.t.i.TransactionInterceptor - Getting transaction for [com.acleda.training.studentmanagement.features.auth.CustomUserDetailsService.loadUserByUsername]
2026-08-17 08:42:56.976 TRACE [NO-REQUEST] [http-nio-8080-exec-3] o.s.t.i.TransactionInterceptor - No need to create transaction for [org.springframework.data.jpa.repository.support.SimpleJpaRepository.findByUsernameIgnoreCase]: This method is not transactional.
2026-08-17 08:42:56.977 DEBUG [NO-REQUEST] [http-nio-8080-exec-3] org.hibernate.SQL - 
    select
        au1_0.id,
        au1_0.created_at,
        au1_0.enabled,
        au1_0.password,
        au1_0.role,
        au1_0.updated_at,
        au1_0.username 
    from
        app_users au1_0 
    where
        upper(au1_0.username)=upper(?)
2026-08-17 08:42:56.977 TRACE [NO-REQUEST] [http-nio-8080-exec-3] org.hibernate.orm.jdbc.bind - binding parameter (1:VARCHAR) <- [admin]
2026-08-17 08:42:56.978 TRACE [NO-REQUEST] [http-nio-8080-exec-3] o.s.t.i.TransactionInterceptor - Completing transaction for [com.acleda.training.studentmanagement.features.auth.CustomUserDetailsService.loadUserByUsername]
2026-08-17 08:42:56.978 DEBUG [NO-REQUEST] [http-nio-8080-exec-3] o.s.orm.jpa.JpaTransactionManager - Initiating transaction commit
2026-08-17 08:42:56.978 DEBUG [NO-REQUEST] [http-nio-8080-exec-3] o.s.orm.jpa.JpaTransactionManager - Committing JPA transaction on EntityManager [SessionImpl(207648442<open>)]
2026-08-17 08:42:56.978 DEBUG [NO-REQUEST] [http-nio-8080-exec-3] o.s.orm.jpa.JpaTransactionManager - Closing JPA EntityManager after transaction
2026-08-17 08:42:56.980 INFO  [0fa64d27-1a76-4574-9029-abb611791f90] [http-nio-8080-exec-3] c.a.t.s.l.RequestLoggingInterceptor - API REQUEST | Method: GET | URI: /api/v1/students | Query: null
2026-08-17 08:42:56.981 DEBUG [0fa64d27-1a76-4574-9029-abb611791f90] [http-nio-8080-exec-3] o.s.orm.jpa.JpaTransactionManager - Creating new transaction with name [com.acleda.training.studentmanagement.features.student.StudentServiceImpl.getStudents]: PROPAGATION_REQUIRED,ISOLATION_DEFAULT,readOnly
2026-08-17 08:42:56.981 DEBUG [0fa64d27-1a76-4574-9029-abb611791f90] [http-nio-8080-exec-3] o.s.orm.jpa.JpaTransactionManager - Opened new EntityManager [SessionImpl(762479566<open>)] for JPA transaction
2026-08-17 08:42:56.982 DEBUG [0fa64d27-1a76-4574-9029-abb611791f90] [http-nio-8080-exec-3] o.s.orm.jpa.JpaTransactionManager - Exposing JPA transaction as JDBC [org.springframework.orm.jpa.vendor.HibernateJpaDialect$HibernateConnectionHandle@5df47e22]
2026-08-17 08:42:56.982 TRACE [0fa64d27-1a76-4574-9029-abb611791f90] [http-nio-8080-exec-3] o.s.t.i.TransactionInterceptor - Getting transaction for [com.acleda.training.studentmanagement.features.student.StudentServiceImpl.getStudents]
2026-08-17 08:42:56.982 TRACE [0fa64d27-1a76-4574-9029-abb611791f90] [http-nio-8080-exec-3] o.s.t.i.TransactionInterceptor - No need to create transaction for [org.springframework.data.jpa.repository.support.SimpleJpaRepository.findAllByDeletedFalse]: This method is not transactional.
2026-08-17 08:42:56.985 DEBUG [0fa64d27-1a76-4574-9029-abb611791f90] [http-nio-8080-exec-3] org.hibernate.SQL - 
    select
        s1_0.id,
        s1_0.address,
        s1_0.created_at,
        s1_0.date_of_birth,
        s1_0.deleted,
        s1_0.email,
        s1_0.enrolled_at,
        s1_0.first_name,
        s1_0.gender,
        s1_0.last_name,
        s1_0.phone_number,
        s1_0.status,
        s1_0.student_code,
        s1_0.updated_at 
    from
        students s1_0 
    where
        s1_0.deleted=false 
    order by
        s1_0.created_at desc 
    fetch
        first ? rows only
2026-08-17 08:42:56.985 TRACE [0fa64d27-1a76-4574-9029-abb611791f90] [http-nio-8080-exec-3] org.hibernate.orm.jdbc.bind - binding parameter (1:INTEGER) <- [10]
2026-08-17 08:42:56.991 DEBUG [0fa64d27-1a76-4574-9029-abb611791f90] [http-nio-8080-exec-3] org.hibernate.SQL - 
    select
        count(*) 
    from
        students s1_0 
    where
        s1_0.deleted=false
2026-08-17 08:42:56.993 TRACE [0fa64d27-1a76-4574-9029-abb611791f90] [http-nio-8080-exec-3] o.s.t.i.TransactionInterceptor - Completing transaction for [com.acleda.training.studentmanagement.features.student.StudentServiceImpl.getStudents]
2026-08-17 08:42:56.993 DEBUG [0fa64d27-1a76-4574-9029-abb611791f90] [http-nio-8080-exec-3] o.s.orm.jpa.JpaTransactionManager - Initiating transaction commit
2026-08-17 08:42:56.993 DEBUG [0fa64d27-1a76-4574-9029-abb611791f90] [http-nio-8080-exec-3] o.s.orm.jpa.JpaTransactionManager - Committing JPA transaction on EntityManager [SessionImpl(762479566<open>)]
2026-08-17 08:42:56.993 DEBUG [0fa64d27-1a76-4574-9029-abb611791f90] [http-nio-8080-exec-3] o.s.orm.jpa.JpaTransactionManager - Closing JPA EntityManager after transaction
2026-08-17 08:42:56.997 INFO  [0fa64d27-1a76-4574-9029-abb611791f90] [http-nio-8080-exec-3] c.a.t.s.l.RequestLoggingInterceptor - API RESPONSE | Method: GET | URI: /api/v1/students | Status: 200 | Duration: 16ms
2026-08-17 09:04:38.831 INFO  [NO-REQUEST] [SpringApplicationShutdownHook] o.s.boot.tomcat.GracefulShutdown - Commencing graceful shutdown. Waiting for active requests to complete
2026-08-17 09:04:38.838 INFO  [NO-REQUEST] [tomcat-shutdown] o.s.boot.tomcat.GracefulShutdown - Graceful shutdown complete
2026-08-17 09:04:40.880 INFO  [NO-REQUEST] [SpringApplicationShutdownHook] o.s.o.j.LocalContainerEntityManagerFactoryBean - Closing JPA EntityManagerFactory for persistence unit 'default'
2026-08-17 09:04:40.882 INFO  [NO-REQUEST] [SpringApplicationShutdownHook] com.zaxxer.hikari.HikariDataSource - HikariPool-1 - Shutdown initiated...
2026-08-17 09:04:40.884 INFO  [NO-REQUEST] [SpringApplicationShutdownHook] com.zaxxer.hikari.HikariDataSource - HikariPool-1 - Shutdown completed.
2026-08-17 09:04:44.389 INFO  [NO-REQUEST] [main] c.a.t.s.StudentManagementApiApplication - Starting StudentManagementApiApplication using Java 25.0.4 with PID 28984 (D:\student-management-api\build\classes\java\main started by USER in D:\student-management-api)
2026-08-17 09:04:44.391 INFO  [NO-REQUEST] [main] c.a.t.s.StudentManagementApiApplication - No active profile set, falling back to 1 default profile: "default"
2026-08-17 09:04:45.230 INFO  [NO-REQUEST] [main] o.s.d.r.c.RepositoryConfigurationDelegate - Multiple Spring Data modules found, entering strict repository configuration mode
2026-08-17 09:04:45.232 INFO  [NO-REQUEST] [main] o.s.d.r.c.RepositoryConfigurationDelegate - Bootstrapping Spring Data JPA repositories in DEFAULT mode.
2026-08-17 09:04:45.353 INFO  [NO-REQUEST] [main] o.s.d.r.c.RepositoryConfigurationDelegate - Finished Spring Data repository scanning in 114 ms. Found 7 JPA repository interfaces.
2026-08-17 09:04:45.364 INFO  [NO-REQUEST] [main] o.s.d.r.c.RepositoryConfigurationDelegate - Multiple Spring Data modules found, entering strict repository configuration mode
2026-08-17 09:04:45.365 INFO  [NO-REQUEST] [main] o.s.d.r.c.RepositoryConfigurationDelegate - Bootstrapping Spring Data Redis repositories in DEFAULT mode.
2026-08-17 09:04:45.379 INFO  [NO-REQUEST] [main] o.s.d.r.c.RepositoryConfigurationExtensionSupport - Spring Data Redis - Could not safely identify store assignment for repository candidate interface com.acleda.training.studentmanagement.features.auth.AppUserRepository; If you want this repository to be a Redis repository, consider annotating your entities with one of these annotations: org.springframework.data.redis.core.RedisHash (preferred), or consider extending one of the following types with your repository: org.springframework.data.keyvalue.repository.KeyValueRepository
2026-08-17 09:04:45.379 INFO  [NO-REQUEST] [main] o.s.d.r.c.RepositoryConfigurationExtensionSupport - Spring Data Redis - Could not safely identify store assignment for repository candidate interface com.acleda.training.studentmanagement.features.course.CourseRepository; If you want this repository to be a Redis repository, consider annotating your entities with one of these annotations: org.springframework.data.redis.core.RedisHash (preferred), or consider extending one of the following types with your repository: org.springframework.data.keyvalue.repository.KeyValueRepository
2026-08-17 09:04:45.380 INFO  [NO-REQUEST] [main] o.s.d.r.c.RepositoryConfigurationExtensionSupport - Spring Data Redis - Could not safely identify store assignment for repository candidate interface com.acleda.training.studentmanagement.features.course.offering.CourseOfferingRepository; If you want this repository to be a Redis repository, consider annotating your entities with one of these annotations: org.springframework.data.redis.core.RedisHash (preferred), or consider extending one of the following types with your repository: org.springframework.data.keyvalue.repository.KeyValueRepository
2026-08-17 09:04:45.380 INFO  [NO-REQUEST] [main] o.s.d.r.c.RepositoryConfigurationExtensionSupport - Spring Data Redis - Could not safely identify store assignment for repository candidate interface com.acleda.training.studentmanagement.features.department.DepartmentRepository; If you want this repository to be a Redis repository, consider annotating your entities with one of these annotations: org.springframework.data.redis.core.RedisHash (preferred), or consider extending one of the following types with your repository: org.springframework.data.keyvalue.repository.KeyValueRepository
2026-08-17 09:04:45.380 INFO  [NO-REQUEST] [main] o.s.d.r.c.RepositoryConfigurationExtensionSupport - Spring Data Redis - Could not safely identify store assignment for repository candidate interface com.acleda.training.studentmanagement.features.enrollment.EnrollmentRepository; If you want this repository to be a Redis repository, consider annotating your entities with one of these annotations: org.springframework.data.redis.core.RedisHash (preferred), or consider extending one of the following types with your repository: org.springframework.data.keyvalue.repository.KeyValueRepository
2026-08-17 09:04:45.380 INFO  [NO-REQUEST] [main] o.s.d.r.c.RepositoryConfigurationExtensionSupport - Spring Data Redis - Could not safely identify store assignment for repository candidate interface com.acleda.training.studentmanagement.features.instructor.InstructorRepository; If you want this repository to be a Redis repository, consider annotating your entities with one of these annotations: org.springframework.data.redis.core.RedisHash (preferred), or consider extending one of the following types with your repository: org.springframework.data.keyvalue.repository.KeyValueRepository
2026-08-17 09:04:45.380 INFO  [NO-REQUEST] [main] o.s.d.r.c.RepositoryConfigurationExtensionSupport - Spring Data Redis - Could not safely identify store assignment for repository candidate interface com.acleda.training.studentmanagement.features.student.StudentRepository; If you want this repository to be a Redis repository, consider annotating your entities with one of these annotations: org.springframework.data.redis.core.RedisHash (preferred), or consider extending one of the following types with your repository: org.springframework.data.keyvalue.repository.KeyValueRepository
2026-08-17 09:04:45.381 INFO  [NO-REQUEST] [main] o.s.d.r.c.RepositoryConfigurationDelegate - Finished Spring Data repository scanning in 9 ms. Found 0 Redis repository interfaces.
2026-08-17 09:04:45.864 INFO  [NO-REQUEST] [main] o.s.boot.tomcat.TomcatWebServer - Tomcat initialized with port 8080 (http)
2026-08-17 09:04:45.873 INFO  [NO-REQUEST] [main] o.a.catalina.core.StandardService - Starting service [Tomcat]
2026-08-17 09:04:45.873 INFO  [NO-REQUEST] [main] o.a.catalina.core.StandardEngine - Starting Servlet engine: [Apache Tomcat/11.0.22]
2026-08-17 09:04:45.940 INFO  [NO-REQUEST] [main] o.s.b.w.c.s.WebApplicationContextInitializer - Root WebApplicationContext: initialization completed in 1517 ms
2026-08-17 09:04:46.225 INFO  [NO-REQUEST] [main] org.hibernate.orm.jpa - HHH008540: Processing PersistenceUnitInfo [name: default]
2026-08-17 09:04:46.269 INFO  [NO-REQUEST] [main] org.hibernate.orm.core - HHH000001: Hibernate ORM core version 7.4.1.Final
2026-08-17 09:04:46.620 INFO  [NO-REQUEST] [main] o.s.o.j.p.SpringPersistenceUnitInfo - No LoadTimeWeaver setup: ignoring JPA class transformer
2026-08-17 09:04:46.651 INFO  [NO-REQUEST] [main] com.zaxxer.hikari.HikariDataSource - HikariPool-1 - Starting...
2026-08-17 09:04:46.792 INFO  [NO-REQUEST] [main] com.zaxxer.hikari.pool.HikariPool - HikariPool-1 - Added connection org.postgresql.jdbc.PgConnection@3293030b
2026-08-17 09:04:46.793 INFO  [NO-REQUEST] [main] com.zaxxer.hikari.HikariDataSource - HikariPool-1 - Start completed.
2026-08-17 09:04:46.854 INFO  [NO-REQUEST] [main] o.hibernate.orm.connections.pooling - HHH10001005: Database info:
	Database JDBC URL [jdbc:postgresql://localhost:5432/student_management_db]
	Database driver: PostgreSQL JDBC Driver
	Database dialect: PostgreSQLDialect
	Database version: 18.4
	Default catalog/schema: student_management_db/public
	Autocommit mode: undefined/unknown
	Isolation level: READ_COMMITTED [default READ_COMMITTED]
	JDBC fetch size: none
	Pool: DataSourceConnectionProvider
	Minimum pool size: undefined/unknown
	Maximum pool size: undefined/unknown
2026-08-17 09:04:47.727 INFO  [NO-REQUEST] [main] org.hibernate.orm.core - HHH000489: No JTA platform available (set 'hibernate.transaction.jta.platform' to enable JTA platform integration)
2026-08-17 09:04:47.813 INFO  [NO-REQUEST] [main] o.s.o.j.LocalContainerEntityManagerFactoryBean - Initialized JPA EntityManagerFactory for persistence unit 'default'
2026-08-17 09:04:47.858 INFO  [NO-REQUEST] [main] o.s.d.j.r.q.QueryEnhancerFactories - Hibernate is in classpath; If applicable, HQL parser will be used.
2026-08-17 09:04:47.978 TRACE [NO-REQUEST] [main] o.s.t.a.AnnotationTransactionAttributeSource - Adding transactional method 'com.acleda.training.studentmanagement.features.auth.CustomUserDetailsService.loadUserByUsername' with attribute: PROPAGATION_REQUIRED,ISOLATION_DEFAULT,readOnly
2026-08-17 09:04:48.298 INFO  [NO-REQUEST] [main] o.s.s.c.a.a.c.InitializeAuthenticationProviderBeanManagerConfigurer$InitializeAuthenticationProviderManagerConfigurer - Global AuthenticationManager configured with AuthenticationProvider bean with name authenticationProvider
2026-08-17 09:04:48.298 WARN  [NO-REQUEST] [main] o.s.s.c.a.a.c.InitializeUserDetailsBeanManagerConfigurer$InitializeUserDetailsManagerConfigurer - Global AuthenticationManager configured with an AuthenticationProvider bean. UserDetailsService beans will not be used by Spring Security for automatically configuring username/password login. Consider removing the AuthenticationProvider bean. Alternatively, consider using the UserDetailsService in a manually instantiated DaoAuthenticationProvider. If the current configuration is intentional, to turn off this warning, increase the logging level of 'org.springframework.security.config.annotation.authentication.configuration.InitializeUserDetailsBeanManagerConfigurer' to ERROR
2026-08-17 09:04:48.303 TRACE [NO-REQUEST] [main] o.s.t.a.AnnotationTransactionAttributeSource - Adding transactional method 'com.acleda.training.studentmanagement.features.auth.AuthService.register' with attribute: PROPAGATION_REQUIRED,ISOLATION_DEFAULT
2026-08-17 09:04:48.304 TRACE [NO-REQUEST] [main] o.s.t.a.AnnotationTransactionAttributeSource - Adding transactional method 'com.acleda.training.studentmanagement.features.auth.AuthService.refreshToken' with attribute: PROPAGATION_REQUIRED,ISOLATION_DEFAULT,readOnly
2026-08-17 09:04:48.304 TRACE [NO-REQUEST] [main] o.s.t.a.AnnotationTransactionAttributeSource - Adding transactional method 'com.acleda.training.studentmanagement.features.auth.AuthService.login' with attribute: PROPAGATION_REQUIRED,ISOLATION_DEFAULT,readOnly
2026-08-17 09:04:49.121 TRACE [NO-REQUEST] [main] o.s.t.a.AnnotationTransactionAttributeSource - Adding transactional method 'com.acleda.training.studentmanagement.features.course.CourseServiceImpl.updateCourse' with attribute: PROPAGATION_REQUIRED,ISOLATION_DEFAULT
2026-08-17 09:04:49.122 TRACE [NO-REQUEST] [main] o.s.t.a.AnnotationTransactionAttributeSource - Adding transactional method 'com.acleda.training.studentmanagement.features.course.CourseServiceImpl.createCourse' with attribute: PROPAGATION_REQUIRED,ISOLATION_DEFAULT
2026-08-17 09:04:49.122 TRACE [NO-REQUEST] [main] o.s.t.a.AnnotationTransactionAttributeSource - Adding transactional method 'com.acleda.training.studentmanagement.features.course.CourseServiceImpl.deleteCourse' with attribute: PROPAGATION_REQUIRED,ISOLATION_DEFAULT
2026-08-17 09:04:49.123 TRACE [NO-REQUEST] [main] o.s.t.a.AnnotationTransactionAttributeSource - Adding transactional method 'com.acleda.training.studentmanagement.features.course.CourseServiceImpl.getCourseById' with attribute: PROPAGATION_REQUIRED,ISOLATION_DEFAULT,readOnly
2026-08-17 09:04:49.123 TRACE [NO-REQUEST] [main] o.s.t.a.AnnotationTransactionAttributeSource - Adding transactional method 'com.acleda.training.studentmanagement.features.course.CourseServiceImpl.getCourses' with attribute: PROPAGATION_REQUIRED,ISOLATION_DEFAULT,readOnly
2026-08-17 09:04:49.307 TRACE [NO-REQUEST] [main] o.s.t.a.AnnotationTransactionAttributeSource - Adding transactional method 'com.acleda.training.studentmanagement.features.course.offering.CourseOfferingServiceImpl.getCourseOfferings' with attribute: PROPAGATION_REQUIRED,ISOLATION_DEFAULT,readOnly
2026-08-17 09:04:49.308 TRACE [NO-REQUEST] [main] o.s.t.a.AnnotationTransactionAttributeSource - Adding transactional method 'com.acleda.training.studentmanagement.features.course.offering.CourseOfferingServiceImpl.getCourseOfferingById' with attribute: PROPAGATION_REQUIRED,ISOLATION_DEFAULT,readOnly
2026-08-17 09:04:49.308 TRACE [NO-REQUEST] [main] o.s.t.a.AnnotationTransactionAttributeSource - Adding transactional method 'com.acleda.training.studentmanagement.features.course.offering.CourseOfferingServiceImpl.updateCourseOffering' with attribute: PROPAGATION_REQUIRED,ISOLATION_DEFAULT
2026-08-17 09:04:49.308 TRACE [NO-REQUEST] [main] o.s.t.a.AnnotationTransactionAttributeSource - Adding transactional method 'com.acleda.training.studentmanagement.features.course.offering.CourseOfferingServiceImpl.createCourseOffering' with attribute: PROPAGATION_REQUIRED,ISOLATION_DEFAULT
2026-08-17 09:04:49.308 TRACE [NO-REQUEST] [main] o.s.t.a.AnnotationTransactionAttributeSource - Adding transactional method 'com.acleda.training.studentmanagement.features.course.offering.CourseOfferingServiceImpl.deleteCourseOffering' with attribute: PROPAGATION_REQUIRED,ISOLATION_DEFAULT
2026-08-17 09:04:49.314 TRACE [NO-REQUEST] [main] o.s.t.a.AnnotationTransactionAttributeSource - Adding transactional method 'com.acleda.training.studentmanagement.features.department.DepartmentServiceImpl.deleteDepartment' with attribute: PROPAGATION_REQUIRED,ISOLATION_DEFAULT
2026-08-17 09:04:49.315 TRACE [NO-REQUEST] [main] o.s.t.a.AnnotationTransactionAttributeSource - Adding transactional method 'com.acleda.training.studentmanagement.features.department.DepartmentServiceImpl.getDepartments' with attribute: PROPAGATION_REQUIRED,ISOLATION_DEFAULT,readOnly
2026-08-17 09:04:49.315 TRACE [NO-REQUEST] [main] o.s.t.a.AnnotationTransactionAttributeSource - Adding transactional method 'com.acleda.training.studentmanagement.features.department.DepartmentServiceImpl.updateDepartmentStatus' with attribute: PROPAGATION_REQUIRED,ISOLATION_DEFAULT
2026-08-17 09:04:49.316 TRACE [NO-REQUEST] [main] o.s.t.a.AnnotationTransactionAttributeSource - Adding transactional method 'com.acleda.training.studentmanagement.features.department.DepartmentServiceImpl.updateDepartment' with attribute: PROPAGATION_REQUIRED,ISOLATION_DEFAULT
2026-08-17 09:04:49.316 TRACE [NO-REQUEST] [main] o.s.t.a.AnnotationTransactionAttributeSource - Adding transactional method 'com.acleda.training.studentmanagement.features.department.DepartmentServiceImpl.createDepartment' with attribute: PROPAGATION_REQUIRED,ISOLATION_DEFAULT
2026-08-17 09:04:49.316 TRACE [NO-REQUEST] [main] o.s.t.a.AnnotationTransactionAttributeSource - Adding transactional method 'com.acleda.training.studentmanagement.features.department.DepartmentServiceImpl.getDepartmentById' with attribute: PROPAGATION_REQUIRED,ISOLATION_DEFAULT,readOnly
2026-08-17 09:04:49.390 TRACE [NO-REQUEST] [main] o.s.t.a.AnnotationTransactionAttributeSource - Adding transactional method 'com.acleda.training.studentmanagement.features.enrollment.EnrollmentServiceImpl.testBulkEnrollmentTransaction' with attribute: PROPAGATION_REQUIRED,ISOLATION_DEFAULT
2026-08-17 09:04:49.391 TRACE [NO-REQUEST] [main] o.s.t.a.AnnotationTransactionAttributeSource - Adding transactional method 'com.acleda.training.studentmanagement.features.enrollment.EnrollmentServiceImpl.updateEnrollment' with attribute: PROPAGATION_REQUIRED,ISOLATION_DEFAULT
2026-08-17 09:04:49.391 TRACE [NO-REQUEST] [main] o.s.t.a.AnnotationTransactionAttributeSource - Adding transactional method 'com.acleda.training.studentmanagement.features.enrollment.EnrollmentServiceImpl.updateEnrollmentResult' with attribute: PROPAGATION_REQUIRED,ISOLATION_DEFAULT
2026-08-17 09:04:49.391 TRACE [NO-REQUEST] [main] o.s.t.a.AnnotationTransactionAttributeSource - Adding transactional method 'com.acleda.training.studentmanagement.features.enrollment.EnrollmentServiceImpl.deleteEnrollment' with attribute: PROPAGATION_REQUIRED,ISOLATION_DEFAULT
2026-08-17 09:04:49.391 TRACE [NO-REQUEST] [main] o.s.t.a.AnnotationTransactionAttributeSource - Adding transactional method 'com.acleda.training.studentmanagement.features.enrollment.EnrollmentServiceImpl.getEnrollments' with attribute: PROPAGATION_REQUIRED,ISOLATION_DEFAULT,readOnly
2026-08-17 09:04:49.391 TRACE [NO-REQUEST] [main] o.s.t.a.AnnotationTransactionAttributeSource - Adding transactional method 'com.acleda.training.studentmanagement.features.enrollment.EnrollmentServiceImpl.getEnrollmentById' with attribute: PROPAGATION_REQUIRED,ISOLATION_DEFAULT,readOnly
2026-08-17 09:04:49.392 TRACE [NO-REQUEST] [main] o.s.t.a.AnnotationTransactionAttributeSource - Adding transactional method 'com.acleda.training.studentmanagement.features.enrollment.EnrollmentServiceImpl.createEnrollment' with attribute: PROPAGATION_REQUIRED,ISOLATION_DEFAULT
2026-08-17 09:04:49.602 TRACE [NO-REQUEST] [main] o.s.t.a.AnnotationTransactionAttributeSource - Adding transactional method 'com.acleda.training.studentmanagement.features.instructor.InstructorServiceImpl.getInstructors' with attribute: PROPAGATION_REQUIRED,ISOLATION_DEFAULT,readOnly
2026-08-17 09:04:49.602 TRACE [NO-REQUEST] [main] o.s.t.a.AnnotationTransactionAttributeSource - Adding transactional method 'com.acleda.training.studentmanagement.features.instructor.InstructorServiceImpl.updateInstructor' with attribute: PROPAGATION_REQUIRED,ISOLATION_DEFAULT
2026-08-17 09:04:49.603 TRACE [NO-REQUEST] [main] o.s.t.a.AnnotationTransactionAttributeSource - Adding transactional method 'com.acleda.training.studentmanagement.features.instructor.InstructorServiceImpl.createInstructor' with attribute: PROPAGATION_REQUIRED,ISOLATION_DEFAULT
2026-08-17 09:04:49.603 TRACE [NO-REQUEST] [main] o.s.t.a.AnnotationTransactionAttributeSource - Adding transactional method 'com.acleda.training.studentmanagement.features.instructor.InstructorServiceImpl.deleteInstructor' with attribute: PROPAGATION_REQUIRED,ISOLATION_DEFAULT
2026-08-17 09:04:49.603 TRACE [NO-REQUEST] [main] o.s.t.a.AnnotationTransactionAttributeSource - Adding transactional method 'com.acleda.training.studentmanagement.features.instructor.InstructorServiceImpl.getInstructorById' with attribute: PROPAGATION_REQUIRED,ISOLATION_DEFAULT,readOnly
2026-08-17 09:04:49.609 TRACE [NO-REQUEST] [main] o.s.t.a.AnnotationTransactionAttributeSource - Adding transactional method 'com.acleda.training.studentmanagement.features.student.StudentServiceImpl.updateStudent' with attribute: PROPAGATION_REQUIRED,ISOLATION_DEFAULT
2026-08-17 09:04:49.610 TRACE [NO-REQUEST] [main] o.s.t.a.AnnotationTransactionAttributeSource - Adding transactional method 'com.acleda.training.studentmanagement.features.student.StudentServiceImpl.getStudentById' with attribute: PROPAGATION_REQUIRED,ISOLATION_DEFAULT,readOnly
2026-08-17 09:04:49.610 TRACE [NO-REQUEST] [main] o.s.t.a.AnnotationTransactionAttributeSource - Adding transactional method 'com.acleda.training.studentmanagement.features.student.StudentServiceImpl.deleteStudent' with attribute: PROPAGATION_REQUIRED,ISOLATION_DEFAULT
2026-08-17 09:04:49.610 TRACE [NO-REQUEST] [main] o.s.t.a.AnnotationTransactionAttributeSource - Adding transactional method 'com.acleda.training.studentmanagement.features.student.StudentServiceImpl.createStudent' with attribute: PROPAGATION_REQUIRED,ISOLATION_DEFAULT
2026-08-17 09:04:49.610 TRACE [NO-REQUEST] [main] o.s.t.a.AnnotationTransactionAttributeSource - Adding transactional method 'com.acleda.training.studentmanagement.features.student.StudentServiceImpl.getStudents' with attribute: PROPAGATION_REQUIRED,ISOLATION_DEFAULT,readOnly
2026-08-17 09:04:50.325 INFO  [NO-REQUEST] [main] o.s.b.a.e.web.EndpointLinksResolver - Exposing 1 endpoint beneath base path '/actuator'
2026-08-17 09:04:50.385 INFO  [NO-REQUEST] [main] o.s.boot.tomcat.TomcatWebServer - Tomcat started on port 8080 (http) with context path '/'
2026-08-17 09:04:50.393 INFO  [NO-REQUEST] [main] c.a.t.s.StudentManagementApiApplication - Started StudentManagementApiApplication in 6.337 seconds (process running for 6.905)
2026-08-17 09:04:50.400 TRACE [NO-REQUEST] [main] o.s.t.i.TransactionInterceptor - No need to create transaction for [org.springframework.data.jpa.repository.support.SimpleJpaRepository.existsByUsernameIgnoreCase]: This method is not transactional.
2026-08-17 09:04:50.477 DEBUG [NO-REQUEST] [main] org.hibernate.SQL - 
    select
        au1_0.id 
    from
        app_users au1_0 
    where
        upper(au1_0.username)=upper(?) 
    fetch
        first ? rows only
2026-08-17 09:04:50.478 TRACE [NO-REQUEST] [main] org.hibernate.orm.jdbc.bind - binding parameter (1:VARCHAR) <- [admin]
2026-08-17 09:04:50.478 TRACE [NO-REQUEST] [main] org.hibernate.orm.jdbc.bind - binding parameter (2:INTEGER) <- [1]
2026-08-17 09:04:50.642 INFO  [NO-REQUEST] [RMI TCP Connection(1)-192.168.33.1] o.a.c.c.C.[Tomcat].[localhost].[/] - Initializing Spring DispatcherServlet 'dispatcherServlet'
2026-08-17 09:04:50.642 INFO  [NO-REQUEST] [RMI TCP Connection(1)-192.168.33.1] o.s.web.servlet.DispatcherServlet - Initializing Servlet 'dispatcherServlet'
2026-08-17 09:04:50.644 INFO  [NO-REQUEST] [RMI TCP Connection(1)-192.168.33.1] o.s.web.servlet.DispatcherServlet - Completed initialization in 2 ms
2026-08-17 09:05:06.815 INFO  [499e5f85-b6d7-4dc2-9341-6e98b4ae7086] [http-nio-8080-exec-3] c.a.t.s.l.RequestLoggingInterceptor - API REQUEST | Method: POST | URI: /api/v1/auth/login | Query: null
2026-08-17 09:05:06.888 DEBUG [499e5f85-b6d7-4dc2-9341-6e98b4ae7086] [http-nio-8080-exec-3] o.s.orm.jpa.JpaTransactionManager - Creating new transaction with name [com.acleda.training.studentmanagement.features.auth.AuthService.login]: PROPAGATION_REQUIRED,ISOLATION_DEFAULT,readOnly
2026-08-17 09:05:06.889 DEBUG [499e5f85-b6d7-4dc2-9341-6e98b4ae7086] [http-nio-8080-exec-3] o.s.orm.jpa.JpaTransactionManager - Opened new EntityManager [SessionImpl(396719019<open>)] for JPA transaction
2026-08-17 09:05:06.892 DEBUG [499e5f85-b6d7-4dc2-9341-6e98b4ae7086] [http-nio-8080-exec-3] o.s.orm.jpa.JpaTransactionManager - Exposing JPA transaction as JDBC [org.springframework.orm.jpa.vendor.HibernateJpaDialect$HibernateConnectionHandle@6a737df4]
2026-08-17 09:05:06.892 TRACE [499e5f85-b6d7-4dc2-9341-6e98b4ae7086] [http-nio-8080-exec-3] o.s.t.i.TransactionInterceptor - Getting transaction for [com.acleda.training.studentmanagement.features.auth.AuthService.login]
2026-08-17 09:05:06.958 DEBUG [499e5f85-b6d7-4dc2-9341-6e98b4ae7086] [http-nio-8080-exec-3] o.s.orm.jpa.JpaTransactionManager - Found thread-bound EntityManager [SessionImpl(396719019<open>)] for JPA transaction
2026-08-17 09:05:06.958 DEBUG [499e5f85-b6d7-4dc2-9341-6e98b4ae7086] [http-nio-8080-exec-3] o.s.orm.jpa.JpaTransactionManager - Participating in existing transaction
2026-08-17 09:05:06.958 TRACE [499e5f85-b6d7-4dc2-9341-6e98b4ae7086] [http-nio-8080-exec-3] o.s.t.i.TransactionInterceptor - Getting transaction for [com.acleda.training.studentmanagement.features.auth.CustomUserDetailsService.loadUserByUsername]
2026-08-17 09:05:06.959 TRACE [499e5f85-b6d7-4dc2-9341-6e98b4ae7086] [http-nio-8080-exec-3] o.s.t.i.TransactionInterceptor - No need to create transaction for [org.springframework.data.jpa.repository.support.SimpleJpaRepository.findByUsernameIgnoreCase]: This method is not transactional.
2026-08-17 09:05:06.965 DEBUG [499e5f85-b6d7-4dc2-9341-6e98b4ae7086] [http-nio-8080-exec-3] org.hibernate.SQL - 
    select
        au1_0.id,
        au1_0.created_at,
        au1_0.enabled,
        au1_0.password,
        au1_0.role,
        au1_0.updated_at,
        au1_0.username 
    from
        app_users au1_0 
    where
        upper(au1_0.username)=upper(?)
2026-08-17 09:05:06.965 TRACE [499e5f85-b6d7-4dc2-9341-6e98b4ae7086] [http-nio-8080-exec-3] org.hibernate.orm.jdbc.bind - binding parameter (1:VARCHAR) <- [admin]
2026-08-17 09:05:06.979 TRACE [499e5f85-b6d7-4dc2-9341-6e98b4ae7086] [http-nio-8080-exec-3] o.s.t.i.TransactionInterceptor - Completing transaction for [com.acleda.training.studentmanagement.features.auth.CustomUserDetailsService.loadUserByUsername]
2026-08-17 09:05:07.095 TRACE [499e5f85-b6d7-4dc2-9341-6e98b4ae7086] [http-nio-8080-exec-3] o.s.t.i.TransactionInterceptor - Completing transaction for [com.acleda.training.studentmanagement.features.auth.AuthService.login]
2026-08-17 09:05:07.095 DEBUG [499e5f85-b6d7-4dc2-9341-6e98b4ae7086] [http-nio-8080-exec-3] o.s.orm.jpa.JpaTransactionManager - Initiating transaction commit
2026-08-17 09:05:07.095 DEBUG [499e5f85-b6d7-4dc2-9341-6e98b4ae7086] [http-nio-8080-exec-3] o.s.orm.jpa.JpaTransactionManager - Committing JPA transaction on EntityManager [SessionImpl(396719019<open>)]
2026-08-17 09:05:07.097 DEBUG [499e5f85-b6d7-4dc2-9341-6e98b4ae7086] [http-nio-8080-exec-3] o.s.orm.jpa.JpaTransactionManager - Closing JPA EntityManager after transaction
2026-08-17 09:05:07.144 INFO  [499e5f85-b6d7-4dc2-9341-6e98b4ae7086] [http-nio-8080-exec-3] c.a.t.s.l.RequestLoggingInterceptor - API RESPONSE | Method: POST | URI: /api/v1/auth/login | Status: 200 | Duration: 329ms
2026-08-17 09:05:23.477 DEBUG [NO-REQUEST] [http-nio-8080-exec-8] o.s.orm.jpa.JpaTransactionManager - Creating new transaction with name [com.acleda.training.studentmanagement.features.auth.CustomUserDetailsService.loadUserByUsername]: PROPAGATION_REQUIRED,ISOLATION_DEFAULT,readOnly
2026-08-17 09:05:23.477 DEBUG [NO-REQUEST] [http-nio-8080-exec-8] o.s.orm.jpa.JpaTransactionManager - Opened new EntityManager [SessionImpl(1545998901<open>)] for JPA transaction
2026-08-17 09:05:23.477 DEBUG [NO-REQUEST] [http-nio-8080-exec-8] o.s.orm.jpa.JpaTransactionManager - Exposing JPA transaction as JDBC [org.springframework.orm.jpa.vendor.HibernateJpaDialect$HibernateConnectionHandle@1453297a]
2026-08-17 09:05:23.477 TRACE [NO-REQUEST] [http-nio-8080-exec-8] o.s.t.i.TransactionInterceptor - Getting transaction for [com.acleda.training.studentmanagement.features.auth.CustomUserDetailsService.loadUserByUsername]
2026-08-17 09:05:23.477 TRACE [NO-REQUEST] [http-nio-8080-exec-8] o.s.t.i.TransactionInterceptor - No need to create transaction for [org.springframework.data.jpa.repository.support.SimpleJpaRepository.findByUsernameIgnoreCase]: This method is not transactional.
2026-08-17 09:05:23.479 DEBUG [NO-REQUEST] [http-nio-8080-exec-8] org.hibernate.SQL - 
    select
        au1_0.id,
        au1_0.created_at,
        au1_0.enabled,
        au1_0.password,
        au1_0.role,
        au1_0.updated_at,
        au1_0.username 
    from
        app_users au1_0 
    where
        upper(au1_0.username)=upper(?)
2026-08-17 09:05:23.479 TRACE [NO-REQUEST] [http-nio-8080-exec-8] org.hibernate.orm.jdbc.bind - binding parameter (1:VARCHAR) <- [admin]
2026-08-17 09:05:23.480 TRACE [NO-REQUEST] [http-nio-8080-exec-8] o.s.t.i.TransactionInterceptor - Completing transaction for [com.acleda.training.studentmanagement.features.auth.CustomUserDetailsService.loadUserByUsername]
2026-08-17 09:05:23.480 DEBUG [NO-REQUEST] [http-nio-8080-exec-8] o.s.orm.jpa.JpaTransactionManager - Initiating transaction commit
2026-08-17 09:05:23.480 DEBUG [NO-REQUEST] [http-nio-8080-exec-8] o.s.orm.jpa.JpaTransactionManager - Committing JPA transaction on EntityManager [SessionImpl(1545998901<open>)]
2026-08-17 09:05:23.480 DEBUG [NO-REQUEST] [http-nio-8080-exec-8] o.s.orm.jpa.JpaTransactionManager - Closing JPA EntityManager after transaction
2026-08-17 09:05:23.483 INFO  [bde89307-d240-4efd-af76-a2fff5c5bef0] [http-nio-8080-exec-8] c.a.t.s.l.RequestLoggingInterceptor - API REQUEST | Method: GET | URI: /api/v1/externals/users | Query: page=1&size=4
2026-08-17 09:05:23.526 INFO  [bde89307-d240-4efd-af76-a2fff5c5bef0] [http-nio-8080-exec-8] c.a.t.s.config.WebClientConfig - THIRD-PARTY REQUEST | Method: GET | URL: https://jsonplaceholder.typicode.com/users?_start=4&_limit=4
2026-08-17 09:05:24.880 INFO  [bde89307-d240-4efd-af76-a2fff5c5bef0] [reactor-http-nio-3] c.a.t.s.config.WebClientConfig - THIRD-PARTY RESPONSE | Method: GET | URL: https://jsonplaceholder.typicode.com/users?_start=4&_limit=4 | Status: 200 | Duration: 1354ms
2026-08-17 09:05:25.259 INFO  [bde89307-d240-4efd-af76-a2fff5c5bef0] [http-nio-8080-exec-8] c.a.t.s.l.RequestLoggingInterceptor - API RESPONSE | Method: GET | URI: /api/v1/externals/users | Status: 200 | Duration: 1776ms
2026-08-17 09:05:42.483 INFO  [NO-REQUEST] [SpringApplicationShutdownHook] o.s.boot.tomcat.GracefulShutdown - Commencing graceful shutdown. Waiting for active requests to complete
2026-08-17 09:05:42.491 INFO  [NO-REQUEST] [tomcat-shutdown] o.s.boot.tomcat.GracefulShutdown - Graceful shutdown complete
2026-08-17 09:05:44.531 INFO  [NO-REQUEST] [SpringApplicationShutdownHook] o.s.o.j.LocalContainerEntityManagerFactoryBean - Closing JPA EntityManagerFactory for persistence unit 'default'
2026-08-17 09:05:44.532 INFO  [NO-REQUEST] [SpringApplicationShutdownHook] com.zaxxer.hikari.HikariDataSource - HikariPool-1 - Shutdown initiated...
2026-08-17 09:05:44.534 INFO  [NO-REQUEST] [SpringApplicationShutdownHook] com.zaxxer.hikari.HikariDataSource - HikariPool-1 - Shutdown completed.
2026-08-17 14:01:13.039 INFO  [NO-REQUEST] [main] c.a.t.s.StudentManagementApiApplication - Starting StudentManagementApiApplication using Java 25.0.4 with PID 28220 (D:\student-management-api\build\classes\java\main started by USER in D:\student-management-api)
2026-08-17 14:01:13.042 INFO  [NO-REQUEST] [main] c.a.t.s.StudentManagementApiApplication - No active profile set, falling back to 1 default profile: "default"
2026-08-17 14:01:14.153 INFO  [NO-REQUEST] [main] o.s.d.r.c.RepositoryConfigurationDelegate - Multiple Spring Data modules found, entering strict repository configuration mode
2026-08-17 14:01:14.154 INFO  [NO-REQUEST] [main] o.s.d.r.c.RepositoryConfigurationDelegate - Bootstrapping Spring Data JPA repositories in DEFAULT mode.
2026-08-17 14:01:14.288 INFO  [NO-REQUEST] [main] o.s.d.r.c.RepositoryConfigurationDelegate - Finished Spring Data repository scanning in 127 ms. Found 7 JPA repository interfaces.
2026-08-17 14:01:14.302 INFO  [NO-REQUEST] [main] o.s.d.r.c.RepositoryConfigurationDelegate - Multiple Spring Data modules found, entering strict repository configuration mode
2026-08-17 14:01:14.302 INFO  [NO-REQUEST] [main] o.s.d.r.c.RepositoryConfigurationDelegate - Bootstrapping Spring Data Redis repositories in DEFAULT mode.
2026-08-17 14:01:14.318 INFO  [NO-REQUEST] [main] o.s.d.r.c.RepositoryConfigurationExtensionSupport - Spring Data Redis - Could not safely identify store assignment for repository candidate interface com.acleda.training.studentmanagement.features.auth.AppUserRepository; If you want this repository to be a Redis repository, consider annotating your entities with one of these annotations: org.springframework.data.redis.core.RedisHash (preferred), or consider extending one of the following types with your repository: org.springframework.data.keyvalue.repository.KeyValueRepository
2026-08-17 14:01:14.319 INFO  [NO-REQUEST] [main] o.s.d.r.c.RepositoryConfigurationExtensionSupport - Spring Data Redis - Could not safely identify store assignment for repository candidate interface com.acleda.training.studentmanagement.features.course.CourseRepository; If you want this repository to be a Redis repository, consider annotating your entities with one of these annotations: org.springframework.data.redis.core.RedisHash (preferred), or consider extending one of the following types with your repository: org.springframework.data.keyvalue.repository.KeyValueRepository
2026-08-17 14:01:14.319 INFO  [NO-REQUEST] [main] o.s.d.r.c.RepositoryConfigurationExtensionSupport - Spring Data Redis - Could not safely identify store assignment for repository candidate interface com.acleda.training.studentmanagement.features.course.offering.CourseOfferingRepository; If you want this repository to be a Redis repository, consider annotating your entities with one of these annotations: org.springframework.data.redis.core.RedisHash (preferred), or consider extending one of the following types with your repository: org.springframework.data.keyvalue.repository.KeyValueRepository
2026-08-17 14:01:14.319 INFO  [NO-REQUEST] [main] o.s.d.r.c.RepositoryConfigurationExtensionSupport - Spring Data Redis - Could not safely identify store assignment for repository candidate interface com.acleda.training.studentmanagement.features.department.DepartmentRepository; If you want this repository to be a Redis repository, consider annotating your entities with one of these annotations: org.springframework.data.redis.core.RedisHash (preferred), or consider extending one of the following types with your repository: org.springframework.data.keyvalue.repository.KeyValueRepository
2026-08-17 14:01:14.319 INFO  [NO-REQUEST] [main] o.s.d.r.c.RepositoryConfigurationExtensionSupport - Spring Data Redis - Could not safely identify store assignment for repository candidate interface com.acleda.training.studentmanagement.features.enrollment.EnrollmentRepository; If you want this repository to be a Redis repository, consider annotating your entities with one of these annotations: org.springframework.data.redis.core.RedisHash (preferred), or consider extending one of the following types with your repository: org.springframework.data.keyvalue.repository.KeyValueRepository
2026-08-17 14:01:14.320 INFO  [NO-REQUEST] [main] o.s.d.r.c.RepositoryConfigurationExtensionSupport - Spring Data Redis - Could not safely identify store assignment for repository candidate interface com.acleda.training.studentmanagement.features.instructor.InstructorRepository; If you want this repository to be a Redis repository, consider annotating your entities with one of these annotations: org.springframework.data.redis.core.RedisHash (preferred), or consider extending one of the following types with your repository: org.springframework.data.keyvalue.repository.KeyValueRepository
2026-08-17 14:01:14.320 INFO  [NO-REQUEST] [main] o.s.d.r.c.RepositoryConfigurationExtensionSupport - Spring Data Redis - Could not safely identify store assignment for repository candidate interface com.acleda.training.studentmanagement.features.student.StudentRepository; If you want this repository to be a Redis repository, consider annotating your entities with one of these annotations: org.springframework.data.redis.core.RedisHash (preferred), or consider extending one of the following types with your repository: org.springframework.data.keyvalue.repository.KeyValueRepository
2026-08-17 14:01:14.320 INFO  [NO-REQUEST] [main] o.s.d.r.c.RepositoryConfigurationDelegate - Finished Spring Data repository scanning in 10 ms. Found 0 Redis repository interfaces.
2026-08-17 14:01:14.812 INFO  [NO-REQUEST] [main] o.s.boot.tomcat.TomcatWebServer - Tomcat initialized with port 8080 (http)
2026-08-17 14:01:14.820 INFO  [NO-REQUEST] [main] o.a.catalina.core.StandardService - Starting service [Tomcat]
2026-08-17 14:01:14.820 INFO  [NO-REQUEST] [main] o.a.catalina.core.StandardEngine - Starting Servlet engine: [Apache Tomcat/11.0.22]
2026-08-17 14:01:14.885 INFO  [NO-REQUEST] [main] o.s.b.w.c.s.WebApplicationContextInitializer - Root WebApplicationContext: initialization completed in 1801 ms
2026-08-17 14:01:15.101 INFO  [NO-REQUEST] [main] org.hibernate.orm.jpa - HHH008540: Processing PersistenceUnitInfo [name: default]
2026-08-17 14:01:15.141 INFO  [NO-REQUEST] [main] org.hibernate.orm.core - HHH000001: Hibernate ORM core version 7.4.1.Final
2026-08-17 14:01:15.457 INFO  [NO-REQUEST] [main] o.s.o.j.p.SpringPersistenceUnitInfo - No LoadTimeWeaver setup: ignoring JPA class transformer
2026-08-17 14:01:15.479 INFO  [NO-REQUEST] [main] com.zaxxer.hikari.HikariDataSource - HikariPool-1 - Starting...
2026-08-17 14:01:15.992 INFO  [NO-REQUEST] [main] com.zaxxer.hikari.pool.HikariPool - HikariPool-1 - Added connection org.postgresql.jdbc.PgConnection@1b53e6fc
2026-08-17 14:01:15.993 INFO  [NO-REQUEST] [main] com.zaxxer.hikari.HikariDataSource - HikariPool-1 - Start completed.
2026-08-17 14:01:16.110 INFO  [NO-REQUEST] [main] o.hibernate.orm.connections.pooling - HHH10001005: Database info:
	Database JDBC URL [jdbc:postgresql://localhost:5432/student_management_db]
	Database driver: PostgreSQL JDBC Driver
	Database dialect: PostgreSQLDialect
	Database version: 18.4
	Default catalog/schema: student_management_db/public
	Autocommit mode: undefined/unknown
	Isolation level: READ_COMMITTED [default READ_COMMITTED]
	JDBC fetch size: none
	Pool: DataSourceConnectionProvider
	Minimum pool size: undefined/unknown
	Maximum pool size: undefined/unknown
2026-08-17 14:01:16.933 INFO  [NO-REQUEST] [main] org.hibernate.orm.core - HHH000489: No JTA platform available (set 'hibernate.transaction.jta.platform' to enable JTA platform integration)
2026-08-17 14:01:17.102 INFO  [NO-REQUEST] [main] o.s.o.j.LocalContainerEntityManagerFactoryBean - Initialized JPA EntityManagerFactory for persistence unit 'default'
2026-08-17 14:01:17.146 INFO  [NO-REQUEST] [main] o.s.d.j.r.q.QueryEnhancerFactories - Hibernate is in classpath; If applicable, HQL parser will be used.
2026-08-17 14:01:17.261 TRACE [NO-REQUEST] [main] o.s.t.a.AnnotationTransactionAttributeSource - Adding transactional method 'com.acleda.training.studentmanagement.features.auth.CustomUserDetailsService.loadUserByUsername' with attribute: PROPAGATION_REQUIRED,ISOLATION_DEFAULT,readOnly
2026-08-17 14:01:17.603 INFO  [NO-REQUEST] [main] o.s.s.c.a.a.c.InitializeAuthenticationProviderBeanManagerConfigurer$InitializeAuthenticationProviderManagerConfigurer - Global AuthenticationManager configured with AuthenticationProvider bean with name authenticationProvider
2026-08-17 14:01:17.604 WARN  [NO-REQUEST] [main] o.s.s.c.a.a.c.InitializeUserDetailsBeanManagerConfigurer$InitializeUserDetailsManagerConfigurer - Global AuthenticationManager configured with an AuthenticationProvider bean. UserDetailsService beans will not be used by Spring Security for automatically configuring username/password login. Consider removing the AuthenticationProvider bean. Alternatively, consider using the UserDetailsService in a manually instantiated DaoAuthenticationProvider. If the current configuration is intentional, to turn off this warning, increase the logging level of 'org.springframework.security.config.annotation.authentication.configuration.InitializeUserDetailsBeanManagerConfigurer' to ERROR
2026-08-17 14:01:17.608 TRACE [NO-REQUEST] [main] o.s.t.a.AnnotationTransactionAttributeSource - Adding transactional method 'com.acleda.training.studentmanagement.features.auth.AuthService.register' with attribute: PROPAGATION_REQUIRED,ISOLATION_DEFAULT
2026-08-17 14:01:17.609 TRACE [NO-REQUEST] [main] o.s.t.a.AnnotationTransactionAttributeSource - Adding transactional method 'com.acleda.training.studentmanagement.features.auth.AuthService.login' with attribute: PROPAGATION_REQUIRED,ISOLATION_DEFAULT,readOnly
2026-08-17 14:01:17.609 TRACE [NO-REQUEST] [main] o.s.t.a.AnnotationTransactionAttributeSource - Adding transactional method 'com.acleda.training.studentmanagement.features.auth.AuthService.refreshToken' with attribute: PROPAGATION_REQUIRED,ISOLATION_DEFAULT,readOnly
2026-08-17 14:01:18.395 TRACE [NO-REQUEST] [main] o.s.t.a.AnnotationTransactionAttributeSource - Adding transactional method 'com.acleda.training.studentmanagement.features.course.CourseServiceImpl.getCourses' with attribute: PROPAGATION_REQUIRED,ISOLATION_DEFAULT,readOnly
2026-08-17 14:01:18.396 TRACE [NO-REQUEST] [main] o.s.t.a.AnnotationTransactionAttributeSource - Adding transactional method 'com.acleda.training.studentmanagement.features.course.CourseServiceImpl.getCourseById' with attribute: PROPAGATION_REQUIRED,ISOLATION_DEFAULT,readOnly
2026-08-17 14:01:18.396 TRACE [NO-REQUEST] [main] o.s.t.a.AnnotationTransactionAttributeSource - Adding transactional method 'com.acleda.training.studentmanagement.features.course.CourseServiceImpl.createCourse' with attribute: PROPAGATION_REQUIRED,ISOLATION_DEFAULT
2026-08-17 14:01:18.396 TRACE [NO-REQUEST] [main] o.s.t.a.AnnotationTransactionAttributeSource - Adding transactional method 'com.acleda.training.studentmanagement.features.course.CourseServiceImpl.updateCourse' with attribute: PROPAGATION_REQUIRED,ISOLATION_DEFAULT
2026-08-17 14:01:18.396 TRACE [NO-REQUEST] [main] o.s.t.a.AnnotationTransactionAttributeSource - Adding transactional method 'com.acleda.training.studentmanagement.features.course.CourseServiceImpl.deleteCourse' with attribute: PROPAGATION_REQUIRED,ISOLATION_DEFAULT
2026-08-17 14:01:18.580 TRACE [NO-REQUEST] [main] o.s.t.a.AnnotationTransactionAttributeSource - Adding transactional method 'com.acleda.training.studentmanagement.features.course.offering.CourseOfferingServiceImpl.createCourseOffering' with attribute: PROPAGATION_REQUIRED,ISOLATION_DEFAULT
2026-08-17 14:01:18.581 TRACE [NO-REQUEST] [main] o.s.t.a.AnnotationTransactionAttributeSource - Adding transactional method 'com.acleda.training.studentmanagement.features.course.offering.CourseOfferingServiceImpl.deleteCourseOffering' with attribute: PROPAGATION_REQUIRED,ISOLATION_DEFAULT
2026-08-17 14:01:18.581 TRACE [NO-REQUEST] [main] o.s.t.a.AnnotationTransactionAttributeSource - Adding transactional method 'com.acleda.training.studentmanagement.features.course.offering.CourseOfferingServiceImpl.getCourseOfferings' with attribute: PROPAGATION_REQUIRED,ISOLATION_DEFAULT,readOnly
2026-08-17 14:01:18.581 TRACE [NO-REQUEST] [main] o.s.t.a.AnnotationTransactionAttributeSource - Adding transactional method 'com.acleda.training.studentmanagement.features.course.offering.CourseOfferingServiceImpl.getCourseOfferingById' with attribute: PROPAGATION_REQUIRED,ISOLATION_DEFAULT,readOnly
2026-08-17 14:01:18.582 TRACE [NO-REQUEST] [main] o.s.t.a.AnnotationTransactionAttributeSource - Adding transactional method 'com.acleda.training.studentmanagement.features.course.offering.CourseOfferingServiceImpl.updateCourseOffering' with attribute: PROPAGATION_REQUIRED,ISOLATION_DEFAULT
2026-08-17 14:01:18.588 TRACE [NO-REQUEST] [main] o.s.t.a.AnnotationTransactionAttributeSource - Adding transactional method 'com.acleda.training.studentmanagement.features.department.DepartmentServiceImpl.findDepartment' with attribute: PROPAGATION_REQUIRED,ISOLATION_DEFAULT
2026-08-17 14:01:18.589 TRACE [NO-REQUEST] [main] o.s.t.a.AnnotationTransactionAttributeSource - Adding transactional method 'com.acleda.training.studentmanagement.features.department.DepartmentServiceImpl.updateDepartment' with attribute: PROPAGATION_REQUIRED,ISOLATION_DEFAULT
2026-08-17 14:01:18.589 TRACE [NO-REQUEST] [main] o.s.t.a.AnnotationTransactionAttributeSource - Adding transactional method 'com.acleda.training.studentmanagement.features.department.DepartmentServiceImpl.deleteDepartment' with attribute: PROPAGATION_REQUIRED,ISOLATION_DEFAULT
2026-08-17 14:01:18.590 TRACE [NO-REQUEST] [main] o.s.t.a.AnnotationTransactionAttributeSource - Adding transactional method 'com.acleda.training.studentmanagement.features.department.DepartmentServiceImpl.createDepartment' with attribute: PROPAGATION_REQUIRED,ISOLATION_DEFAULT
2026-08-17 14:01:18.590 TRACE [NO-REQUEST] [main] o.s.t.a.AnnotationTransactionAttributeSource - Adding transactional method 'com.acleda.training.studentmanagement.features.department.DepartmentServiceImpl.updateDepartmentStatus' with attribute: PROPAGATION_REQUIRED,ISOLATION_DEFAULT
2026-08-17 14:01:18.590 TRACE [NO-REQUEST] [main] o.s.t.a.AnnotationTransactionAttributeSource - Adding transactional method 'com.acleda.training.studentmanagement.features.department.DepartmentServiceImpl.getDepartmentById' with attribute: PROPAGATION_REQUIRED,ISOLATION_DEFAULT,readOnly
2026-08-17 14:01:18.590 TRACE [NO-REQUEST] [main] o.s.t.a.AnnotationTransactionAttributeSource - Adding transactional method 'com.acleda.training.studentmanagement.features.department.DepartmentServiceImpl.getDepartments' with attribute: PROPAGATION_REQUIRED,ISOLATION_DEFAULT,readOnly
2026-08-17 14:01:18.672 TRACE [NO-REQUEST] [main] o.s.t.a.AnnotationTransactionAttributeSource - Adding transactional method 'com.acleda.training.studentmanagement.features.enrollment.EnrollmentServiceImpl.testBulkEnrollmentTransaction' with attribute: PROPAGATION_REQUIRED,ISOLATION_DEFAULT
2026-08-17 14:01:18.673 TRACE [NO-REQUEST] [main] o.s.t.a.AnnotationTransactionAttributeSource - Adding transactional method 'com.acleda.training.studentmanagement.features.enrollment.EnrollmentServiceImpl.getEnrollmentById' with attribute: PROPAGATION_REQUIRED,ISOLATION_DEFAULT,readOnly
2026-08-17 14:01:18.673 TRACE [NO-REQUEST] [main] o.s.t.a.AnnotationTransactionAttributeSource - Adding transactional method 'com.acleda.training.studentmanagement.features.enrollment.EnrollmentServiceImpl.getEnrollments' with attribute: PROPAGATION_REQUIRED,ISOLATION_DEFAULT,readOnly
2026-08-17 14:01:18.673 TRACE [NO-REQUEST] [main] o.s.t.a.AnnotationTransactionAttributeSource - Adding transactional method 'com.acleda.training.studentmanagement.features.enrollment.EnrollmentServiceImpl.updateEnrollment' with attribute: PROPAGATION_REQUIRED,ISOLATION_DEFAULT
2026-08-17 14:01:18.673 TRACE [NO-REQUEST] [main] o.s.t.a.AnnotationTransactionAttributeSource - Adding transactional method 'com.acleda.training.studentmanagement.features.enrollment.EnrollmentServiceImpl.deleteEnrollment' with attribute: PROPAGATION_REQUIRED,ISOLATION_DEFAULT
2026-08-17 14:01:18.673 TRACE [NO-REQUEST] [main] o.s.t.a.AnnotationTransactionAttributeSource - Adding transactional method 'com.acleda.training.studentmanagement.features.enrollment.EnrollmentServiceImpl.createEnrollment' with attribute: PROPAGATION_REQUIRED,ISOLATION_DEFAULT
2026-08-17 14:01:18.674 TRACE [NO-REQUEST] [main] o.s.t.a.AnnotationTransactionAttributeSource - Adding transactional method 'com.acleda.training.studentmanagement.features.enrollment.EnrollmentServiceImpl.updateEnrollmentResult' with attribute: PROPAGATION_REQUIRED,ISOLATION_DEFAULT
2026-08-17 14:01:18.887 TRACE [NO-REQUEST] [main] o.s.t.a.AnnotationTransactionAttributeSource - Adding transactional method 'com.acleda.training.studentmanagement.features.instructor.InstructorServiceImpl.deleteInstructor' with attribute: PROPAGATION_REQUIRED,ISOLATION_DEFAULT
2026-08-17 14:01:18.888 TRACE [NO-REQUEST] [main] o.s.t.a.AnnotationTransactionAttributeSource - Adding transactional method 'com.acleda.training.studentmanagement.features.instructor.InstructorServiceImpl.getInstructorById' with attribute: PROPAGATION_REQUIRED,ISOLATION_DEFAULT,readOnly
2026-08-17 14:01:18.888 TRACE [NO-REQUEST] [main] o.s.t.a.AnnotationTransactionAttributeSource - Adding transactional method 'com.acleda.training.studentmanagement.features.instructor.InstructorServiceImpl.getInstructors' with attribute: PROPAGATION_REQUIRED,ISOLATION_DEFAULT,readOnly
2026-08-17 14:01:18.888 TRACE [NO-REQUEST] [main] o.s.t.a.AnnotationTransactionAttributeSource - Adding transactional method 'com.acleda.training.studentmanagement.features.instructor.InstructorServiceImpl.updateInstructor' with attribute: PROPAGATION_REQUIRED,ISOLATION_DEFAULT
2026-08-17 14:01:18.888 TRACE [NO-REQUEST] [main] o.s.t.a.AnnotationTransactionAttributeSource - Adding transactional method 'com.acleda.training.studentmanagement.features.instructor.InstructorServiceImpl.createInstructor' with attribute: PROPAGATION_REQUIRED,ISOLATION_DEFAULT
2026-08-17 14:01:18.895 TRACE [NO-REQUEST] [main] o.s.t.a.AnnotationTransactionAttributeSource - Adding transactional method 'com.acleda.training.studentmanagement.features.student.StudentServiceImpl.createStudent' with attribute: PROPAGATION_REQUIRED,ISOLATION_DEFAULT
2026-08-17 14:01:18.896 TRACE [NO-REQUEST] [main] o.s.t.a.AnnotationTransactionAttributeSource - Adding transactional method 'com.acleda.training.studentmanagement.features.student.StudentServiceImpl.getStudents' with attribute: PROPAGATION_REQUIRED,ISOLATION_DEFAULT,readOnly
2026-08-17 14:01:18.896 TRACE [NO-REQUEST] [main] o.s.t.a.AnnotationTransactionAttributeSource - Adding transactional method 'com.acleda.training.studentmanagement.features.student.StudentServiceImpl.getStudentById' with attribute: PROPAGATION_REQUIRED,ISOLATION_DEFAULT,readOnly
2026-08-17 14:01:18.896 TRACE [NO-REQUEST] [main] o.s.t.a.AnnotationTransactionAttributeSource - Adding transactional method 'com.acleda.training.studentmanagement.features.student.StudentServiceImpl.updateStudent' with attribute: PROPAGATION_REQUIRED,ISOLATION_DEFAULT
2026-08-17 14:01:18.896 TRACE [NO-REQUEST] [main] o.s.t.a.AnnotationTransactionAttributeSource - Adding transactional method 'com.acleda.training.studentmanagement.features.student.StudentServiceImpl.deleteStudent' with attribute: PROPAGATION_REQUIRED,ISOLATION_DEFAULT
2026-08-17 14:01:19.678 INFO  [NO-REQUEST] [main] o.s.b.a.e.web.EndpointLinksResolver - Exposing 1 endpoint beneath base path '/actuator'
2026-08-17 14:01:19.743 INFO  [NO-REQUEST] [main] o.s.boot.tomcat.TomcatWebServer - Tomcat started on port 8080 (http) with context path '/'
2026-08-17 14:01:19.752 INFO  [NO-REQUEST] [main] c.a.t.s.StudentManagementApiApplication - Started StudentManagementApiApplication in 7.044 seconds (process running for 7.695)
2026-08-17 14:01:19.758 TRACE [NO-REQUEST] [main] o.s.t.i.TransactionInterceptor - No need to create transaction for [org.springframework.data.jpa.repository.support.SimpleJpaRepository.existsByUsernameIgnoreCase]: This method is not transactional.
2026-08-17 14:01:19.833 DEBUG [NO-REQUEST] [main] org.hibernate.SQL - 
    select
        au1_0.id 
    from
        app_users au1_0 
    where
        upper(au1_0.username)=upper(?) 
    fetch
        first ? rows only
2026-08-17 14:01:19.834 TRACE [NO-REQUEST] [main] org.hibernate.orm.jdbc.bind - binding parameter (1:VARCHAR) <- [admin]
2026-08-17 14:01:19.834 TRACE [NO-REQUEST] [main] org.hibernate.orm.jdbc.bind - binding parameter (2:INTEGER) <- [1]
2026-08-17 14:01:20.260 INFO  [NO-REQUEST] [RMI TCP Connection(3)-192.168.33.1] o.a.c.c.C.[Tomcat].[localhost].[/] - Initializing Spring DispatcherServlet 'dispatcherServlet'
2026-08-17 14:01:20.260 INFO  [NO-REQUEST] [RMI TCP Connection(3)-192.168.33.1] o.s.web.servlet.DispatcherServlet - Initializing Servlet 'dispatcherServlet'
2026-08-17 14:01:20.262 INFO  [NO-REQUEST] [RMI TCP Connection(3)-192.168.33.1] o.s.web.servlet.DispatcherServlet - Completed initialization in 2 ms
2026-08-17 14:05:33.713 INFO  [NO-REQUEST] [SpringApplicationShutdownHook] o.s.boot.tomcat.GracefulShutdown - Commencing graceful shutdown. Waiting for active requests to complete
2026-08-17 14:05:33.723 INFO  [NO-REQUEST] [tomcat-shutdown] o.s.boot.tomcat.GracefulShutdown - Graceful shutdown complete
2026-08-17 14:05:35.756 INFO  [NO-REQUEST] [SpringApplicationShutdownHook] o.s.o.j.LocalContainerEntityManagerFactoryBean - Closing JPA EntityManagerFactory for persistence unit 'default'
2026-08-17 14:05:35.757 INFO  [NO-REQUEST] [SpringApplicationShutdownHook] com.zaxxer.hikari.HikariDataSource - HikariPool-1 - Shutdown initiated...
2026-08-17 14:05:35.759 INFO  [NO-REQUEST] [SpringApplicationShutdownHook] com.zaxxer.hikari.HikariDataSource - HikariPool-1 - Shutdown completed.
2026-08-17 14:58:34.206 INFO  [NO-REQUEST] [main] c.a.t.s.StudentManagementApiApplication - Starting StudentManagementApiApplication using Java 25.0.4 with PID 13976 (D:\student-management-api\build\classes\java\main started by USER in D:\student-management-api)
2026-08-17 14:58:34.208 INFO  [NO-REQUEST] [main] c.a.t.s.StudentManagementApiApplication - No active profile set, falling back to 1 default profile: "default"
2026-08-17 14:58:35.197 INFO  [NO-REQUEST] [main] o.s.d.r.c.RepositoryConfigurationDelegate - Multiple Spring Data modules found, entering strict repository configuration mode
2026-08-17 14:58:35.198 INFO  [NO-REQUEST] [main] o.s.d.r.c.RepositoryConfigurationDelegate - Bootstrapping Spring Data JPA repositories in DEFAULT mode.
2026-08-17 14:58:35.333 INFO  [NO-REQUEST] [main] o.s.d.r.c.RepositoryConfigurationDelegate - Finished Spring Data repository scanning in 127 ms. Found 7 JPA repository interfaces.
2026-08-17 14:58:35.346 INFO  [NO-REQUEST] [main] o.s.d.r.c.RepositoryConfigurationDelegate - Multiple Spring Data modules found, entering strict repository configuration mode
2026-08-17 14:58:35.347 INFO  [NO-REQUEST] [main] o.s.d.r.c.RepositoryConfigurationDelegate - Bootstrapping Spring Data Redis repositories in DEFAULT mode.
2026-08-17 14:58:35.361 INFO  [NO-REQUEST] [main] o.s.d.r.c.RepositoryConfigurationExtensionSupport - Spring Data Redis - Could not safely identify store assignment for repository candidate interface com.acleda.training.studentmanagement.features.auth.AppUserRepository; If you want this repository to be a Redis repository, consider annotating your entities with one of these annotations: org.springframework.data.redis.core.RedisHash (preferred), or consider extending one of the following types with your repository: org.springframework.data.keyvalue.repository.KeyValueRepository
2026-08-17 14:58:35.361 INFO  [NO-REQUEST] [main] o.s.d.r.c.RepositoryConfigurationExtensionSupport - Spring Data Redis - Could not safely identify store assignment for repository candidate interface com.acleda.training.studentmanagement.features.course.CourseRepository; If you want this repository to be a Redis repository, consider annotating your entities with one of these annotations: org.springframework.data.redis.core.RedisHash (preferred), or consider extending one of the following types with your repository: org.springframework.data.keyvalue.repository.KeyValueRepository
2026-08-17 14:58:35.362 INFO  [NO-REQUEST] [main] o.s.d.r.c.RepositoryConfigurationExtensionSupport - Spring Data Redis - Could not safely identify store assignment for repository candidate interface com.acleda.training.studentmanagement.features.course.offering.CourseOfferingRepository; If you want this repository to be a Redis repository, consider annotating your entities with one of these annotations: org.springframework.data.redis.core.RedisHash (preferred), or consider extending one of the following types with your repository: org.springframework.data.keyvalue.repository.KeyValueRepository
2026-08-17 14:58:35.362 INFO  [NO-REQUEST] [main] o.s.d.r.c.RepositoryConfigurationExtensionSupport - Spring Data Redis - Could not safely identify store assignment for repository candidate interface com.acleda.training.studentmanagement.features.department.DepartmentRepository; If you want this repository to be a Redis repository, consider annotating your entities with one of these annotations: org.springframework.data.redis.core.RedisHash (preferred), or consider extending one of the following types with your repository: org.springframework.data.keyvalue.repository.KeyValueRepository
2026-08-17 14:58:35.362 INFO  [NO-REQUEST] [main] o.s.d.r.c.RepositoryConfigurationExtensionSupport - Spring Data Redis - Could not safely identify store assignment for repository candidate interface com.acleda.training.studentmanagement.features.enrollment.EnrollmentRepository; If you want this repository to be a Redis repository, consider annotating your entities with one of these annotations: org.springframework.data.redis.core.RedisHash (preferred), or consider extending one of the following types with your repository: org.springframework.data.keyvalue.repository.KeyValueRepository
2026-08-17 14:58:35.362 INFO  [NO-REQUEST] [main] o.s.d.r.c.RepositoryConfigurationExtensionSupport - Spring Data Redis - Could not safely identify store assignment for repository candidate interface com.acleda.training.studentmanagement.features.instructor.InstructorRepository; If you want this repository to be a Redis repository, consider annotating your entities with one of these annotations: org.springframework.data.redis.core.RedisHash (preferred), or consider extending one of the following types with your repository: org.springframework.data.keyvalue.repository.KeyValueRepository
2026-08-17 14:58:35.363 INFO  [NO-REQUEST] [main] o.s.d.r.c.RepositoryConfigurationExtensionSupport - Spring Data Redis - Could not safely identify store assignment for repository candidate interface com.acleda.training.studentmanagement.features.student.StudentRepository; If you want this repository to be a Redis repository, consider annotating your entities with one of these annotations: org.springframework.data.redis.core.RedisHash (preferred), or consider extending one of the following types with your repository: org.springframework.data.keyvalue.repository.KeyValueRepository
2026-08-17 14:58:35.363 INFO  [NO-REQUEST] [main] o.s.d.r.c.RepositoryConfigurationDelegate - Finished Spring Data repository scanning in 9 ms. Found 0 Redis repository interfaces.
2026-08-17 14:58:35.834 INFO  [NO-REQUEST] [main] o.s.boot.tomcat.TomcatWebServer - Tomcat initialized with port 8080 (http)
2026-08-17 14:58:35.844 INFO  [NO-REQUEST] [main] o.a.catalina.core.StandardService - Starting service [Tomcat]
2026-08-17 14:58:35.844 INFO  [NO-REQUEST] [main] o.a.catalina.core.StandardEngine - Starting Servlet engine: [Apache Tomcat/11.0.22]
2026-08-17 14:58:35.905 INFO  [NO-REQUEST] [main] o.s.b.w.c.s.WebApplicationContextInitializer - Root WebApplicationContext: initialization completed in 1661 ms
2026-08-17 14:58:36.158 INFO  [NO-REQUEST] [main] org.hibernate.orm.jpa - HHH008540: Processing PersistenceUnitInfo [name: default]
2026-08-17 14:58:36.200 INFO  [NO-REQUEST] [main] org.hibernate.orm.core - HHH000001: Hibernate ORM core version 7.4.1.Final
2026-08-17 14:58:36.520 INFO  [NO-REQUEST] [main] o.s.o.j.p.SpringPersistenceUnitInfo - No LoadTimeWeaver setup: ignoring JPA class transformer
2026-08-17 14:58:36.543 INFO  [NO-REQUEST] [main] com.zaxxer.hikari.HikariDataSource - HikariPool-1 - Starting...
2026-08-17 14:58:36.687 INFO  [NO-REQUEST] [main] com.zaxxer.hikari.pool.HikariPool - HikariPool-1 - Added connection org.postgresql.jdbc.PgConnection@3293030b
2026-08-17 14:58:36.688 INFO  [NO-REQUEST] [main] com.zaxxer.hikari.HikariDataSource - HikariPool-1 - Start completed.
2026-08-17 14:58:36.742 INFO  [NO-REQUEST] [main] o.hibernate.orm.connections.pooling - HHH10001005: Database info:
	Database JDBC URL [jdbc:postgresql://localhost:5432/student_management_db]
	Database driver: PostgreSQL JDBC Driver
	Database dialect: PostgreSQLDialect
	Database version: 18.4
	Default catalog/schema: student_management_db/public
	Autocommit mode: undefined/unknown
	Isolation level: READ_COMMITTED [default READ_COMMITTED]
	JDBC fetch size: none
	Pool: DataSourceConnectionProvider
	Minimum pool size: undefined/unknown
	Maximum pool size: undefined/unknown
2026-08-17 14:58:37.553 INFO  [NO-REQUEST] [main] org.hibernate.orm.core - HHH000489: No JTA platform available (set 'hibernate.transaction.jta.platform' to enable JTA platform integration)
2026-08-17 14:58:37.632 INFO  [NO-REQUEST] [main] o.s.o.j.LocalContainerEntityManagerFactoryBean - Initialized JPA EntityManagerFactory for persistence unit 'default'
2026-08-17 14:58:37.676 INFO  [NO-REQUEST] [main] o.s.d.j.r.q.QueryEnhancerFactories - Hibernate is in classpath; If applicable, HQL parser will be used.
2026-08-17 14:58:37.790 TRACE [NO-REQUEST] [main] o.s.t.a.AnnotationTransactionAttributeSource - Adding transactional method 'com.acleda.training.studentmanagement.features.auth.CustomUserDetailsService.loadUserByUsername' with attribute: PROPAGATION_REQUIRED,ISOLATION_DEFAULT,readOnly
2026-08-17 14:58:38.123 INFO  [NO-REQUEST] [main] o.s.s.c.a.a.c.InitializeAuthenticationProviderBeanManagerConfigurer$InitializeAuthenticationProviderManagerConfigurer - Global AuthenticationManager configured with AuthenticationProvider bean with name authenticationProvider
2026-08-17 14:58:38.123 WARN  [NO-REQUEST] [main] o.s.s.c.a.a.c.InitializeUserDetailsBeanManagerConfigurer$InitializeUserDetailsManagerConfigurer - Global AuthenticationManager configured with an AuthenticationProvider bean. UserDetailsService beans will not be used by Spring Security for automatically configuring username/password login. Consider removing the AuthenticationProvider bean. Alternatively, consider using the UserDetailsService in a manually instantiated DaoAuthenticationProvider. If the current configuration is intentional, to turn off this warning, increase the logging level of 'org.springframework.security.config.annotation.authentication.configuration.InitializeUserDetailsBeanManagerConfigurer' to ERROR
2026-08-17 14:58:38.127 TRACE [NO-REQUEST] [main] o.s.t.a.AnnotationTransactionAttributeSource - Adding transactional method 'com.acleda.training.studentmanagement.features.auth.AuthService.register' with attribute: PROPAGATION_REQUIRED,ISOLATION_DEFAULT
2026-08-17 14:58:38.128 TRACE [NO-REQUEST] [main] o.s.t.a.AnnotationTransactionAttributeSource - Adding transactional method 'com.acleda.training.studentmanagement.features.auth.AuthService.login' with attribute: PROPAGATION_REQUIRED,ISOLATION_DEFAULT,readOnly
2026-08-17 14:58:38.129 TRACE [NO-REQUEST] [main] o.s.t.a.AnnotationTransactionAttributeSource - Adding transactional method 'com.acleda.training.studentmanagement.features.auth.AuthService.refreshToken' with attribute: PROPAGATION_REQUIRED,ISOLATION_DEFAULT,readOnly
2026-08-17 14:58:38.938 TRACE [NO-REQUEST] [main] o.s.t.a.AnnotationTransactionAttributeSource - Adding transactional method 'com.acleda.training.studentmanagement.features.course.CourseServiceImpl.createCourse' with attribute: PROPAGATION_REQUIRED,ISOLATION_DEFAULT
2026-08-17 14:58:38.940 TRACE [NO-REQUEST] [main] o.s.t.a.AnnotationTransactionAttributeSource - Adding transactional method 'com.acleda.training.studentmanagement.features.course.CourseServiceImpl.deleteCourse' with attribute: PROPAGATION_REQUIRED,ISOLATION_DEFAULT
2026-08-17 14:58:38.940 TRACE [NO-REQUEST] [main] o.s.t.a.AnnotationTransactionAttributeSource - Adding transactional method 'com.acleda.training.studentmanagement.features.course.CourseServiceImpl.getCourseById' with attribute: PROPAGATION_REQUIRED,ISOLATION_DEFAULT,readOnly
2026-08-17 14:58:38.940 TRACE [NO-REQUEST] [main] o.s.t.a.AnnotationTransactionAttributeSource - Adding transactional method 'com.acleda.training.studentmanagement.features.course.CourseServiceImpl.updateCourse' with attribute: PROPAGATION_REQUIRED,ISOLATION_DEFAULT
2026-08-17 14:58:38.940 TRACE [NO-REQUEST] [main] o.s.t.a.AnnotationTransactionAttributeSource - Adding transactional method 'com.acleda.training.studentmanagement.features.course.CourseServiceImpl.getCourses' with attribute: PROPAGATION_REQUIRED,ISOLATION_DEFAULT,readOnly
2026-08-17 14:58:39.122 TRACE [NO-REQUEST] [main] o.s.t.a.AnnotationTransactionAttributeSource - Adding transactional method 'com.acleda.training.studentmanagement.features.course.offering.CourseOfferingServiceImpl.updateCourseOffering' with attribute: PROPAGATION_REQUIRED,ISOLATION_DEFAULT
2026-08-17 14:58:39.123 TRACE [NO-REQUEST] [main] o.s.t.a.AnnotationTransactionAttributeSource - Adding transactional method 'com.acleda.training.studentmanagement.features.course.offering.CourseOfferingServiceImpl.deleteCourseOffering' with attribute: PROPAGATION_REQUIRED,ISOLATION_DEFAULT
2026-08-17 14:58:39.123 TRACE [NO-REQUEST] [main] o.s.t.a.AnnotationTransactionAttributeSource - Adding transactional method 'com.acleda.training.studentmanagement.features.course.offering.CourseOfferingServiceImpl.createCourseOffering' with attribute: PROPAGATION_REQUIRED,ISOLATION_DEFAULT
2026-08-17 14:58:39.123 TRACE [NO-REQUEST] [main] o.s.t.a.AnnotationTransactionAttributeSource - Adding transactional method 'com.acleda.training.studentmanagement.features.course.offering.CourseOfferingServiceImpl.getCourseOfferings' with attribute: PROPAGATION_REQUIRED,ISOLATION_DEFAULT,readOnly
2026-08-17 14:58:39.123 TRACE [NO-REQUEST] [main] o.s.t.a.AnnotationTransactionAttributeSource - Adding transactional method 'com.acleda.training.studentmanagement.features.course.offering.CourseOfferingServiceImpl.getCourseOfferingById' with attribute: PROPAGATION_REQUIRED,ISOLATION_DEFAULT,readOnly
2026-08-17 14:58:39.130 TRACE [NO-REQUEST] [main] o.s.t.a.AnnotationTransactionAttributeSource - Adding transactional method 'com.acleda.training.studentmanagement.features.department.DepartmentServiceImpl.validateCreateDuplicates' with attribute: PROPAGATION_REQUIRED,ISOLATION_DEFAULT
2026-08-17 14:58:39.130 TRACE [NO-REQUEST] [main] o.s.t.a.AnnotationTransactionAttributeSource - Adding transactional method 'com.acleda.training.studentmanagement.features.department.DepartmentServiceImpl.deleteDepartment' with attribute: PROPAGATION_REQUIRED,ISOLATION_DEFAULT
2026-08-17 14:58:39.131 TRACE [NO-REQUEST] [main] o.s.t.a.AnnotationTransactionAttributeSource - Adding transactional method 'com.acleda.training.studentmanagement.features.department.DepartmentServiceImpl.updateDepartment' with attribute: PROPAGATION_REQUIRED,ISOLATION_DEFAULT
2026-08-17 14:58:39.131 TRACE [NO-REQUEST] [main] o.s.t.a.AnnotationTransactionAttributeSource - Adding transactional method 'com.acleda.training.studentmanagement.features.department.DepartmentServiceImpl.createDepartment' with attribute: PROPAGATION_REQUIRED,ISOLATION_DEFAULT
2026-08-17 14:58:39.131 TRACE [NO-REQUEST] [main] o.s.t.a.AnnotationTransactionAttributeSource - Adding transactional method 'com.acleda.training.studentmanagement.features.department.DepartmentServiceImpl.getDepartments' with attribute: PROPAGATION_REQUIRED,ISOLATION_DEFAULT,readOnly
2026-08-17 14:58:39.131 TRACE [NO-REQUEST] [main] o.s.t.a.AnnotationTransactionAttributeSource - Adding transactional method 'com.acleda.training.studentmanagement.features.department.DepartmentServiceImpl.updateDepartmentStatus' with attribute: PROPAGATION_REQUIRED,ISOLATION_DEFAULT
2026-08-17 14:58:39.131 TRACE [NO-REQUEST] [main] o.s.t.a.AnnotationTransactionAttributeSource - Adding transactional method 'com.acleda.training.studentmanagement.features.department.DepartmentServiceImpl.getDepartmentById' with attribute: PROPAGATION_REQUIRED,ISOLATION_DEFAULT,readOnly
2026-08-17 14:58:39.213 TRACE [NO-REQUEST] [main] o.s.t.a.AnnotationTransactionAttributeSource - Adding transactional method 'com.acleda.training.studentmanagement.features.enrollment.EnrollmentServiceImpl.getEnrollmentById' with attribute: PROPAGATION_REQUIRED,ISOLATION_DEFAULT,readOnly
2026-08-17 14:58:39.214 TRACE [NO-REQUEST] [main] o.s.t.a.AnnotationTransactionAttributeSource - Adding transactional method 'com.acleda.training.studentmanagement.features.enrollment.EnrollmentServiceImpl.createEnrollment' with attribute: PROPAGATION_REQUIRED,ISOLATION_DEFAULT
2026-08-17 14:58:39.214 TRACE [NO-REQUEST] [main] o.s.t.a.AnnotationTransactionAttributeSource - Adding transactional method 'com.acleda.training.studentmanagement.features.enrollment.EnrollmentServiceImpl.getEnrollments' with attribute: PROPAGATION_REQUIRED,ISOLATION_DEFAULT,readOnly
2026-08-17 14:58:39.215 TRACE [NO-REQUEST] [main] o.s.t.a.AnnotationTransactionAttributeSource - Adding transactional method 'com.acleda.training.studentmanagement.features.enrollment.EnrollmentServiceImpl.updateEnrollmentResult' with attribute: PROPAGATION_REQUIRED,ISOLATION_DEFAULT
2026-08-17 14:58:39.215 TRACE [NO-REQUEST] [main] o.s.t.a.AnnotationTransactionAttributeSource - Adding transactional method 'com.acleda.training.studentmanagement.features.enrollment.EnrollmentServiceImpl.deleteEnrollment' with attribute: PROPAGATION_REQUIRED,ISOLATION_DEFAULT
2026-08-17 14:58:39.215 TRACE [NO-REQUEST] [main] o.s.t.a.AnnotationTransactionAttributeSource - Adding transactional method 'com.acleda.training.studentmanagement.features.enrollment.EnrollmentServiceImpl.updateEnrollment' with attribute: PROPAGATION_REQUIRED,ISOLATION_DEFAULT
2026-08-17 14:58:39.215 TRACE [NO-REQUEST] [main] o.s.t.a.AnnotationTransactionAttributeSource - Adding transactional method 'com.acleda.training.studentmanagement.features.enrollment.EnrollmentServiceImpl.testBulkEnrollmentTransaction' with attribute: PROPAGATION_REQUIRED,ISOLATION_DEFAULT
2026-08-17 14:58:39.476 TRACE [NO-REQUEST] [main] o.s.t.a.AnnotationTransactionAttributeSource - Adding transactional method 'com.acleda.training.studentmanagement.features.instructor.InstructorServiceImpl.createInstructor' with attribute: PROPAGATION_REQUIRED,ISOLATION_DEFAULT
2026-08-17 14:58:39.477 TRACE [NO-REQUEST] [main] o.s.t.a.AnnotationTransactionAttributeSource - Adding transactional method 'com.acleda.training.studentmanagement.features.instructor.InstructorServiceImpl.getInstructors' with attribute: PROPAGATION_REQUIRED,ISOLATION_DEFAULT,readOnly
2026-08-17 14:58:39.477 TRACE [NO-REQUEST] [main] o.s.t.a.AnnotationTransactionAttributeSource - Adding transactional method 'com.acleda.training.studentmanagement.features.instructor.InstructorServiceImpl.getInstructorById' with attribute: PROPAGATION_REQUIRED,ISOLATION_DEFAULT,readOnly
2026-08-17 14:58:39.477 TRACE [NO-REQUEST] [main] o.s.t.a.AnnotationTransactionAttributeSource - Adding transactional method 'com.acleda.training.studentmanagement.features.instructor.InstructorServiceImpl.deleteInstructor' with attribute: PROPAGATION_REQUIRED,ISOLATION_DEFAULT
2026-08-17 14:58:39.478 TRACE [NO-REQUEST] [main] o.s.t.a.AnnotationTransactionAttributeSource - Adding transactional method 'com.acleda.training.studentmanagement.features.instructor.InstructorServiceImpl.updateInstructor' with attribute: PROPAGATION_REQUIRED,ISOLATION_DEFAULT
2026-08-17 14:58:39.487 TRACE [NO-REQUEST] [main] o.s.t.a.AnnotationTransactionAttributeSource - Adding transactional method 'com.acleda.training.studentmanagement.features.student.StudentServiceImpl.getStudentById' with attribute: PROPAGATION_REQUIRED,ISOLATION_DEFAULT,readOnly
2026-08-17 14:58:39.488 TRACE [NO-REQUEST] [main] o.s.t.a.AnnotationTransactionAttributeSource - Adding transactional method 'com.acleda.training.studentmanagement.features.student.StudentServiceImpl.updateStudent' with attribute: PROPAGATION_REQUIRED,ISOLATION_DEFAULT
2026-08-17 14:58:39.488 TRACE [NO-REQUEST] [main] o.s.t.a.AnnotationTransactionAttributeSource - Adding transactional method 'com.acleda.training.studentmanagement.features.student.StudentServiceImpl.deleteStudent' with attribute: PROPAGATION_REQUIRED,ISOLATION_DEFAULT
2026-08-17 14:58:39.488 TRACE [NO-REQUEST] [main] o.s.t.a.AnnotationTransactionAttributeSource - Adding transactional method 'com.acleda.training.studentmanagement.features.student.StudentServiceImpl.createStudent' with attribute: PROPAGATION_REQUIRED,ISOLATION_DEFAULT
2026-08-17 14:58:39.489 TRACE [NO-REQUEST] [main] o.s.t.a.AnnotationTransactionAttributeSource - Adding transactional method 'com.acleda.training.studentmanagement.features.student.StudentServiceImpl.getStudents' with attribute: PROPAGATION_REQUIRED,ISOLATION_DEFAULT,readOnly
2026-08-17 14:58:40.239 INFO  [NO-REQUEST] [main] o.s.b.a.e.web.EndpointLinksResolver - Exposing 1 endpoint beneath base path '/actuator'
2026-08-17 14:58:40.306 INFO  [NO-REQUEST] [main] o.s.boot.tomcat.TomcatWebServer - Tomcat started on port 8080 (http) with context path '/'
2026-08-17 14:58:40.316 INFO  [NO-REQUEST] [main] c.a.t.s.StudentManagementApiApplication - Started StudentManagementApiApplication in 6.465 seconds (process running for 7.079)
2026-08-17 14:58:40.323 TRACE [NO-REQUEST] [main] o.s.t.i.TransactionInterceptor - No need to create transaction for [org.springframework.data.jpa.repository.support.SimpleJpaRepository.existsByUsernameIgnoreCase]: This method is not transactional.
2026-08-17 14:58:40.400 DEBUG [NO-REQUEST] [main] org.hibernate.SQL - 
    select
        au1_0.id 
    from
        app_users au1_0 
    where
        upper(au1_0.username)=upper(?) 
    fetch
        first ? rows only
2026-08-17 14:58:40.401 TRACE [NO-REQUEST] [main] org.hibernate.orm.jdbc.bind - binding parameter (1:VARCHAR) <- [admin]
2026-08-17 14:58:40.401 TRACE [NO-REQUEST] [main] org.hibernate.orm.jdbc.bind - binding parameter (2:INTEGER) <- [1]
2026-08-17 14:58:40.919 INFO  [NO-REQUEST] [RMI TCP Connection(2)-192.168.33.1] o.a.c.c.C.[Tomcat].[localhost].[/] - Initializing Spring DispatcherServlet 'dispatcherServlet'
2026-08-17 14:58:40.919 INFO  [NO-REQUEST] [RMI TCP Connection(2)-192.168.33.1] o.s.web.servlet.DispatcherServlet - Initializing Servlet 'dispatcherServlet'
2026-08-17 14:58:40.921 INFO  [NO-REQUEST] [RMI TCP Connection(2)-192.168.33.1] o.s.web.servlet.DispatcherServlet - Completed initialization in 2 ms
2026-08-17 14:58:59.846 INFO  [5ddf2771-3cd2-41ad-84d3-c61ba9d782fe] [http-nio-8080-exec-4] c.a.t.s.l.RequestLoggingInterceptor - API REQUEST | Method: POST | URI: /api/v1/auth/login | Query: null
2026-08-17 14:58:59.918 DEBUG [5ddf2771-3cd2-41ad-84d3-c61ba9d782fe] [http-nio-8080-exec-4] o.s.orm.jpa.JpaTransactionManager - Creating new transaction with name [com.acleda.training.studentmanagement.features.auth.AuthService.login]: PROPAGATION_REQUIRED,ISOLATION_DEFAULT,readOnly
2026-08-17 14:58:59.919 DEBUG [5ddf2771-3cd2-41ad-84d3-c61ba9d782fe] [http-nio-8080-exec-4] o.s.orm.jpa.JpaTransactionManager - Opened new EntityManager [SessionImpl(140598638<open>)] for JPA transaction
2026-08-17 14:58:59.922 DEBUG [5ddf2771-3cd2-41ad-84d3-c61ba9d782fe] [http-nio-8080-exec-4] o.s.orm.jpa.JpaTransactionManager - Exposing JPA transaction as JDBC [org.springframework.orm.jpa.vendor.HibernateJpaDialect$HibernateConnectionHandle@b93e6dc]
2026-08-17 14:58:59.922 TRACE [5ddf2771-3cd2-41ad-84d3-c61ba9d782fe] [http-nio-8080-exec-4] o.s.t.i.TransactionInterceptor - Getting transaction for [com.acleda.training.studentmanagement.features.auth.AuthService.login]
2026-08-17 14:58:59.987 DEBUG [5ddf2771-3cd2-41ad-84d3-c61ba9d782fe] [http-nio-8080-exec-4] o.s.orm.jpa.JpaTransactionManager - Found thread-bound EntityManager [SessionImpl(140598638<open>)] for JPA transaction
2026-08-17 14:58:59.988 DEBUG [5ddf2771-3cd2-41ad-84d3-c61ba9d782fe] [http-nio-8080-exec-4] o.s.orm.jpa.JpaTransactionManager - Participating in existing transaction
2026-08-17 14:58:59.988 TRACE [5ddf2771-3cd2-41ad-84d3-c61ba9d782fe] [http-nio-8080-exec-4] o.s.t.i.TransactionInterceptor - Getting transaction for [com.acleda.training.studentmanagement.features.auth.CustomUserDetailsService.loadUserByUsername]
2026-08-17 14:58:59.988 TRACE [5ddf2771-3cd2-41ad-84d3-c61ba9d782fe] [http-nio-8080-exec-4] o.s.t.i.TransactionInterceptor - No need to create transaction for [org.springframework.data.jpa.repository.support.SimpleJpaRepository.findByUsernameIgnoreCase]: This method is not transactional.
2026-08-17 14:58:59.995 DEBUG [5ddf2771-3cd2-41ad-84d3-c61ba9d782fe] [http-nio-8080-exec-4] org.hibernate.SQL - 
    select
        au1_0.id,
        au1_0.created_at,
        au1_0.enabled,
        au1_0.password,
        au1_0.role,
        au1_0.updated_at,
        au1_0.username 
    from
        app_users au1_0 
    where
        upper(au1_0.username)=upper(?)
2026-08-17 14:58:59.995 TRACE [5ddf2771-3cd2-41ad-84d3-c61ba9d782fe] [http-nio-8080-exec-4] org.hibernate.orm.jdbc.bind - binding parameter (1:VARCHAR) <- [admin]
2026-08-17 14:59:00.010 TRACE [5ddf2771-3cd2-41ad-84d3-c61ba9d782fe] [http-nio-8080-exec-4] o.s.t.i.TransactionInterceptor - Completing transaction for [com.acleda.training.studentmanagement.features.auth.CustomUserDetailsService.loadUserByUsername]
2026-08-17 14:59:00.126 TRACE [5ddf2771-3cd2-41ad-84d3-c61ba9d782fe] [http-nio-8080-exec-4] o.s.t.i.TransactionInterceptor - Completing transaction for [com.acleda.training.studentmanagement.features.auth.AuthService.login]
2026-08-17 14:59:00.127 DEBUG [5ddf2771-3cd2-41ad-84d3-c61ba9d782fe] [http-nio-8080-exec-4] o.s.orm.jpa.JpaTransactionManager - Initiating transaction commit
2026-08-17 14:59:00.127 DEBUG [5ddf2771-3cd2-41ad-84d3-c61ba9d782fe] [http-nio-8080-exec-4] o.s.orm.jpa.JpaTransactionManager - Committing JPA transaction on EntityManager [SessionImpl(140598638<open>)]
2026-08-17 14:59:00.129 DEBUG [5ddf2771-3cd2-41ad-84d3-c61ba9d782fe] [http-nio-8080-exec-4] o.s.orm.jpa.JpaTransactionManager - Closing JPA EntityManager after transaction
2026-08-17 14:59:00.176 INFO  [5ddf2771-3cd2-41ad-84d3-c61ba9d782fe] [http-nio-8080-exec-4] c.a.t.s.l.RequestLoggingInterceptor - API RESPONSE | Method: POST | URI: /api/v1/auth/login | Status: 200 | Duration: 329ms
2026-08-17 14:59:17.289 DEBUG [NO-REQUEST] [http-nio-8080-exec-5] o.s.orm.jpa.JpaTransactionManager - Creating new transaction with name [com.acleda.training.studentmanagement.features.auth.CustomUserDetailsService.loadUserByUsername]: PROPAGATION_REQUIRED,ISOLATION_DEFAULT,readOnly
2026-08-17 14:59:17.289 DEBUG [NO-REQUEST] [http-nio-8080-exec-5] o.s.orm.jpa.JpaTransactionManager - Opened new EntityManager [SessionImpl(516294874<open>)] for JPA transaction
2026-08-17 14:59:17.290 DEBUG [NO-REQUEST] [http-nio-8080-exec-5] o.s.orm.jpa.JpaTransactionManager - Exposing JPA transaction as JDBC [org.springframework.orm.jpa.vendor.HibernateJpaDialect$HibernateConnectionHandle@6164a974]
2026-08-17 14:59:17.290 TRACE [NO-REQUEST] [http-nio-8080-exec-5] o.s.t.i.TransactionInterceptor - Getting transaction for [com.acleda.training.studentmanagement.features.auth.CustomUserDetailsService.loadUserByUsername]
2026-08-17 14:59:17.290 TRACE [NO-REQUEST] [http-nio-8080-exec-5] o.s.t.i.TransactionInterceptor - No need to create transaction for [org.springframework.data.jpa.repository.support.SimpleJpaRepository.findByUsernameIgnoreCase]: This method is not transactional.
2026-08-17 14:59:17.291 DEBUG [NO-REQUEST] [http-nio-8080-exec-5] org.hibernate.SQL - 
    select
        au1_0.id,
        au1_0.created_at,
        au1_0.enabled,
        au1_0.password,
        au1_0.role,
        au1_0.updated_at,
        au1_0.username 
    from
        app_users au1_0 
    where
        upper(au1_0.username)=upper(?)
2026-08-17 14:59:17.291 TRACE [NO-REQUEST] [http-nio-8080-exec-5] org.hibernate.orm.jdbc.bind - binding parameter (1:VARCHAR) <- [admin]
2026-08-17 14:59:17.292 TRACE [NO-REQUEST] [http-nio-8080-exec-5] o.s.t.i.TransactionInterceptor - Completing transaction for [com.acleda.training.studentmanagement.features.auth.CustomUserDetailsService.loadUserByUsername]
2026-08-17 14:59:17.292 DEBUG [NO-REQUEST] [http-nio-8080-exec-5] o.s.orm.jpa.JpaTransactionManager - Initiating transaction commit
2026-08-17 14:59:17.292 DEBUG [NO-REQUEST] [http-nio-8080-exec-5] o.s.orm.jpa.JpaTransactionManager - Committing JPA transaction on EntityManager [SessionImpl(516294874<open>)]
2026-08-17 14:59:17.292 DEBUG [NO-REQUEST] [http-nio-8080-exec-5] o.s.orm.jpa.JpaTransactionManager - Closing JPA EntityManager after transaction
2026-08-17 14:59:17.296 INFO  [3159701a-0e3a-4722-9e08-a929292fb4a7] [http-nio-8080-exec-5] c.a.t.s.l.RequestLoggingInterceptor - API REQUEST | Method: GET | URI: /api/v1/enrollments | Query: keyword=security&semester=SEMESTER_1&academicYear=2026-2027&status=ENROLLED&page=0&size=10&sort=createdAt,desc
2026-08-17 14:59:17.305 DEBUG [3159701a-0e3a-4722-9e08-a929292fb4a7] [http-nio-8080-exec-5] o.s.orm.jpa.JpaTransactionManager - Creating new transaction with name [com.acleda.training.studentmanagement.features.enrollment.EnrollmentServiceImpl.getEnrollments]: PROPAGATION_REQUIRED,ISOLATION_DEFAULT,readOnly
2026-08-17 14:59:17.305 DEBUG [3159701a-0e3a-4722-9e08-a929292fb4a7] [http-nio-8080-exec-5] o.s.orm.jpa.JpaTransactionManager - Opened new EntityManager [SessionImpl(2108751030<open>)] for JPA transaction
2026-08-17 14:59:17.305 DEBUG [3159701a-0e3a-4722-9e08-a929292fb4a7] [http-nio-8080-exec-5] o.s.orm.jpa.JpaTransactionManager - Exposing JPA transaction as JDBC [org.springframework.orm.jpa.vendor.HibernateJpaDialect$HibernateConnectionHandle@6cf21750]
2026-08-17 14:59:17.305 TRACE [3159701a-0e3a-4722-9e08-a929292fb4a7] [http-nio-8080-exec-5] o.s.t.i.TransactionInterceptor - Getting transaction for [com.acleda.training.studentmanagement.features.enrollment.EnrollmentServiceImpl.getEnrollments]
2026-08-17 14:59:17.306 TRACE [3159701a-0e3a-4722-9e08-a929292fb4a7] [http-nio-8080-exec-5] o.s.t.i.TransactionInterceptor - No need to create transaction for [org.springframework.data.jpa.repository.support.SimpleJpaRepository.searchEnrollments]: This method is not transactional.
2026-08-17 14:59:17.327 DEBUG [3159701a-0e3a-4722-9e08-a929292fb4a7] [http-nio-8080-exec-5] org.hibernate.SQL - 
    select
        e1_0.id,
        e1_0.academic_year,
        e1_0.course_id,
        c1_0.id,
        c1_0.code,
        c1_0.created_at,
        c1_0.credit,
        c1_0.deleted,
        c1_0.department_id,
        c1_0.description,
        c1_0.name,
        c1_0.updated_at,
        e1_0.created_at,
        e1_0.deleted,
        e1_0.enrollment_date,
        e1_0.grade,
        e1_0.score,
        e1_0.semester,
        e1_0.status,
        e1_0.student_id,
        s1_0.id,
        s1_0.address,
        s1_0.created_at,
        s1_0.date_of_birth,
        s1_0.deleted,
        s1_0.email,
        s1_0.enrolled_at,
        s1_0.first_name,
        s1_0.gender,
        s1_0.last_name,
        s1_0.phone_number,
        s1_0.status,
        s1_0.student_code,
        s1_0.updated_at,
        e1_0.updated_at 
    from
        enrollments e1_0 
    join
        students s1_0 
            on s1_0.id=e1_0.student_id 
    join
        courses c1_0 
            on c1_0.id=e1_0.course_id 
    where
        e1_0.deleted=false 
        and (
            ? is null 
            or ?='' 
            or lower(s1_0.student_code) like lower(('%'||?||'%')) escape '' 
            or lower(s1_0.first_name) like lower(('%'||?||'%')) escape '' 
            or lower(s1_0.last_name) like lower(('%'||?||'%')) escape '' 
            or lower((s1_0.first_name||' '||s1_0.last_name)) like lower(('%'||?||'%')) escape '' 
            or lower(c1_0.code) like lower(('%'||?||'%')) escape '' 
            or lower(c1_0.name) like lower(('%'||?||'%')) escape ''
        ) 
        and (
            ? is null 
            or s1_0.id=?
        ) 
        and (
            ? is null 
            or c1_0.id=?
        ) 
        and (
            ? is null 
            or e1_0.semester=?
        ) 
        and (
            ? is null 
            or ?='' 
            or e1_0.academic_year=?
        ) 
        and (
            ? is null 
            or e1_0.status=?
        ) 
    order by
        e1_0.created_at desc 
    fetch
        first ? rows only
2026-08-17 14:59:17.327 TRACE [3159701a-0e3a-4722-9e08-a929292fb4a7] [http-nio-8080-exec-5] org.hibernate.orm.jdbc.bind - binding parameter (1:VARCHAR) <- [security]
2026-08-17 14:59:17.327 TRACE [3159701a-0e3a-4722-9e08-a929292fb4a7] [http-nio-8080-exec-5] org.hibernate.orm.jdbc.bind - binding parameter (2:VARCHAR) <- [security]
2026-08-17 14:59:17.327 TRACE [3159701a-0e3a-4722-9e08-a929292fb4a7] [http-nio-8080-exec-5] org.hibernate.orm.jdbc.bind - binding parameter (3:VARCHAR) <- [security]
2026-08-17 14:59:17.327 TRACE [3159701a-0e3a-4722-9e08-a929292fb4a7] [http-nio-8080-exec-5] org.hibernate.orm.jdbc.bind - binding parameter (4:VARCHAR) <- [security]
2026-08-17 14:59:17.327 TRACE [3159701a-0e3a-4722-9e08-a929292fb4a7] [http-nio-8080-exec-5] org.hibernate.orm.jdbc.bind - binding parameter (5:VARCHAR) <- [security]
2026-08-17 14:59:17.327 TRACE [3159701a-0e3a-4722-9e08-a929292fb4a7] [http-nio-8080-exec-5] org.hibernate.orm.jdbc.bind - binding parameter (6:VARCHAR) <- [security]
2026-08-17 14:59:17.327 TRACE [3159701a-0e3a-4722-9e08-a929292fb4a7] [http-nio-8080-exec-5] org.hibernate.orm.jdbc.bind - binding parameter (7:VARCHAR) <- [security]
2026-08-17 14:59:17.327 TRACE [3159701a-0e3a-4722-9e08-a929292fb4a7] [http-nio-8080-exec-5] org.hibernate.orm.jdbc.bind - binding parameter (8:VARCHAR) <- [security]
2026-08-17 14:59:17.328 TRACE [3159701a-0e3a-4722-9e08-a929292fb4a7] [http-nio-8080-exec-5] org.hibernate.orm.jdbc.bind - binding parameter (9:UUID) <- [null]
2026-08-17 14:59:17.328 TRACE [3159701a-0e3a-4722-9e08-a929292fb4a7] [http-nio-8080-exec-5] org.hibernate.orm.jdbc.bind - binding parameter (10:UUID) <- [null]
2026-08-17 14:59:17.328 TRACE [3159701a-0e3a-4722-9e08-a929292fb4a7] [http-nio-8080-exec-5] org.hibernate.orm.jdbc.bind - binding parameter (11:UUID) <- [null]
2026-08-17 14:59:17.328 TRACE [3159701a-0e3a-4722-9e08-a929292fb4a7] [http-nio-8080-exec-5] org.hibernate.orm.jdbc.bind - binding parameter (12:UUID) <- [null]
2026-08-17 14:59:17.328 TRACE [3159701a-0e3a-4722-9e08-a929292fb4a7] [http-nio-8080-exec-5] org.hibernate.orm.jdbc.bind - binding parameter (13:VARCHAR) <- [SEMESTER_1]
2026-08-17 14:59:17.328 TRACE [3159701a-0e3a-4722-9e08-a929292fb4a7] [http-nio-8080-exec-5] org.hibernate.orm.jdbc.bind - binding parameter (14:VARCHAR) <- [SEMESTER_1]
2026-08-17 14:59:17.328 TRACE [3159701a-0e3a-4722-9e08-a929292fb4a7] [http-nio-8080-exec-5] org.hibernate.orm.jdbc.bind - binding parameter (15:VARCHAR) <- [2026-2027]
2026-08-17 14:59:17.328 TRACE [3159701a-0e3a-4722-9e08-a929292fb4a7] [http-nio-8080-exec-5] org.hibernate.orm.jdbc.bind - binding parameter (16:VARCHAR) <- [2026-2027]
2026-08-17 14:59:17.328 TRACE [3159701a-0e3a-4722-9e08-a929292fb4a7] [http-nio-8080-exec-5] org.hibernate.orm.jdbc.bind - binding parameter (17:VARCHAR) <- [2026-2027]
2026-08-17 14:59:17.328 TRACE [3159701a-0e3a-4722-9e08-a929292fb4a7] [http-nio-8080-exec-5] org.hibernate.orm.jdbc.bind - binding parameter (18:VARCHAR) <- [ENROLLED]
2026-08-17 14:59:17.328 TRACE [3159701a-0e3a-4722-9e08-a929292fb4a7] [http-nio-8080-exec-5] org.hibernate.orm.jdbc.bind - binding parameter (19:VARCHAR) <- [ENROLLED]
2026-08-17 14:59:17.328 TRACE [3159701a-0e3a-4722-9e08-a929292fb4a7] [http-nio-8080-exec-5] org.hibernate.orm.jdbc.bind - binding parameter (20:INTEGER) <- [10]
2026-08-17 14:59:17.350 TRACE [3159701a-0e3a-4722-9e08-a929292fb4a7] [http-nio-8080-exec-5] o.s.t.i.TransactionInterceptor - Completing transaction for [com.acleda.training.studentmanagement.features.enrollment.EnrollmentServiceImpl.getEnrollments]
2026-08-17 14:59:17.351 DEBUG [3159701a-0e3a-4722-9e08-a929292fb4a7] [http-nio-8080-exec-5] o.s.orm.jpa.JpaTransactionManager - Initiating transaction commit
2026-08-17 14:59:17.351 DEBUG [3159701a-0e3a-4722-9e08-a929292fb4a7] [http-nio-8080-exec-5] o.s.orm.jpa.JpaTransactionManager - Committing JPA transaction on EntityManager [SessionImpl(2108751030<open>)]
2026-08-17 14:59:17.351 DEBUG [3159701a-0e3a-4722-9e08-a929292fb4a7] [http-nio-8080-exec-5] o.s.orm.jpa.JpaTransactionManager - Closing JPA EntityManager after transaction
2026-08-17 14:59:17.359 INFO  [3159701a-0e3a-4722-9e08-a929292fb4a7] [http-nio-8080-exec-5] c.a.t.s.l.RequestLoggingInterceptor - API RESPONSE | Method: GET | URI: /api/v1/enrollments | Status: 200 | Duration: 63ms
2026-08-17 14:59:38.748 DEBUG [NO-REQUEST] [http-nio-8080-exec-2] o.s.orm.jpa.JpaTransactionManager - Creating new transaction with name [com.acleda.training.studentmanagement.features.auth.CustomUserDetailsService.loadUserByUsername]: PROPAGATION_REQUIRED,ISOLATION_DEFAULT,readOnly
2026-08-17 14:59:38.748 DEBUG [NO-REQUEST] [http-nio-8080-exec-2] o.s.orm.jpa.JpaTransactionManager - Opened new EntityManager [SessionImpl(1962305204<open>)] for JPA transaction
2026-08-17 14:59:38.749 DEBUG [NO-REQUEST] [http-nio-8080-exec-2] o.s.orm.jpa.JpaTransactionManager - Exposing JPA transaction as JDBC [org.springframework.orm.jpa.vendor.HibernateJpaDialect$HibernateConnectionHandle@70c9ecf2]
2026-08-17 14:59:38.749 TRACE [NO-REQUEST] [http-nio-8080-exec-2] o.s.t.i.TransactionInterceptor - Getting transaction for [com.acleda.training.studentmanagement.features.auth.CustomUserDetailsService.loadUserByUsername]
2026-08-17 14:59:38.749 TRACE [NO-REQUEST] [http-nio-8080-exec-2] o.s.t.i.TransactionInterceptor - No need to create transaction for [org.springframework.data.jpa.repository.support.SimpleJpaRepository.findByUsernameIgnoreCase]: This method is not transactional.
2026-08-17 14:59:38.750 DEBUG [NO-REQUEST] [http-nio-8080-exec-2] org.hibernate.SQL - 
    select
        au1_0.id,
        au1_0.created_at,
        au1_0.enabled,
        au1_0.password,
        au1_0.role,
        au1_0.updated_at,
        au1_0.username 
    from
        app_users au1_0 
    where
        upper(au1_0.username)=upper(?)
2026-08-17 14:59:38.750 TRACE [NO-REQUEST] [http-nio-8080-exec-2] org.hibernate.orm.jdbc.bind - binding parameter (1:VARCHAR) <- [admin]
2026-08-17 14:59:38.751 TRACE [NO-REQUEST] [http-nio-8080-exec-2] o.s.t.i.TransactionInterceptor - Completing transaction for [com.acleda.training.studentmanagement.features.auth.CustomUserDetailsService.loadUserByUsername]
2026-08-17 14:59:38.751 DEBUG [NO-REQUEST] [http-nio-8080-exec-2] o.s.orm.jpa.JpaTransactionManager - Initiating transaction commit
2026-08-17 14:59:38.752 DEBUG [NO-REQUEST] [http-nio-8080-exec-2] o.s.orm.jpa.JpaTransactionManager - Committing JPA transaction on EntityManager [SessionImpl(1962305204<open>)]
2026-08-17 14:59:38.752 DEBUG [NO-REQUEST] [http-nio-8080-exec-2] o.s.orm.jpa.JpaTransactionManager - Closing JPA EntityManager after transaction
2026-08-17 14:59:38.754 INFO  [a260c297-7853-4607-a4c4-bdad961f277f] [http-nio-8080-exec-2] c.a.t.s.l.RequestLoggingInterceptor - API REQUEST | Method: GET | URI: /api/v1/externals/users | Query: page=1&size=4
2026-08-17 14:59:38.790 INFO  [a260c297-7853-4607-a4c4-bdad961f277f] [http-nio-8080-exec-2] c.a.t.s.config.WebClientConfig - THIRD-PARTY REQUEST | Method: GET | URL: https://jsonplaceholder.typicode.com/users?_start=4&_limit=4
2026-08-17 14:59:39.353 INFO  [a260c297-7853-4607-a4c4-bdad961f277f] [reactor-http-nio-3] c.a.t.s.config.WebClientConfig - THIRD-PARTY RESPONSE | Method: GET | URL: https://jsonplaceholder.typicode.com/users?_start=4&_limit=4 | Status: 200 | Duration: 563ms
2026-08-17 14:59:39.399 INFO  [a260c297-7853-4607-a4c4-bdad961f277f] [http-nio-8080-exec-2] c.a.t.s.l.RequestLoggingInterceptor - API RESPONSE | Method: GET | URI: /api/v1/externals/users | Status: 200 | Duration: 644ms
2026-08-17 15:00:15.664 DEBUG [NO-REQUEST] [http-nio-8080-exec-3] o.s.orm.jpa.JpaTransactionManager - Creating new transaction with name [com.acleda.training.studentmanagement.features.auth.CustomUserDetailsService.loadUserByUsername]: PROPAGATION_REQUIRED,ISOLATION_DEFAULT,readOnly
2026-08-17 15:00:15.664 DEBUG [NO-REQUEST] [http-nio-8080-exec-3] o.s.orm.jpa.JpaTransactionManager - Opened new EntityManager [SessionImpl(619906029<open>)] for JPA transaction
2026-08-17 15:00:15.665 DEBUG [NO-REQUEST] [http-nio-8080-exec-3] o.s.orm.jpa.JpaTransactionManager - Exposing JPA transaction as JDBC [org.springframework.orm.jpa.vendor.HibernateJpaDialect$HibernateConnectionHandle@20cc83ab]
2026-08-17 15:00:15.665 TRACE [NO-REQUEST] [http-nio-8080-exec-3] o.s.t.i.TransactionInterceptor - Getting transaction for [com.acleda.training.studentmanagement.features.auth.CustomUserDetailsService.loadUserByUsername]
2026-08-17 15:00:15.665 TRACE [NO-REQUEST] [http-nio-8080-exec-3] o.s.t.i.TransactionInterceptor - No need to create transaction for [org.springframework.data.jpa.repository.support.SimpleJpaRepository.findByUsernameIgnoreCase]: This method is not transactional.
2026-08-17 15:00:15.666 DEBUG [NO-REQUEST] [http-nio-8080-exec-3] org.hibernate.SQL - 
    select
        au1_0.id,
        au1_0.created_at,
        au1_0.enabled,
        au1_0.password,
        au1_0.role,
        au1_0.updated_at,
        au1_0.username 
    from
        app_users au1_0 
    where
        upper(au1_0.username)=upper(?)
2026-08-17 15:00:15.666 TRACE [NO-REQUEST] [http-nio-8080-exec-3] org.hibernate.orm.jdbc.bind - binding parameter (1:VARCHAR) <- [admin]
2026-08-17 15:00:15.667 TRACE [NO-REQUEST] [http-nio-8080-exec-3] o.s.t.i.TransactionInterceptor - Completing transaction for [com.acleda.training.studentmanagement.features.auth.CustomUserDetailsService.loadUserByUsername]
2026-08-17 15:00:15.667 DEBUG [NO-REQUEST] [http-nio-8080-exec-3] o.s.orm.jpa.JpaTransactionManager - Initiating transaction commit
2026-08-17 15:00:15.668 DEBUG [NO-REQUEST] [http-nio-8080-exec-3] o.s.orm.jpa.JpaTransactionManager - Committing JPA transaction on EntityManager [SessionImpl(619906029<open>)]
2026-08-17 15:00:15.668 DEBUG [NO-REQUEST] [http-nio-8080-exec-3] o.s.orm.jpa.JpaTransactionManager - Closing JPA EntityManager after transaction
2026-08-17 15:00:15.671 INFO  [39432cd9-3b91-4911-92fb-9cc6596d60b0] [http-nio-8080-exec-3] c.a.t.s.l.RequestLoggingInterceptor - API REQUEST | Method: GET | URI: /api/v1/externals/users/3 | Query: null
2026-08-17 15:00:15.674 INFO  [39432cd9-3b91-4911-92fb-9cc6596d60b0] [http-nio-8080-exec-3] c.a.t.s.config.WebClientConfig - THIRD-PARTY REQUEST | Method: GET | URL: https://jsonplaceholder.typicode.com/users/3
2026-08-17 15:00:15.721 INFO  [39432cd9-3b91-4911-92fb-9cc6596d60b0] [reactor-http-nio-3] c.a.t.s.config.WebClientConfig - THIRD-PARTY RESPONSE | Method: GET | URL: https://jsonplaceholder.typicode.com/users/3 | Status: 200 | Duration: 46ms
2026-08-17 15:00:15.727 INFO  [39432cd9-3b91-4911-92fb-9cc6596d60b0] [http-nio-8080-exec-3] c.a.t.s.l.RequestLoggingInterceptor - API RESPONSE | Method: GET | URI: /api/v1/externals/users/3 | Status: 200 | Duration: 56ms
2026-08-17 15:00:30.260 DEBUG [NO-REQUEST] [http-nio-8080-exec-6] o.s.orm.jpa.JpaTransactionManager - Creating new transaction with name [com.acleda.training.studentmanagement.features.auth.CustomUserDetailsService.loadUserByUsername]: PROPAGATION_REQUIRED,ISOLATION_DEFAULT,readOnly
2026-08-17 15:00:30.260 DEBUG [NO-REQUEST] [http-nio-8080-exec-6] o.s.orm.jpa.JpaTransactionManager - Opened new EntityManager [SessionImpl(1833442422<open>)] for JPA transaction
2026-08-17 15:00:30.261 DEBUG [NO-REQUEST] [http-nio-8080-exec-6] o.s.orm.jpa.JpaTransactionManager - Exposing JPA transaction as JDBC [org.springframework.orm.jpa.vendor.HibernateJpaDialect$HibernateConnectionHandle@69778507]
2026-08-17 15:00:30.261 TRACE [NO-REQUEST] [http-nio-8080-exec-6] o.s.t.i.TransactionInterceptor - Getting transaction for [com.acleda.training.studentmanagement.features.auth.CustomUserDetailsService.loadUserByUsername]
2026-08-17 15:00:30.261 TRACE [NO-REQUEST] [http-nio-8080-exec-6] o.s.t.i.TransactionInterceptor - No need to create transaction for [org.springframework.data.jpa.repository.support.SimpleJpaRepository.findByUsernameIgnoreCase]: This method is not transactional.
2026-08-17 15:00:30.262 DEBUG [NO-REQUEST] [http-nio-8080-exec-6] org.hibernate.SQL - 
    select
        au1_0.id,
        au1_0.created_at,
        au1_0.enabled,
        au1_0.password,
        au1_0.role,
        au1_0.updated_at,
        au1_0.username 
    from
        app_users au1_0 
    where
        upper(au1_0.username)=upper(?)
2026-08-17 15:00:30.262 TRACE [NO-REQUEST] [http-nio-8080-exec-6] org.hibernate.orm.jdbc.bind - binding parameter (1:VARCHAR) <- [admin]
2026-08-17 15:00:30.263 TRACE [NO-REQUEST] [http-nio-8080-exec-6] o.s.t.i.TransactionInterceptor - Completing transaction for [com.acleda.training.studentmanagement.features.auth.CustomUserDetailsService.loadUserByUsername]
2026-08-17 15:00:30.263 DEBUG [NO-REQUEST] [http-nio-8080-exec-6] o.s.orm.jpa.JpaTransactionManager - Initiating transaction commit
2026-08-17 15:00:30.263 DEBUG [NO-REQUEST] [http-nio-8080-exec-6] o.s.orm.jpa.JpaTransactionManager - Committing JPA transaction on EntityManager [SessionImpl(1833442422<open>)]
2026-08-17 15:00:30.264 DEBUG [NO-REQUEST] [http-nio-8080-exec-6] o.s.orm.jpa.JpaTransactionManager - Closing JPA EntityManager after transaction
2026-08-17 15:00:30.267 INFO  [c349db31-86eb-4d50-87cb-909d279f67db] [http-nio-8080-exec-6] c.a.t.s.l.RequestLoggingInterceptor - API REQUEST | Method: GET | URI: /api/v1/externals/users/1/posts | Query: null
2026-08-17 15:00:30.270 INFO  [c349db31-86eb-4d50-87cb-909d279f67db] [http-nio-8080-exec-6] c.a.t.s.config.WebClientConfig - THIRD-PARTY REQUEST | Method: GET | URL: https://jsonplaceholder.typicode.com/posts?userId=1&_start=0&_limit=20
2026-08-17 15:00:30.963 INFO  [c349db31-86eb-4d50-87cb-909d279f67db] [reactor-http-nio-3] c.a.t.s.config.WebClientConfig - THIRD-PARTY RESPONSE | Method: GET | URL: https://jsonplaceholder.typicode.com/posts?userId=1&_start=0&_limit=20 | Status: 200 | Duration: 692ms
2026-08-17 15:00:30.971 INFO  [c349db31-86eb-4d50-87cb-909d279f67db] [http-nio-8080-exec-6] c.a.t.s.l.RequestLoggingInterceptor - API RESPONSE | Method: GET | URI: /api/v1/externals/users/1/posts | Status: 200 | Duration: 704ms
2026-08-17 15:00:50.237 DEBUG [NO-REQUEST] [http-nio-8080-exec-7] o.s.orm.jpa.JpaTransactionManager - Creating new transaction with name [com.acleda.training.studentmanagement.features.auth.CustomUserDetailsService.loadUserByUsername]: PROPAGATION_REQUIRED,ISOLATION_DEFAULT,readOnly
2026-08-17 15:00:50.237 DEBUG [NO-REQUEST] [http-nio-8080-exec-7] o.s.orm.jpa.JpaTransactionManager - Opened new EntityManager [SessionImpl(366852982<open>)] for JPA transaction
2026-08-17 15:00:50.238 DEBUG [NO-REQUEST] [http-nio-8080-exec-7] o.s.orm.jpa.JpaTransactionManager - Exposing JPA transaction as JDBC [org.springframework.orm.jpa.vendor.HibernateJpaDialect$HibernateConnectionHandle@11e22d15]
2026-08-17 15:00:50.238 TRACE [NO-REQUEST] [http-nio-8080-exec-7] o.s.t.i.TransactionInterceptor - Getting transaction for [com.acleda.training.studentmanagement.features.auth.CustomUserDetailsService.loadUserByUsername]
2026-08-17 15:00:50.238 TRACE [NO-REQUEST] [http-nio-8080-exec-7] o.s.t.i.TransactionInterceptor - No need to create transaction for [org.springframework.data.jpa.repository.support.SimpleJpaRepository.findByUsernameIgnoreCase]: This method is not transactional.
2026-08-17 15:00:50.239 DEBUG [NO-REQUEST] [http-nio-8080-exec-7] org.hibernate.SQL - 
    select
        au1_0.id,
        au1_0.created_at,
        au1_0.enabled,
        au1_0.password,
        au1_0.role,
        au1_0.updated_at,
        au1_0.username 
    from
        app_users au1_0 
    where
        upper(au1_0.username)=upper(?)
2026-08-17 15:00:50.239 TRACE [NO-REQUEST] [http-nio-8080-exec-7] org.hibernate.orm.jdbc.bind - binding parameter (1:VARCHAR) <- [admin]
2026-08-17 15:00:50.241 TRACE [NO-REQUEST] [http-nio-8080-exec-7] o.s.t.i.TransactionInterceptor - Completing transaction for [com.acleda.training.studentmanagement.features.auth.CustomUserDetailsService.loadUserByUsername]
2026-08-17 15:00:50.241 DEBUG [NO-REQUEST] [http-nio-8080-exec-7] o.s.orm.jpa.JpaTransactionManager - Initiating transaction commit
2026-08-17 15:00:50.241 DEBUG [NO-REQUEST] [http-nio-8080-exec-7] o.s.orm.jpa.JpaTransactionManager - Committing JPA transaction on EntityManager [SessionImpl(366852982<open>)]
2026-08-17 15:00:50.241 DEBUG [NO-REQUEST] [http-nio-8080-exec-7] o.s.orm.jpa.JpaTransactionManager - Closing JPA EntityManager after transaction
2026-08-17 15:00:50.243 INFO  [a63c98d1-076c-42ae-8138-b055a9718d57] [http-nio-8080-exec-7] c.a.t.s.l.RequestLoggingInterceptor - API REQUEST | Method: GET | URI: /api/v1/externals/users/4/albums | Query: null
2026-08-17 15:00:50.246 INFO  [a63c98d1-076c-42ae-8138-b055a9718d57] [http-nio-8080-exec-7] c.a.t.s.config.WebClientConfig - THIRD-PARTY REQUEST | Method: GET | URL: https://jsonplaceholder.typicode.com/albums?userId=4&_start=0&_limit=20
2026-08-17 15:00:50.954 INFO  [a63c98d1-076c-42ae-8138-b055a9718d57] [reactor-http-nio-3] c.a.t.s.config.WebClientConfig - THIRD-PARTY RESPONSE | Method: GET | URL: https://jsonplaceholder.typicode.com/albums?userId=4&_start=0&_limit=20 | Status: 200 | Duration: 707ms
2026-08-17 15:00:50.962 INFO  [a63c98d1-076c-42ae-8138-b055a9718d57] [http-nio-8080-exec-7] c.a.t.s.l.RequestLoggingInterceptor - API RESPONSE | Method: GET | URI: /api/v1/externals/users/4/albums | Status: 200 | Duration: 718ms
2026-08-17 15:01:11.730 DEBUG [NO-REQUEST] [http-nio-8080-exec-8] o.s.orm.jpa.JpaTransactionManager - Creating new transaction with name [com.acleda.training.studentmanagement.features.auth.CustomUserDetailsService.loadUserByUsername]: PROPAGATION_REQUIRED,ISOLATION_DEFAULT,readOnly
2026-08-17 15:01:11.731 DEBUG [NO-REQUEST] [http-nio-8080-exec-8] o.s.orm.jpa.JpaTransactionManager - Opened new EntityManager [SessionImpl(559228608<open>)] for JPA transaction
2026-08-17 15:01:11.731 DEBUG [NO-REQUEST] [http-nio-8080-exec-8] o.s.orm.jpa.JpaTransactionManager - Exposing JPA transaction as JDBC [org.springframework.orm.jpa.vendor.HibernateJpaDialect$HibernateConnectionHandle@256ab632]
2026-08-17 15:01:11.731 TRACE [NO-REQUEST] [http-nio-8080-exec-8] o.s.t.i.TransactionInterceptor - Getting transaction for [com.acleda.training.studentmanagement.features.auth.CustomUserDetailsService.loadUserByUsername]
2026-08-17 15:01:11.731 TRACE [NO-REQUEST] [http-nio-8080-exec-8] o.s.t.i.TransactionInterceptor - No need to create transaction for [org.springframework.data.jpa.repository.support.SimpleJpaRepository.findByUsernameIgnoreCase]: This method is not transactional.
2026-08-17 15:01:11.732 DEBUG [NO-REQUEST] [http-nio-8080-exec-8] org.hibernate.SQL - 
    select
        au1_0.id,
        au1_0.created_at,
        au1_0.enabled,
        au1_0.password,
        au1_0.role,
        au1_0.updated_at,
        au1_0.username 
    from
        app_users au1_0 
    where
        upper(au1_0.username)=upper(?)
2026-08-17 15:01:11.732 TRACE [NO-REQUEST] [http-nio-8080-exec-8] org.hibernate.orm.jdbc.bind - binding parameter (1:VARCHAR) <- [admin]
2026-08-17 15:01:11.733 TRACE [NO-REQUEST] [http-nio-8080-exec-8] o.s.t.i.TransactionInterceptor - Completing transaction for [com.acleda.training.studentmanagement.features.auth.CustomUserDetailsService.loadUserByUsername]
2026-08-17 15:01:11.733 DEBUG [NO-REQUEST] [http-nio-8080-exec-8] o.s.orm.jpa.JpaTransactionManager - Initiating transaction commit
2026-08-17 15:01:11.733 DEBUG [NO-REQUEST] [http-nio-8080-exec-8] o.s.orm.jpa.JpaTransactionManager - Committing JPA transaction on EntityManager [SessionImpl(559228608<open>)]
2026-08-17 15:01:11.733 DEBUG [NO-REQUEST] [http-nio-8080-exec-8] o.s.orm.jpa.JpaTransactionManager - Closing JPA EntityManager after transaction
2026-08-17 15:01:11.736 INFO  [456993f0-2090-4f0d-875e-8e36847c8d4a] [http-nio-8080-exec-8] c.a.t.s.l.RequestLoggingInterceptor - API REQUEST | Method: GET | URI: /api/v1/externals/posts | Query: null
2026-08-17 15:01:11.738 INFO  [456993f0-2090-4f0d-875e-8e36847c8d4a] [http-nio-8080-exec-8] c.a.t.s.config.WebClientConfig - THIRD-PARTY REQUEST | Method: GET | URL: https://jsonplaceholder.typicode.com/posts?_start=0&_limit=20
2026-08-17 15:01:11.786 INFO  [456993f0-2090-4f0d-875e-8e36847c8d4a] [reactor-http-nio-3] c.a.t.s.config.WebClientConfig - THIRD-PARTY RESPONSE | Method: GET | URL: https://jsonplaceholder.typicode.com/posts?_start=0&_limit=20 | Status: 200 | Duration: 48ms
2026-08-17 15:01:11.792 INFO  [456993f0-2090-4f0d-875e-8e36847c8d4a] [http-nio-8080-exec-8] c.a.t.s.l.RequestLoggingInterceptor - API RESPONSE | Method: GET | URI: /api/v1/externals/posts | Status: 200 | Duration: 56ms
2026-08-17 15:01:24.618 DEBUG [NO-REQUEST] [http-nio-8080-exec-9] o.s.orm.jpa.JpaTransactionManager - Creating new transaction with name [com.acleda.training.studentmanagement.features.auth.CustomUserDetailsService.loadUserByUsername]: PROPAGATION_REQUIRED,ISOLATION_DEFAULT,readOnly
2026-08-17 15:01:24.618 DEBUG [NO-REQUEST] [http-nio-8080-exec-9] o.s.orm.jpa.JpaTransactionManager - Opened new EntityManager [SessionImpl(347531008<open>)] for JPA transaction
2026-08-17 15:01:24.619 DEBUG [NO-REQUEST] [http-nio-8080-exec-9] o.s.orm.jpa.JpaTransactionManager - Exposing JPA transaction as JDBC [org.springframework.orm.jpa.vendor.HibernateJpaDialect$HibernateConnectionHandle@1089614e]
2026-08-17 15:01:24.619 TRACE [NO-REQUEST] [http-nio-8080-exec-9] o.s.t.i.TransactionInterceptor - Getting transaction for [com.acleda.training.studentmanagement.features.auth.CustomUserDetailsService.loadUserByUsername]
2026-08-17 15:01:24.619 TRACE [NO-REQUEST] [http-nio-8080-exec-9] o.s.t.i.TransactionInterceptor - No need to create transaction for [org.springframework.data.jpa.repository.support.SimpleJpaRepository.findByUsernameIgnoreCase]: This method is not transactional.
2026-08-17 15:01:24.620 DEBUG [NO-REQUEST] [http-nio-8080-exec-9] org.hibernate.SQL - 
    select
        au1_0.id,
        au1_0.created_at,
        au1_0.enabled,
        au1_0.password,
        au1_0.role,
        au1_0.updated_at,
        au1_0.username 
    from
        app_users au1_0 
    where
        upper(au1_0.username)=upper(?)
2026-08-17 15:01:24.620 TRACE [NO-REQUEST] [http-nio-8080-exec-9] org.hibernate.orm.jdbc.bind - binding parameter (1:VARCHAR) <- [admin]
2026-08-17 15:01:24.621 TRACE [NO-REQUEST] [http-nio-8080-exec-9] o.s.t.i.TransactionInterceptor - Completing transaction for [com.acleda.training.studentmanagement.features.auth.CustomUserDetailsService.loadUserByUsername]
2026-08-17 15:01:24.621 DEBUG [NO-REQUEST] [http-nio-8080-exec-9] o.s.orm.jpa.JpaTransactionManager - Initiating transaction commit
2026-08-17 15:01:24.621 DEBUG [NO-REQUEST] [http-nio-8080-exec-9] o.s.orm.jpa.JpaTransactionManager - Committing JPA transaction on EntityManager [SessionImpl(347531008<open>)]
2026-08-17 15:01:24.621 DEBUG [NO-REQUEST] [http-nio-8080-exec-9] o.s.orm.jpa.JpaTransactionManager - Closing JPA EntityManager after transaction
2026-08-17 15:01:24.624 INFO  [02ef72f7-bd54-4c16-9f54-4c31ac0719f4] [http-nio-8080-exec-9] c.a.t.s.l.RequestLoggingInterceptor - API REQUEST | Method: GET | URI: /api/v1/externals/posts/101 | Query: null
2026-08-17 15:01:24.626 INFO  [02ef72f7-bd54-4c16-9f54-4c31ac0719f4] [http-nio-8080-exec-9] c.a.t.s.config.WebClientConfig - THIRD-PARTY REQUEST | Method: GET | URL: https://jsonplaceholder.typicode.com/posts/101
2026-08-17 15:01:24.707 INFO  [02ef72f7-bd54-4c16-9f54-4c31ac0719f4] [reactor-http-nio-3] c.a.t.s.config.WebClientConfig - THIRD-PARTY RESPONSE | Method: GET | URL: https://jsonplaceholder.typicode.com/posts/101 | Status: 404 | Duration: 81ms
2026-08-17 15:01:24.720 ERROR [02ef72f7-bd54-4c16-9f54-4c31ac0719f4] [reactor-http-nio-3] c.a.t.s.e.ThirdPartyErrorHandler - [THIRD-PARTY ERROR] status=404 body={}
2026-08-17 15:01:24.725 ERROR [02ef72f7-bd54-4c16-9f54-4c31ac0719f4] [http-nio-8080-exec-9] c.a.t.s.e.GlobalExceptionHandler - THIRD-PARTY API ERROR | Method: GET | URI: /api/v1/externals/posts/101 | Exception: ThirdPartyApiException | Message: Third-party API returned HTTP 404
com.acleda.training.studentmanagement.exception.ThirdPartyApiException: Third-party API returned HTTP 404
	at com.acleda.training.studentmanagement.exception.ThirdPartyErrorHandler.lambda$handle$0(ThirdPartyErrorHandler.java:30)
	Suppressed: The stacktrace has been enhanced by Reactor, refer to additional information below: 
Error has been observed at the following site(s):
	*__checkpoint ⇢ 404 NOT_FOUND from GET https://jsonplaceholder.typicode.com/posts/101 [DefaultWebClient]
Original Stack Trace:
		at com.acleda.training.studentmanagement.exception.ThirdPartyErrorHandler.lambda$handle$0(ThirdPartyErrorHandler.java:30)
		at reactor.core.publisher.FluxMap$MapSubscriber.onNext(FluxMap.java:106)
		at reactor.core.publisher.FluxDefaultIfEmpty$DefaultIfEmptySubscriber.onNext(FluxDefaultIfEmpty.java:122)
		at reactor.core.publisher.FluxMapFuseable$MapFuseableSubscriber.onNext(FluxMapFuseable.java:130)
		at reactor.core.publisher.FluxContextWrite$ContextWriteSubscriber.onNext(FluxContextWrite.java:109)
		at reactor.core.publisher.FluxMapFuseable$MapFuseableConditionalSubscriber.onNext(FluxMapFuseable.java:300)
		at reactor.core.publisher.FluxFilterFuseable$FilterFuseableConditionalSubscriber.onNext(FluxFilterFuseable.java:338)
		at reactor.core.publisher.Operators$BaseFluxToMonoOperator.completePossiblyEmpty(Operators.java:2093)
		at reactor.core.publisher.MonoCollect$CollectSubscriber.onComplete(MonoCollect.java:144)
		at reactor.core.publisher.FluxMap$MapSubscriber.onComplete(FluxMap.java:144)
		at reactor.core.publisher.FluxPeek$PeekSubscriber.onComplete(FluxPeek.java:263)
		at reactor.core.publisher.FluxContextWriteRestoringThreadLocals$ContextWriteRestoringThreadLocalsSubscriber.onComplete(FluxContextWriteRestoringThreadLocals.java:150)
		at reactor.core.publisher.FluxMap$MapConditionalSubscriber.onComplete(FluxMap.java:275)
		at reactor.core.publisher.FluxContextWriteRestoringThreadLocals$ContextWriteRestoringThreadLocalsSubscriber.onComplete(FluxContextWriteRestoringThreadLocals.java:150)
		at reactor.netty.channel.FluxReceive.onInboundComplete(FluxReceive.java:419)
		at reactor.netty.channel.ChannelOperations.onInboundComplete(ChannelOperations.java:467)
		at reactor.netty.channel.ChannelOperations.terminate(ChannelOperations.java:521)
		at reactor.netty.http.client.HttpClientOperations.onInboundNext(HttpClientOperations.java:947)
		at reactor.netty.channel.ChannelOperationsHandler.channelRead(ChannelOperationsHandler.java:115)
		at io.netty.channel.AbstractChannelHandlerContext.fireChannelRead(AbstractChannelHandlerContext.java:357)
		at io.netty.channel.CombinedChannelDuplexHandler$DelegatingChannelHandlerContext.fireChannelRead(CombinedChannelDuplexHandler.java:434)
		at io.netty.handler.codec.ByteToMessageDecoder.fireChannelRead(ByteToMessageDecoder.java:361)
		at io.netty.handler.codec.ByteToMessageDecoder.channelRead(ByteToMessageDecoder.java:325)
		at io.netty.channel.CombinedChannelDuplexHandler.channelRead(CombinedChannelDuplexHandler.java:249)
		at io.netty.channel.AbstractChannelHandlerContext.fireChannelRead(AbstractChannelHandlerContext.java:355)
		at io.netty.handler.timeout.IdleStateHandler.channelRead(IdleStateHandler.java:288)
		at io.netty.channel.AbstractChannelHandlerContext.fireChannelRead(AbstractChannelHandlerContext.java:355)
		at io.netty.handler.ssl.SslHandler.unwrap(SslHandler.java:1526)
		at io.netty.handler.ssl.SslHandler.decodeJdkCompatible(SslHandler.java:1384)
		at io.netty.handler.ssl.SslHandler.decode(SslHandler.java:1435)
		at io.netty.handler.codec.ByteToMessageDecoder.decodeRemovalReentryProtection(ByteToMessageDecoder.java:545)
		at io.netty.handler.codec.ByteToMessageDecoder.callDecode(ByteToMessageDecoder.java:484)
		at io.netty.handler.codec.ByteToMessageDecoder.channelRead(ByteToMessageDecoder.java:296)
		at io.netty.channel.AbstractChannelHandlerContext.fireChannelRead(AbstractChannelHandlerContext.java:357)
		at io.netty.channel.DefaultChannelPipeline$HeadContext.channelRead(DefaultChannelPipeline.java:1429)
		at io.netty.channel.DefaultChannelPipeline.fireChannelRead(DefaultChannelPipeline.java:918)
		at io.netty.channel.nio.AbstractNioByteChannel$NioByteUnsafe.read(AbstractNioByteChannel.java:176)
		at io.netty.channel.nio.AbstractNioChannel$AbstractNioUnsafe.handle(AbstractNioChannel.java:445)
		at io.netty.channel.nio.NioIoHandler$DefaultNioRegistration.handle(NioIoHandler.java:388)
		at io.netty.channel.nio.NioIoHandler.processSelectedKey(NioIoHandler.java:596)
		at io.netty.channel.nio.NioIoHandler.processSelectedKeysPlain(NioIoHandler.java:541)
		at io.netty.channel.nio.NioIoHandler.processSelectedKeys(NioIoHandler.java:514)
		at io.netty.channel.nio.NioIoHandler.run(NioIoHandler.java:484)
		at io.netty.channel.SingleThreadIoEventLoop.runIo(SingleThreadIoEventLoop.java:225)
		at io.netty.channel.SingleThreadIoEventLoop.run(SingleThreadIoEventLoop.java:196)
		at io.netty.util.concurrent.SingleThreadEventExecutor$5.run(SingleThreadEventExecutor.java:1195)
		at io.netty.util.internal.ThreadExecutorMap$2.run(ThreadExecutorMap.java:74)
		at io.netty.util.concurrent.FastThreadLocalRunnable.run(FastThreadLocalRunnable.java:30)
		at java.base/java.lang.Thread.run(Thread.java:1474)
	Suppressed: java.lang.Exception: #block terminated with an error
		at reactor.core.publisher.BlockingSingleSubscriber.blockingGet(BlockingSingleSubscriber.java:104)
		at reactor.core.publisher.Mono.block(Mono.java:1773)
		at com.acleda.training.studentmanagement.features.external.ExternalPostClient.getPost(ExternalPostClient.java:72)
		at com.acleda.training.studentmanagement.features.external.ExternalDataServiceImpl.getPost(ExternalDataServiceImpl.java:60)
		at java.base/jdk.internal.reflect.DirectMethodHandleAccessor.invoke(DirectMethodHandleAccessor.java:104)
		at java.base/java.lang.reflect.Method.invoke(Method.java:565)
		at org.springframework.aop.support.AopUtils.invokeJoinpointUsingReflection(AopUtils.java:359)
		at org.springframework.aop.framework.ReflectiveMethodInvocation.invokeJoinpoint(ReflectiveMethodInvocation.java:190)
		at org.springframework.aop.framework.ReflectiveMethodInvocation.proceed(ReflectiveMethodInvocation.java:158)
		at org.springframework.cache.interceptor.CacheInterceptor.lambda$invoke$0(CacheInterceptor.java:54)
		at org.springframework.cache.interceptor.CacheAspectSupport.invokeOperation(CacheAspectSupport.java:426)
		at org.springframework.cache.interceptor.CacheAspectSupport.lambda$executeSynchronized$3(CacheAspectSupport.java:489)
		at org.springframework.data.redis.cache.RedisCache.loadCacheValue(RedisCache.java:173)
		at org.springframework.data.redis.cache.RedisCache.lambda$get$0(RedisCache.java:154)
		at org.springframework.data.redis.cache.DefaultRedisCacheWriter.lambda$get$1(DefaultRedisCacheWriter.java:298)
		at org.springframework.data.redis.cache.DefaultRedisCacheWriter.execute(DefaultRedisCacheWriter.java:550)
		at org.springframework.data.redis.cache.DefaultRedisCacheWriter.get(DefaultRedisCacheWriter.java:284)
		at org.springframework.data.redis.cache.RedisCache.get(RedisCache.java:153)
		at org.springframework.cache.transaction.TransactionAwareCacheDecorator.get(TransactionAwareCacheDecorator.java:92)
		at org.springframework.cache.interceptor.AbstractCacheInvoker.doGet(AbstractCacheInvoker.java:96)
		at org.springframework.cache.interceptor.CacheAspectSupport.executeSynchronized(CacheAspectSupport.java:489)
		at org.springframework.cache.interceptor.CacheAspectSupport.execute(CacheAspectSupport.java:432)
		at org.springframework.cache.interceptor.CacheAspectSupport.execute(CacheAspectSupport.java:406)
		at org.springframework.cache.interceptor.CacheInterceptor.invoke(CacheInterceptor.java:64)
		at org.springframework.aop.framework.ReflectiveMethodInvocation.proceed(ReflectiveMethodInvocation.java:179)
		at org.springframework.aop.framework.CglibAopProxy$DynamicAdvisedInterceptor.intercept(CglibAopProxy.java:719)
		at com.acleda.training.studentmanagement.features.external.ExternalDataServiceImpl$$SpringCGLIB$$0.getPost(<generated>)
		at com.acleda.training.studentmanagement.features.external.ExternalDataController.getPost(ExternalDataController.java:168)
		at java.base/jdk.internal.reflect.DirectMethodHandleAccessor.invoke(DirectMethodHandleAccessor.java:104)
		at java.base/java.lang.reflect.Method.invoke(Method.java:565)
		at org.springframework.web.method.support.InvocableHandlerMethod.doInvoke(InvocableHandlerMethod.java:252)
		at org.springframework.web.method.support.InvocableHandlerMethod.invokeForRequest(InvocableHandlerMethod.java:184)
		at org.springframework.web.servlet.mvc.method.annotation.ServletInvocableHandlerMethod.invokeAndHandle(ServletInvocableHandlerMethod.java:117)
		at org.springframework.web.servlet.mvc.method.annotation.RequestMappingHandlerAdapter.invokeHandlerMethod(RequestMappingHandlerAdapter.java:934)
		at org.springframework.web.servlet.mvc.method.annotation.RequestMappingHandlerAdapter.handleInternal(RequestMappingHandlerAdapter.java:853)
		at org.springframework.web.servlet.mvc.method.AbstractHandlerMethodAdapter.handle(AbstractHandlerMethodAdapter.java:86)
		at org.springframework.web.servlet.DispatcherServlet.doDispatch(DispatcherServlet.java:963)
		at org.springframework.web.servlet.DispatcherServlet.doService(DispatcherServlet.java:866)
		at org.springframework.web.servlet.FrameworkServlet.processRequest(FrameworkServlet.java:1000)
		at org.springframework.web.servlet.FrameworkServlet.doGet(FrameworkServlet.java:892)
		at jakarta.servlet.http.HttpServlet.service(HttpServlet.java:622)
		at org.springframework.web.servlet.FrameworkServlet.service(FrameworkServlet.java:874)
		at jakarta.servlet.http.HttpServlet.service(HttpServlet.java:710)
		at org.apache.catalina.core.ApplicationFilterChain.doFilter(ApplicationFilterChain.java:128)
		at org.apache.tomcat.websocket.server.WsFilter.doFilter(WsFilter.java:53)
		at org.apache.catalina.core.ApplicationFilterChain.doFilter(ApplicationFilterChain.java:107)
		at com.acleda.training.studentmanagement.logging.RequestIdFilter.doFilterInternal(RequestIdFilter.java:40)
		at org.springframework.web.filter.OncePerRequestFilter.doFilter(OncePerRequestFilter.java:116)
		at org.apache.catalina.core.ApplicationFilterChain.doFilter(ApplicationFilterChain.java:107)
		at org.springframework.web.filter.OncePerRequestFilter.doFilter(OncePerRequestFilter.java:110)
		at org.apache.catalina.core.ApplicationFilterChain.doFilter(ApplicationFilterChain.java:107)
		at org.springframework.web.filter.OncePerRequestFilter.doFilter(OncePerRequestFilter.java:101)
		at org.apache.catalina.core.ApplicationFilterChain.doFilter(ApplicationFilterChain.java:107)
		at org.springframework.web.filter.CompositeFilter$VirtualFilterChain.doFilter(CompositeFilter.java:108)
		at org.springframework.security.web.FilterChainProxy.lambda$doFilterInternal$2(FilterChainProxy.java:235)
		at org.springframework.security.web.ObservationFilterChainDecorator$FilterObservation$SimpleFilterObservation.lambda$wrap$1(ObservationFilterChainDecorator.java:491)
		at org.springframework.security.web.ObservationFilterChainDecorator$AroundFilterObservation$SimpleAroundFilterObservation.lambda$wrap$1(ObservationFilterChainDecorator.java:353)
		at org.springframework.security.web.ObservationFilterChainDecorator.lambda$wrapSecured$0(ObservationFilterChainDecorator.java:84)
		at org.springframework.security.web.ObservationFilterChainDecorator$VirtualFilterChain.doFilter(ObservationFilterChainDecorator.java:131)
		at org.springframework.security.web.access.intercept.AuthorizationFilter.doFilter(AuthorizationFilter.java:101)
		at org.springframework.security.web.ObservationFilterChainDecorator$ObservationFilter.wrapFilter(ObservationFilterChainDecorator.java:243)
		at org.springframework.security.web.ObservationFilterChainDecorator$ObservationFilter.doFilter(ObservationFilterChainDecorator.java:230)
		at org.springframework.security.web.ObservationFilterChainDecorator$VirtualFilterChain.doFilter(ObservationFilterChainDecorator.java:140)
		at org.springframework.security.web.access.ExceptionTranslationFilter.doFilter(ExceptionTranslationFilter.java:126)
		at org.springframework.security.web.access.ExceptionTranslationFilter.doFilter(ExceptionTranslationFilter.java:120)
		at org.springframework.security.web.ObservationFilterChainDecorator$ObservationFilter.wrapFilter(ObservationFilterChainDecorator.java:243)
		at org.springframework.security.web.ObservationFilterChainDecorator$ObservationFilter.doFilter(ObservationFilterChainDecorator.java:230)
		at org.springframework.security.web.ObservationFilterChainDecorator$VirtualFilterChain.doFilter(ObservationFilterChainDecorator.java:140)
		at org.springframework.security.web.session.SessionManagementFilter.doFilter(SessionManagementFilter.java:132)
		at org.springframework.security.web.session.SessionManagementFilter.doFilter(SessionManagementFilter.java:86)
		at org.springframework.security.web.ObservationFilterChainDecorator$ObservationFilter.wrapFilter(ObservationFilterChainDecorator.java:243)
		at org.springframework.security.web.ObservationFilterChainDecorator$ObservationFilter.doFilter(ObservationFilterChainDecorator.java:230)
		at org.springframework.security.web.ObservationFilterChainDecorator$VirtualFilterChain.doFilter(ObservationFilterChainDecorator.java:140)
		at org.springframework.security.web.authentication.AnonymousAuthenticationFilter.doFilter(AnonymousAuthenticationFilter.java:100)
		at org.springframework.security.web.ObservationFilterChainDecorator$ObservationFilter.wrapFilter(ObservationFilterChainDecorator.java:243)
		at org.springframework.security.web.ObservationFilterChainDecorator$ObservationFilter.doFilter(ObservationFilterChainDecorator.java:230)
		at org.springframework.security.web.ObservationFilterChainDecorator$VirtualFilterChain.doFilter(ObservationFilterChainDecorator.java:140)
		at org.springframework.security.web.servletapi.SecurityContextHolderAwareRequestFilter.doFilter(SecurityContextHolderAwareRequestFilter.java:181)
		at org.springframework.security.web.ObservationFilterChainDecorator$ObservationFilter.wrapFilter(ObservationFilterChainDecorator.java:243)
		at org.springframework.security.web.ObservationFilterChainDecorator$ObservationFilter.doFilter(ObservationFilterChainDecorator.java:230)
		at org.springframework.security.web.ObservationFilterChainDecorator$VirtualFilterChain.doFilter(ObservationFilterChainDecorator.java:140)
		at org.springframework.security.web.savedrequest.RequestCacheAwareFilter.doFilter(RequestCacheAwareFilter.java:63)
		at org.springframework.security.web.ObservationFilterChainDecorator$ObservationFilter.wrapFilter(ObservationFilterChainDecorator.java:243)
		at org.springframework.security.web.ObservationFilterChainDecorator$ObservationFilter.doFilter(ObservationFilterChainDecorator.java:230)
		at org.springframework.security.web.ObservationFilterChainDecorator$VirtualFilterChain.doFilter(ObservationFilterChainDecorator.java:140)
		at com.acleda.training.studentmanagement.features.auth.JwtAuthenticationFilter.doFilterInternal(JwtAuthenticationFilter.java:91)
		at org.springframework.web.filter.OncePerRequestFilter.doFilter(OncePerRequestFilter.java:116)
		at org.springframework.security.web.ObservationFilterChainDecorator$ObservationFilter.wrapFilter(ObservationFilterChainDecorator.java:243)
		at org.springframework.security.web.ObservationFilterChainDecorator$ObservationFilter.doFilter(ObservationFilterChainDecorator.java:230)
		at org.springframework.security.web.ObservationFilterChainDecorator$VirtualFilterChain.doFilter(ObservationFilterChainDecorator.java:140)
		at org.springframework.security.web.header.HeaderWriterFilter.doHeadersAfter(HeaderWriterFilter.java:90)
		at org.springframework.security.web.header.HeaderWriterFilter.doFilterInternal(HeaderWriterFilter.java:75)
		at org.springframework.web.filter.OncePerRequestFilter.doFilter(OncePerRequestFilter.java:116)
		at org.springframework.security.web.ObservationFilterChainDecorator$ObservationFilter.wrapFilter(ObservationFilterChainDecorator.java:243)
		at org.springframework.security.web.ObservationFilterChainDecorator$ObservationFilter.doFilter(ObservationFilterChainDecorator.java:230)
		at org.springframework.security.web.ObservationFilterChainDecorator$VirtualFilterChain.doFilter(ObservationFilterChainDecorator.java:140)
		at org.springframework.security.web.context.SecurityContextHolderFilter.doFilter(SecurityContextHolderFilter.java:82)
		at org.springframework.security.web.context.SecurityContextHolderFilter.doFilter(SecurityContextHolderFilter.java:69)
		at org.springframework.security.web.ObservationFilterChainDecorator$ObservationFilter.wrapFilter(ObservationFilterChainDecorator.java:243)
		at org.springframework.security.web.ObservationFilterChainDecorator$ObservationFilter.doFilter(ObservationFilterChainDecorator.java:230)
		at org.springframework.security.web.ObservationFilterChainDecorator$VirtualFilterChain.doFilter(ObservationFilterChainDecorator.java:140)
		at org.springframework.security.web.context.request.async.WebAsyncManagerIntegrationFilter.doFilterInternal(WebAsyncManagerIntegrationFilter.java:62)
		at org.springframework.web.filter.OncePerRequestFilter.doFilter(OncePerRequestFilter.java:116)
		at org.springframework.security.web.ObservationFilterChainDecorator$ObservationFilter.wrapFilter(ObservationFilterChainDecorator.java:243)
		at org.springframework.security.web.ObservationFilterChainDecorator$ObservationFilter.doFilter(ObservationFilterChainDecorator.java:230)
		at org.springframework.security.web.ObservationFilterChainDecorator$VirtualFilterChain.doFilter(ObservationFilterChainDecorator.java:140)
		at org.springframework.security.web.session.DisableEncodeUrlFilter.doFilterInternal(DisableEncodeUrlFilter.java:42)
		at org.springframework.web.filter.OncePerRequestFilter.doFilter(OncePerRequestFilter.java:116)
		at org.springframework.security.web.ObservationFilterChainDecorator$ObservationFilter.wrapFilter(ObservationFilterChainDecorator.java:243)
		at org.springframework.security.web.ObservationFilterChainDecorator$AroundFilterObservation$SimpleAroundFilterObservation.lambda$wrap$0(ObservationFilterChainDecorator.java:336)
		at org.springframework.security.web.ObservationFilterChainDecorator$ObservationFilter.doFilter(ObservationFilterChainDecorator.java:227)
		at org.springframework.security.web.ObservationFilterChainDecorator$VirtualFilterChain.doFilter(ObservationFilterChainDecorator.java:140)
		at org.springframework.security.web.FilterChainProxy.doFilterInternal(FilterChainProxy.java:237)
		at org.springframework.security.web.FilterChainProxy.doFilter(FilterChainProxy.java:195)
		at org.springframework.web.filter.CompositeFilter$VirtualFilterChain.doFilter(CompositeFilter.java:113)
		at org.springframework.web.filter.ServletRequestPathFilter.doFilter(ServletRequestPathFilter.java:52)
		at org.springframework.web.filter.CompositeFilter$VirtualFilterChain.doFilter(CompositeFilter.java:113)
		at org.springframework.web.filter.CompositeFilter.doFilter(CompositeFilter.java:74)
		at org.springframework.security.config.annotation.web.configuration.WebSecurityConfiguration$CompositeFilterChainProxy.doFilter(WebSecurityConfiguration.java:317)
		at org.springframework.web.filter.DelegatingFilterProxy.invokeDelegate(DelegatingFilterProxy.java:355)
		at org.springframework.web.filter.DelegatingFilterProxy.doFilter(DelegatingFilterProxy.java:272)
		at org.apache.catalina.core.ApplicationFilterChain.doFilter(ApplicationFilterChain.java:107)
		at org.springframework.web.filter.RequestContextFilter.doFilterInternal(RequestContextFilter.java:100)
		at org.springframework.web.filter.OncePerRequestFilter.doFilter(OncePerRequestFilter.java:116)
		at org.apache.catalina.core.ApplicationFilterChain.doFilter(ApplicationFilterChain.java:107)
		at org.springframework.web.filter.FormContentFilter.doFilterInternal(FormContentFilter.java:93)
		at org.springframework.web.filter.OncePerRequestFilter.doFilter(OncePerRequestFilter.java:116)
		at org.apache.catalina.core.ApplicationFilterChain.doFilter(ApplicationFilterChain.java:107)
		at org.springframework.web.filter.ServerHttpObservationFilter.doFilterInternal(ServerHttpObservationFilter.java:110)
		at org.springframework.web.filter.OncePerRequestFilter.doFilter(OncePerRequestFilter.java:116)
		at org.apache.catalina.core.ApplicationFilterChain.doFilter(ApplicationFilterChain.java:107)
		at org.springframework.web.filter.CharacterEncodingFilter.doFilterInternal(CharacterEncodingFilter.java:199)
		at org.springframework.web.filter.OncePerRequestFilter.doFilter(OncePerRequestFilter.java:116)
		at org.apache.catalina.core.ApplicationFilterChain.doFilter(ApplicationFilterChain.java:107)
		at org.apache.catalina.core.StandardWrapperValve.invoke(StandardWrapperValve.java:165)
		at org.apache.catalina.core.StandardContextValve.invoke(StandardContextValve.java:77)
		at org.apache.catalina.authenticator.AuthenticatorBase.invoke(AuthenticatorBase.java:492)
		at org.apache.catalina.core.StandardHostValve.invoke(StandardHostValve.java:113)
		at org.apache.catalina.valves.ErrorReportValve.invoke(ErrorReportValve.java:83)
		at org.apache.catalina.core.StandardEngineValve.invoke(StandardEngineValve.java:72)
		at org.apache.catalina.connector.CoyoteAdapter.service(CoyoteAdapter.java:341)
		at org.apache.coyote.http11.Http11Processor.service(Http11Processor.java:397)
		at org.apache.coyote.AbstractProcessorLight.process(AbstractProcessorLight.java:63)
		at org.apache.coyote.AbstractProtocol$ConnectionHandler.process(AbstractProtocol.java:1272)
		at org.apache.tomcat.util.net.NioEndpoint$SocketProcessor.doRun(NioEndpoint.java:1801)
		at org.apache.tomcat.util.net.SocketProcessorBase.run(SocketProcessorBase.java:52)
		at org.apache.tomcat.util.threads.ThreadPoolExecutor.runWorker(ThreadPoolExecutor.java:946)
		at org.apache.tomcat.util.threads.ThreadPoolExecutor$Worker.run(ThreadPoolExecutor.java:480)
		at org.apache.tomcat.util.threads.TaskThread$WrappingRunnable.run(TaskThread.java:57)
		at java.base/java.lang.Thread.run(Thread.java:1474)
2026-08-17 15:01:24.732 INFO  [02ef72f7-bd54-4c16-9f54-4c31ac0719f4] [http-nio-8080-exec-9] c.a.t.s.l.RequestLoggingInterceptor - API RESPONSE | Method: GET | URI: /api/v1/externals/posts/101 | Status: 502 | Duration: 108ms
2026-08-17 15:37:49.657 INFO  [NO-REQUEST] [SpringApplicationShutdownHook] o.s.boot.tomcat.GracefulShutdown - Commencing graceful shutdown. Waiting for active requests to complete
2026-08-17 15:37:49.665 INFO  [NO-REQUEST] [tomcat-shutdown] o.s.boot.tomcat.GracefulShutdown - Graceful shutdown complete
2026-08-17 15:37:51.701 INFO  [NO-REQUEST] [SpringApplicationShutdownHook] o.s.o.j.LocalContainerEntityManagerFactoryBean - Closing JPA EntityManagerFactory for persistence unit 'default'
2026-08-17 15:37:51.703 INFO  [NO-REQUEST] [SpringApplicationShutdownHook] com.zaxxer.hikari.HikariDataSource - HikariPool-1 - Shutdown initiated...
2026-08-17 15:37:51.704 INFO  [NO-REQUEST] [SpringApplicationShutdownHook] com.zaxxer.hikari.HikariDataSource - HikariPool-1 - Shutdown completed.
2026-08-17 15:37:54.094 INFO  [NO-REQUEST] [main] c.a.t.s.StudentManagementApiApplication - Starting StudentManagementApiApplication using Java 25.0.4 with PID 32896 (D:\student-management-api\build\classes\java\main started by USER in D:\student-management-api)
2026-08-17 15:37:54.096 INFO  [NO-REQUEST] [main] c.a.t.s.StudentManagementApiApplication - No active profile set, falling back to 1 default profile: "default"
2026-08-17 15:37:54.985 INFO  [NO-REQUEST] [main] o.s.d.r.c.RepositoryConfigurationDelegate - Multiple Spring Data modules found, entering strict repository configuration mode
2026-08-17 15:37:54.986 INFO  [NO-REQUEST] [main] o.s.d.r.c.RepositoryConfigurationDelegate - Bootstrapping Spring Data JPA repositories in DEFAULT mode.
2026-08-17 15:37:55.111 INFO  [NO-REQUEST] [main] o.s.d.r.c.RepositoryConfigurationDelegate - Finished Spring Data repository scanning in 117 ms. Found 7 JPA repository interfaces.
2026-08-17 15:37:55.123 INFO  [NO-REQUEST] [main] o.s.d.r.c.RepositoryConfigurationDelegate - Multiple Spring Data modules found, entering strict repository configuration mode
2026-08-17 15:37:55.124 INFO  [NO-REQUEST] [main] o.s.d.r.c.RepositoryConfigurationDelegate - Bootstrapping Spring Data Redis repositories in DEFAULT mode.
2026-08-17 15:37:55.139 INFO  [NO-REQUEST] [main] o.s.d.r.c.RepositoryConfigurationExtensionSupport - Spring Data Redis - Could not safely identify store assignment for repository candidate interface com.acleda.training.studentmanagement.features.auth.AppUserRepository; If you want this repository to be a Redis repository, consider annotating your entities with one of these annotations: org.springframework.data.redis.core.RedisHash (preferred), or consider extending one of the following types with your repository: org.springframework.data.keyvalue.repository.KeyValueRepository
2026-08-17 15:37:55.139 INFO  [NO-REQUEST] [main] o.s.d.r.c.RepositoryConfigurationExtensionSupport - Spring Data Redis - Could not safely identify store assignment for repository candidate interface com.acleda.training.studentmanagement.features.course.CourseRepository; If you want this repository to be a Redis repository, consider annotating your entities with one of these annotations: org.springframework.data.redis.core.RedisHash (preferred), or consider extending one of the following types with your repository: org.springframework.data.keyvalue.repository.KeyValueRepository
2026-08-17 15:37:55.139 INFO  [NO-REQUEST] [main] o.s.d.r.c.RepositoryConfigurationExtensionSupport - Spring Data Redis - Could not safely identify store assignment for repository candidate interface com.acleda.training.studentmanagement.features.course.offering.CourseOfferingRepository; If you want this repository to be a Redis repository, consider annotating your entities with one of these annotations: org.springframework.data.redis.core.RedisHash (preferred), or consider extending one of the following types with your repository: org.springframework.data.keyvalue.repository.KeyValueRepository
2026-08-17 15:37:55.140 INFO  [NO-REQUEST] [main] o.s.d.r.c.RepositoryConfigurationExtensionSupport - Spring Data Redis - Could not safely identify store assignment for repository candidate interface com.acleda.training.studentmanagement.features.department.DepartmentRepository; If you want this repository to be a Redis repository, consider annotating your entities with one of these annotations: org.springframework.data.redis.core.RedisHash (preferred), or consider extending one of the following types with your repository: org.springframework.data.keyvalue.repository.KeyValueRepository
2026-08-17 15:37:55.140 INFO  [NO-REQUEST] [main] o.s.d.r.c.RepositoryConfigurationExtensionSupport - Spring Data Redis - Could not safely identify store assignment for repository candidate interface com.acleda.training.studentmanagement.features.enrollment.EnrollmentRepository; If you want this repository to be a Redis repository, consider annotating your entities with one of these annotations: org.springframework.data.redis.core.RedisHash (preferred), or consider extending one of the following types with your repository: org.springframework.data.keyvalue.repository.KeyValueRepository
2026-08-17 15:37:55.140 INFO  [NO-REQUEST] [main] o.s.d.r.c.RepositoryConfigurationExtensionSupport - Spring Data Redis - Could not safely identify store assignment for repository candidate interface com.acleda.training.studentmanagement.features.instructor.InstructorRepository; If you want this repository to be a Redis repository, consider annotating your entities with one of these annotations: org.springframework.data.redis.core.RedisHash (preferred), or consider extending one of the following types with your repository: org.springframework.data.keyvalue.repository.KeyValueRepository
2026-08-17 15:37:55.140 INFO  [NO-REQUEST] [main] o.s.d.r.c.RepositoryConfigurationExtensionSupport - Spring Data Redis - Could not safely identify store assignment for repository candidate interface com.acleda.training.studentmanagement.features.student.StudentRepository; If you want this repository to be a Redis repository, consider annotating your entities with one of these annotations: org.springframework.data.redis.core.RedisHash (preferred), or consider extending one of the following types with your repository: org.springframework.data.keyvalue.repository.KeyValueRepository
2026-08-17 15:37:55.140 INFO  [NO-REQUEST] [main] o.s.d.r.c.RepositoryConfigurationDelegate - Finished Spring Data repository scanning in 9 ms. Found 0 Redis repository interfaces.
2026-08-17 15:37:55.607 INFO  [NO-REQUEST] [main] o.s.boot.tomcat.TomcatWebServer - Tomcat initialized with port 8080 (http)
2026-08-17 15:37:55.619 INFO  [NO-REQUEST] [main] o.a.catalina.core.StandardService - Starting service [Tomcat]
2026-08-17 15:37:55.619 INFO  [NO-REQUEST] [main] o.a.catalina.core.StandardEngine - Starting Servlet engine: [Apache Tomcat/11.0.22]
2026-08-17 15:37:55.680 INFO  [NO-REQUEST] [main] o.s.b.w.c.s.WebApplicationContextInitializer - Root WebApplicationContext: initialization completed in 1551 ms
2026-08-17 15:37:55.935 INFO  [NO-REQUEST] [main] org.hibernate.orm.jpa - HHH008540: Processing PersistenceUnitInfo [name: default]
2026-08-17 15:37:55.972 INFO  [NO-REQUEST] [main] org.hibernate.orm.core - HHH000001: Hibernate ORM core version 7.4.1.Final
2026-08-17 15:37:56.294 INFO  [NO-REQUEST] [main] o.s.o.j.p.SpringPersistenceUnitInfo - No LoadTimeWeaver setup: ignoring JPA class transformer
2026-08-17 15:37:56.318 INFO  [NO-REQUEST] [main] com.zaxxer.hikari.HikariDataSource - HikariPool-1 - Starting...
2026-08-17 15:37:56.440 INFO  [NO-REQUEST] [main] com.zaxxer.hikari.pool.HikariPool - HikariPool-1 - Added connection org.postgresql.jdbc.PgConnection@5382a35f
2026-08-17 15:37:56.441 INFO  [NO-REQUEST] [main] com.zaxxer.hikari.HikariDataSource - HikariPool-1 - Start completed.
2026-08-17 15:37:56.493 INFO  [NO-REQUEST] [main] o.hibernate.orm.connections.pooling - HHH10001005: Database info:
	Database JDBC URL [jdbc:postgresql://localhost:5432/student_management_db]
	Database driver: PostgreSQL JDBC Driver
	Database dialect: PostgreSQLDialect
	Database version: 18.4
	Default catalog/schema: student_management_db/public
	Autocommit mode: undefined/unknown
	Isolation level: READ_COMMITTED [default READ_COMMITTED]
	JDBC fetch size: none
	Pool: DataSourceConnectionProvider
	Minimum pool size: undefined/unknown
	Maximum pool size: undefined/unknown
2026-08-17 15:37:57.251 INFO  [NO-REQUEST] [main] org.hibernate.orm.core - HHH000489: No JTA platform available (set 'hibernate.transaction.jta.platform' to enable JTA platform integration)
2026-08-17 15:37:57.333 INFO  [NO-REQUEST] [main] o.s.o.j.LocalContainerEntityManagerFactoryBean - Initialized JPA EntityManagerFactory for persistence unit 'default'
2026-08-17 15:37:57.383 INFO  [NO-REQUEST] [main] o.s.d.j.r.q.QueryEnhancerFactories - Hibernate is in classpath; If applicable, HQL parser will be used.
2026-08-17 15:37:57.491 TRACE [NO-REQUEST] [main] o.s.t.a.AnnotationTransactionAttributeSource - Adding transactional method 'com.acleda.training.studentmanagement.features.auth.CustomUserDetailsService.loadUserByUsername' with attribute: PROPAGATION_REQUIRED,ISOLATION_DEFAULT,readOnly
2026-08-17 15:37:57.806 INFO  [NO-REQUEST] [main] o.s.s.c.a.a.c.InitializeAuthenticationProviderBeanManagerConfigurer$InitializeAuthenticationProviderManagerConfigurer - Global AuthenticationManager configured with AuthenticationProvider bean with name authenticationProvider
2026-08-17 15:37:57.806 WARN  [NO-REQUEST] [main] o.s.s.c.a.a.c.InitializeUserDetailsBeanManagerConfigurer$InitializeUserDetailsManagerConfigurer - Global AuthenticationManager configured with an AuthenticationProvider bean. UserDetailsService beans will not be used by Spring Security for automatically configuring username/password login. Consider removing the AuthenticationProvider bean. Alternatively, consider using the UserDetailsService in a manually instantiated DaoAuthenticationProvider. If the current configuration is intentional, to turn off this warning, increase the logging level of 'org.springframework.security.config.annotation.authentication.configuration.InitializeUserDetailsBeanManagerConfigurer' to ERROR
2026-08-17 15:37:57.811 TRACE [NO-REQUEST] [main] o.s.t.a.AnnotationTransactionAttributeSource - Adding transactional method 'com.acleda.training.studentmanagement.features.auth.AuthService.register' with attribute: PROPAGATION_REQUIRED,ISOLATION_DEFAULT
2026-08-17 15:37:57.812 TRACE [NO-REQUEST] [main] o.s.t.a.AnnotationTransactionAttributeSource - Adding transactional method 'com.acleda.training.studentmanagement.features.auth.AuthService.refreshToken' with attribute: PROPAGATION_REQUIRED,ISOLATION_DEFAULT,readOnly
2026-08-17 15:37:57.812 TRACE [NO-REQUEST] [main] o.s.t.a.AnnotationTransactionAttributeSource - Adding transactional method 'com.acleda.training.studentmanagement.features.auth.AuthService.login' with attribute: PROPAGATION_REQUIRED,ISOLATION_DEFAULT,readOnly
2026-08-17 15:37:58.607 TRACE [NO-REQUEST] [main] o.s.t.a.AnnotationTransactionAttributeSource - Adding transactional method 'com.acleda.training.studentmanagement.features.course.CourseServiceImpl.getCourses' with attribute: PROPAGATION_REQUIRED,ISOLATION_DEFAULT,readOnly
2026-08-17 15:37:58.608 TRACE [NO-REQUEST] [main] o.s.t.a.AnnotationTransactionAttributeSource - Adding transactional method 'com.acleda.training.studentmanagement.features.course.CourseServiceImpl.deleteCourse' with attribute: PROPAGATION_REQUIRED,ISOLATION_DEFAULT
2026-08-17 15:37:58.608 TRACE [NO-REQUEST] [main] o.s.t.a.AnnotationTransactionAttributeSource - Adding transactional method 'com.acleda.training.studentmanagement.features.course.CourseServiceImpl.getCourseById' with attribute: PROPAGATION_REQUIRED,ISOLATION_DEFAULT,readOnly
2026-08-17 15:37:58.609 TRACE [NO-REQUEST] [main] o.s.t.a.AnnotationTransactionAttributeSource - Adding transactional method 'com.acleda.training.studentmanagement.features.course.CourseServiceImpl.updateCourse' with attribute: PROPAGATION_REQUIRED,ISOLATION_DEFAULT
2026-08-17 15:37:58.609 TRACE [NO-REQUEST] [main] o.s.t.a.AnnotationTransactionAttributeSource - Adding transactional method 'com.acleda.training.studentmanagement.features.course.CourseServiceImpl.createCourse' with attribute: PROPAGATION_REQUIRED,ISOLATION_DEFAULT
2026-08-17 15:37:58.795 TRACE [NO-REQUEST] [main] o.s.t.a.AnnotationTransactionAttributeSource - Adding transactional method 'com.acleda.training.studentmanagement.features.course.offering.CourseOfferingServiceImpl.getCourseOfferings' with attribute: PROPAGATION_REQUIRED,ISOLATION_DEFAULT,readOnly
2026-08-17 15:37:58.796 TRACE [NO-REQUEST] [main] o.s.t.a.AnnotationTransactionAttributeSource - Adding transactional method 'com.acleda.training.studentmanagement.features.course.offering.CourseOfferingServiceImpl.getCourseOfferingById' with attribute: PROPAGATION_REQUIRED,ISOLATION_DEFAULT,readOnly
2026-08-17 15:37:58.796 TRACE [NO-REQUEST] [main] o.s.t.a.AnnotationTransactionAttributeSource - Adding transactional method 'com.acleda.training.studentmanagement.features.course.offering.CourseOfferingServiceImpl.deleteCourseOffering' with attribute: PROPAGATION_REQUIRED,ISOLATION_DEFAULT
2026-08-17 15:37:58.796 TRACE [NO-REQUEST] [main] o.s.t.a.AnnotationTransactionAttributeSource - Adding transactional method 'com.acleda.training.studentmanagement.features.course.offering.CourseOfferingServiceImpl.createCourseOffering' with attribute: PROPAGATION_REQUIRED,ISOLATION_DEFAULT
2026-08-17 15:37:58.796 TRACE [NO-REQUEST] [main] o.s.t.a.AnnotationTransactionAttributeSource - Adding transactional method 'com.acleda.training.studentmanagement.features.course.offering.CourseOfferingServiceImpl.updateCourseOffering' with attribute: PROPAGATION_REQUIRED,ISOLATION_DEFAULT
2026-08-17 15:37:58.804 TRACE [NO-REQUEST] [main] o.s.t.a.AnnotationTransactionAttributeSource - Adding transactional method 'com.acleda.training.studentmanagement.features.department.DepartmentServiceImpl.findDepartment' with attribute: PROPAGATION_REQUIRED,ISOLATION_DEFAULT
2026-08-17 15:37:58.804 TRACE [NO-REQUEST] [main] o.s.t.a.AnnotationTransactionAttributeSource - Adding transactional method 'com.acleda.training.studentmanagement.features.department.DepartmentServiceImpl.updateDepartment' with attribute: PROPAGATION_REQUIRED,ISOLATION_DEFAULT
2026-08-17 15:37:58.805 TRACE [NO-REQUEST] [main] o.s.t.a.AnnotationTransactionAttributeSource - Adding transactional method 'com.acleda.training.studentmanagement.features.department.DepartmentServiceImpl.deleteDepartment' with attribute: PROPAGATION_REQUIRED,ISOLATION_DEFAULT
2026-08-17 15:37:58.805 TRACE [NO-REQUEST] [main] o.s.t.a.AnnotationTransactionAttributeSource - Adding transactional method 'com.acleda.training.studentmanagement.features.department.DepartmentServiceImpl.createDepartment' with attribute: PROPAGATION_REQUIRED,ISOLATION_DEFAULT
2026-08-17 15:37:58.805 TRACE [NO-REQUEST] [main] o.s.t.a.AnnotationTransactionAttributeSource - Adding transactional method 'com.acleda.training.studentmanagement.features.department.DepartmentServiceImpl.getDepartments' with attribute: PROPAGATION_REQUIRED,ISOLATION_DEFAULT,readOnly
2026-08-17 15:37:58.805 TRACE [NO-REQUEST] [main] o.s.t.a.AnnotationTransactionAttributeSource - Adding transactional method 'com.acleda.training.studentmanagement.features.department.DepartmentServiceImpl.getDepartmentById' with attribute: PROPAGATION_REQUIRED,ISOLATION_DEFAULT,readOnly
2026-08-17 15:37:58.805 TRACE [NO-REQUEST] [main] o.s.t.a.AnnotationTransactionAttributeSource - Adding transactional method 'com.acleda.training.studentmanagement.features.department.DepartmentServiceImpl.updateDepartmentStatus' with attribute: PROPAGATION_REQUIRED,ISOLATION_DEFAULT
2026-08-17 15:37:58.881 TRACE [NO-REQUEST] [main] o.s.t.a.AnnotationTransactionAttributeSource - Adding transactional method 'com.acleda.training.studentmanagement.features.enrollment.EnrollmentServiceImpl.createEnrollment' with attribute: PROPAGATION_REQUIRED,ISOLATION_DEFAULT
2026-08-17 15:37:58.881 TRACE [NO-REQUEST] [main] o.s.t.a.AnnotationTransactionAttributeSource - Adding transactional method 'com.acleda.training.studentmanagement.features.enrollment.EnrollmentServiceImpl.getEnrollmentById' with attribute: PROPAGATION_REQUIRED,ISOLATION_DEFAULT,readOnly
2026-08-17 15:37:58.881 TRACE [NO-REQUEST] [main] o.s.t.a.AnnotationTransactionAttributeSource - Adding transactional method 'com.acleda.training.studentmanagement.features.enrollment.EnrollmentServiceImpl.updateEnrollment' with attribute: PROPAGATION_REQUIRED,ISOLATION_DEFAULT
2026-08-17 15:37:58.882 TRACE [NO-REQUEST] [main] o.s.t.a.AnnotationTransactionAttributeSource - Adding transactional method 'com.acleda.training.studentmanagement.features.enrollment.EnrollmentServiceImpl.deleteEnrollment' with attribute: PROPAGATION_REQUIRED,ISOLATION_DEFAULT
2026-08-17 15:37:58.882 TRACE [NO-REQUEST] [main] o.s.t.a.AnnotationTransactionAttributeSource - Adding transactional method 'com.acleda.training.studentmanagement.features.enrollment.EnrollmentServiceImpl.getEnrollments' with attribute: PROPAGATION_REQUIRED,ISOLATION_DEFAULT,readOnly
2026-08-17 15:37:58.882 TRACE [NO-REQUEST] [main] o.s.t.a.AnnotationTransactionAttributeSource - Adding transactional method 'com.acleda.training.studentmanagement.features.enrollment.EnrollmentServiceImpl.updateEnrollmentResult' with attribute: PROPAGATION_REQUIRED,ISOLATION_DEFAULT
2026-08-17 15:37:58.882 TRACE [NO-REQUEST] [main] o.s.t.a.AnnotationTransactionAttributeSource - Adding transactional method 'com.acleda.training.studentmanagement.features.enrollment.EnrollmentServiceImpl.testBulkEnrollmentTransaction' with attribute: PROPAGATION_REQUIRED,ISOLATION_DEFAULT
2026-08-17 15:37:59.090 TRACE [NO-REQUEST] [main] o.s.t.a.AnnotationTransactionAttributeSource - Adding transactional method 'com.acleda.training.studentmanagement.features.instructor.InstructorServiceImpl.deleteInstructor' with attribute: PROPAGATION_REQUIRED,ISOLATION_DEFAULT
2026-08-17 15:37:59.091 TRACE [NO-REQUEST] [main] o.s.t.a.AnnotationTransactionAttributeSource - Adding transactional method 'com.acleda.training.studentmanagement.features.instructor.InstructorServiceImpl.updateInstructor' with attribute: PROPAGATION_REQUIRED,ISOLATION_DEFAULT
2026-08-17 15:37:59.091 TRACE [NO-REQUEST] [main] o.s.t.a.AnnotationTransactionAttributeSource - Adding transactional method 'com.acleda.training.studentmanagement.features.instructor.InstructorServiceImpl.getInstructorById' with attribute: PROPAGATION_REQUIRED,ISOLATION_DEFAULT,readOnly
2026-08-17 15:37:59.091 TRACE [NO-REQUEST] [main] o.s.t.a.AnnotationTransactionAttributeSource - Adding transactional method 'com.acleda.training.studentmanagement.features.instructor.InstructorServiceImpl.getInstructors' with attribute: PROPAGATION_REQUIRED,ISOLATION_DEFAULT,readOnly
2026-08-17 15:37:59.091 TRACE [NO-REQUEST] [main] o.s.t.a.AnnotationTransactionAttributeSource - Adding transactional method 'com.acleda.training.studentmanagement.features.instructor.InstructorServiceImpl.createInstructor' with attribute: PROPAGATION_REQUIRED,ISOLATION_DEFAULT
2026-08-17 15:37:59.097 TRACE [NO-REQUEST] [main] o.s.t.a.AnnotationTransactionAttributeSource - Adding transactional method 'com.acleda.training.studentmanagement.features.student.StudentServiceImpl.getStudents' with attribute: PROPAGATION_REQUIRED,ISOLATION_DEFAULT,readOnly
2026-08-17 15:37:59.098 TRACE [NO-REQUEST] [main] o.s.t.a.AnnotationTransactionAttributeSource - Adding transactional method 'com.acleda.training.studentmanagement.features.student.StudentServiceImpl.getStudentById' with attribute: PROPAGATION_REQUIRED,ISOLATION_DEFAULT,readOnly
2026-08-17 15:37:59.098 TRACE [NO-REQUEST] [main] o.s.t.a.AnnotationTransactionAttributeSource - Adding transactional method 'com.acleda.training.studentmanagement.features.student.StudentServiceImpl.deleteStudent' with attribute: PROPAGATION_REQUIRED,ISOLATION_DEFAULT
2026-08-17 15:37:59.098 TRACE [NO-REQUEST] [main] o.s.t.a.AnnotationTransactionAttributeSource - Adding transactional method 'com.acleda.training.studentmanagement.features.student.StudentServiceImpl.createStudent' with attribute: PROPAGATION_REQUIRED,ISOLATION_DEFAULT
2026-08-17 15:37:59.098 TRACE [NO-REQUEST] [main] o.s.t.a.AnnotationTransactionAttributeSource - Adding transactional method 'com.acleda.training.studentmanagement.features.student.StudentServiceImpl.updateStudent' with attribute: PROPAGATION_REQUIRED,ISOLATION_DEFAULT
2026-08-17 15:37:59.826 INFO  [NO-REQUEST] [main] o.s.b.a.e.web.EndpointLinksResolver - Exposing 1 endpoint beneath base path '/actuator'
2026-08-17 15:37:59.887 INFO  [NO-REQUEST] [main] o.s.boot.tomcat.TomcatWebServer - Tomcat started on port 8080 (http) with context path '/'
2026-08-17 15:37:59.895 INFO  [NO-REQUEST] [main] c.a.t.s.StudentManagementApiApplication - Started StudentManagementApiApplication in 6.162 seconds (process running for 6.769)
2026-08-17 15:37:59.901 TRACE [NO-REQUEST] [main] o.s.t.i.TransactionInterceptor - No need to create transaction for [org.springframework.data.jpa.repository.support.SimpleJpaRepository.existsByUsernameIgnoreCase]: This method is not transactional.
2026-08-17 15:37:59.970 DEBUG [NO-REQUEST] [main] org.hibernate.SQL - 
    select
        au1_0.id 
    from
        app_users au1_0 
    where
        upper(au1_0.username)=upper(?) 
    fetch
        first ? rows only
2026-08-17 15:37:59.970 TRACE [NO-REQUEST] [main] org.hibernate.orm.jdbc.bind - binding parameter (1:VARCHAR) <- [admin]
2026-08-17 15:37:59.970 TRACE [NO-REQUEST] [main] org.hibernate.orm.jdbc.bind - binding parameter (2:INTEGER) <- [1]
2026-08-17 15:38:00.316 INFO  [NO-REQUEST] [RMI TCP Connection(2)-192.168.33.1] o.a.c.c.C.[Tomcat].[localhost].[/] - Initializing Spring DispatcherServlet 'dispatcherServlet'
2026-08-17 15:38:00.316 INFO  [NO-REQUEST] [RMI TCP Connection(2)-192.168.33.1] o.s.web.servlet.DispatcherServlet - Initializing Servlet 'dispatcherServlet'
2026-08-17 15:38:00.317 INFO  [NO-REQUEST] [RMI TCP Connection(2)-192.168.33.1] o.s.web.servlet.DispatcherServlet - Completed initialization in 1 ms
2026-08-17 16:44:58.314 INFO  [NO-REQUEST] [SpringApplicationShutdownHook] o.s.boot.tomcat.GracefulShutdown - Commencing graceful shutdown. Waiting for active requests to complete
2026-08-17 16:44:58.325 INFO  [NO-REQUEST] [tomcat-shutdown] o.s.boot.tomcat.GracefulShutdown - Graceful shutdown complete
2026-08-17 16:45:00.375 INFO  [NO-REQUEST] [SpringApplicationShutdownHook] o.s.o.j.LocalContainerEntityManagerFactoryBean - Closing JPA EntityManagerFactory for persistence unit 'default'
2026-08-17 16:45:00.379 INFO  [NO-REQUEST] [SpringApplicationShutdownHook] com.zaxxer.hikari.HikariDataSource - HikariPool-1 - Shutdown initiated...
2026-08-17 16:45:00.381 INFO  [NO-REQUEST] [SpringApplicationShutdownHook] com.zaxxer.hikari.HikariDataSource - HikariPool-1 - Shutdown completed.
