2026-08-18 07:36:51.886 INFO  [NO-REQUEST] [main] c.a.t.s.StudentManagementApiApplication - Starting StudentManagementApiApplication using Java 25.0.4 with PID 17648 (D:\student-management-api\build\classes\java\main started by USER in D:\student-management-api)
2026-08-18 07:36:51.890 INFO  [NO-REQUEST] [main] c.a.t.s.StudentManagementApiApplication - No active profile set, falling back to 1 default profile: "default"
2026-08-18 07:36:53.104 INFO  [NO-REQUEST] [main] o.s.d.r.c.RepositoryConfigurationDelegate - Multiple Spring Data modules found, entering strict repository configuration mode
2026-08-18 07:36:53.105 INFO  [NO-REQUEST] [main] o.s.d.r.c.RepositoryConfigurationDelegate - Bootstrapping Spring Data JPA repositories in DEFAULT mode.
2026-08-18 07:36:53.277 INFO  [NO-REQUEST] [main] o.s.d.r.c.RepositoryConfigurationDelegate - Finished Spring Data repository scanning in 162 ms. Found 7 JPA repository interfaces.
2026-08-18 07:36:53.296 INFO  [NO-REQUEST] [main] o.s.d.r.c.RepositoryConfigurationDelegate - Multiple Spring Data modules found, entering strict repository configuration mode
2026-08-18 07:36:53.297 INFO  [NO-REQUEST] [main] o.s.d.r.c.RepositoryConfigurationDelegate - Bootstrapping Spring Data Redis repositories in DEFAULT mode.
2026-08-18 07:36:53.320 INFO  [NO-REQUEST] [main] o.s.d.r.c.RepositoryConfigurationExtensionSupport - Spring Data Redis - Could not safely identify store assignment for repository candidate interface com.acleda.training.studentmanagement.features.auth.AppUserRepository; If you want this repository to be a Redis repository, consider annotating your entities with one of these annotations: org.springframework.data.redis.core.RedisHash (preferred), or consider extending one of the following types with your repository: org.springframework.data.keyvalue.repository.KeyValueRepository
2026-08-18 07:36:53.320 INFO  [NO-REQUEST] [main] o.s.d.r.c.RepositoryConfigurationExtensionSupport - Spring Data Redis - Could not safely identify store assignment for repository candidate interface com.acleda.training.studentmanagement.features.course.CourseRepository; If you want this repository to be a Redis repository, consider annotating your entities with one of these annotations: org.springframework.data.redis.core.RedisHash (preferred), or consider extending one of the following types with your repository: org.springframework.data.keyvalue.repository.KeyValueRepository
2026-08-18 07:36:53.321 INFO  [NO-REQUEST] [main] o.s.d.r.c.RepositoryConfigurationExtensionSupport - Spring Data Redis - Could not safely identify store assignment for repository candidate interface com.acleda.training.studentmanagement.features.course.offering.CourseOfferingRepository; If you want this repository to be a Redis repository, consider annotating your entities with one of these annotations: org.springframework.data.redis.core.RedisHash (preferred), or consider extending one of the following types with your repository: org.springframework.data.keyvalue.repository.KeyValueRepository
2026-08-18 07:36:53.321 INFO  [NO-REQUEST] [main] o.s.d.r.c.RepositoryConfigurationExtensionSupport - Spring Data Redis - Could not safely identify store assignment for repository candidate interface com.acleda.training.studentmanagement.features.department.DepartmentRepository; If you want this repository to be a Redis repository, consider annotating your entities with one of these annotations: org.springframework.data.redis.core.RedisHash (preferred), or consider extending one of the following types with your repository: org.springframework.data.keyvalue.repository.KeyValueRepository
2026-08-18 07:36:53.321 INFO  [NO-REQUEST] [main] o.s.d.r.c.RepositoryConfigurationExtensionSupport - Spring Data Redis - Could not safely identify store assignment for repository candidate interface com.acleda.training.studentmanagement.features.enrollment.EnrollmentRepository; If you want this repository to be a Redis repository, consider annotating your entities with one of these annotations: org.springframework.data.redis.core.RedisHash (preferred), or consider extending one of the following types with your repository: org.springframework.data.keyvalue.repository.KeyValueRepository
2026-08-18 07:36:53.322 INFO  [NO-REQUEST] [main] o.s.d.r.c.RepositoryConfigurationExtensionSupport - Spring Data Redis - Could not safely identify store assignment for repository candidate interface com.acleda.training.studentmanagement.features.instructor.InstructorRepository; If you want this repository to be a Redis repository, consider annotating your entities with one of these annotations: org.springframework.data.redis.core.RedisHash (preferred), or consider extending one of the following types with your repository: org.springframework.data.keyvalue.repository.KeyValueRepository
2026-08-18 07:36:53.322 INFO  [NO-REQUEST] [main] o.s.d.r.c.RepositoryConfigurationExtensionSupport - Spring Data Redis - Could not safely identify store assignment for repository candidate interface com.acleda.training.studentmanagement.features.student.StudentRepository; If you want this repository to be a Redis repository, consider annotating your entities with one of these annotations: org.springframework.data.redis.core.RedisHash (preferred), or consider extending one of the following types with your repository: org.springframework.data.keyvalue.repository.KeyValueRepository
2026-08-18 07:36:53.322 INFO  [NO-REQUEST] [main] o.s.d.r.c.RepositoryConfigurationDelegate - Finished Spring Data repository scanning in 11 ms. Found 0 Redis repository interfaces.
2026-08-18 07:36:53.873 INFO  [NO-REQUEST] [main] o.s.boot.tomcat.TomcatWebServer - Tomcat initialized with port 8080 (http)
2026-08-18 07:36:53.885 INFO  [NO-REQUEST] [main] o.a.catalina.core.StandardService - Starting service [Tomcat]
2026-08-18 07:36:53.885 INFO  [NO-REQUEST] [main] o.a.catalina.core.StandardEngine - Starting Servlet engine: [Apache Tomcat/11.0.22]
2026-08-18 07:36:53.948 INFO  [NO-REQUEST] [main] o.s.b.w.c.s.WebApplicationContextInitializer - Root WebApplicationContext: initialization completed in 2016 ms
2026-08-18 07:36:54.227 INFO  [NO-REQUEST] [main] org.hibernate.orm.jpa - HHH008540: Processing PersistenceUnitInfo [name: default]
2026-08-18 07:36:54.299 INFO  [NO-REQUEST] [main] org.hibernate.orm.core - HHH000001: Hibernate ORM core version 7.4.1.Final
2026-08-18 07:36:54.719 INFO  [NO-REQUEST] [main] o.s.o.j.p.SpringPersistenceUnitInfo - No LoadTimeWeaver setup: ignoring JPA class transformer
2026-08-18 07:36:54.750 INFO  [NO-REQUEST] [main] com.zaxxer.hikari.HikariDataSource - HikariPool-1 - Starting...
2026-08-18 07:36:54.936 INFO  [NO-REQUEST] [main] com.zaxxer.hikari.pool.HikariPool - HikariPool-1 - Added connection org.postgresql.jdbc.PgConnection@811d8d6
2026-08-18 07:36:54.937 INFO  [NO-REQUEST] [main] com.zaxxer.hikari.HikariDataSource - HikariPool-1 - Start completed.
2026-08-18 07:36:55.025 INFO  [NO-REQUEST] [main] o.hibernate.orm.connections.pooling - HHH10001005: Database info:
	Database JDBC URL [jdbc:postgresql://localhost:5432/student_management_db]
	Database driver: PostgreSQL JDBC Driver
	Database dialect: PostgreSQLDialect
	Database version: 18.4
	Default catalog/schema: student_management_db/public
	Autocommit mode: undefined/unknown
	Isolation level: READ_COMMITTED [default READ_COMMITTED]
	JDBC fetch size: none
	Pool: DataSourceConnectionProvider
	Minimum pool size: undefined/unknown
	Maximum pool size: undefined/unknown
2026-08-18 07:36:55.984 INFO  [NO-REQUEST] [main] org.hibernate.orm.core - HHH000489: No JTA platform available (set 'hibernate.transaction.jta.platform' to enable JTA platform integration)
2026-08-18 07:36:56.135 INFO  [NO-REQUEST] [main] o.s.o.j.LocalContainerEntityManagerFactoryBean - Initialized JPA EntityManagerFactory for persistence unit 'default'
2026-08-18 07:36:56.190 INFO  [NO-REQUEST] [main] o.s.d.j.r.q.QueryEnhancerFactories - Hibernate is in classpath; If applicable, HQL parser will be used.
2026-08-18 07:36:56.339 TRACE [NO-REQUEST] [main] o.s.t.a.AnnotationTransactionAttributeSource - Adding transactional method 'com.acleda.training.studentmanagement.features.auth.CustomUserDetailsService.loadUserByUsername' with attribute: PROPAGATION_REQUIRED,ISOLATION_DEFAULT,readOnly
2026-08-18 07:36:56.774 INFO  [NO-REQUEST] [main] o.s.s.c.a.a.c.InitializeAuthenticationProviderBeanManagerConfigurer$InitializeAuthenticationProviderManagerConfigurer - Global AuthenticationManager configured with AuthenticationProvider bean with name authenticationProvider
2026-08-18 07:36:56.774 WARN  [NO-REQUEST] [main] o.s.s.c.a.a.c.InitializeUserDetailsBeanManagerConfigurer$InitializeUserDetailsManagerConfigurer - Global AuthenticationManager configured with an AuthenticationProvider bean. UserDetailsService beans will not be used by Spring Security for automatically configuring username/password login. Consider removing the AuthenticationProvider bean. Alternatively, consider using the UserDetailsService in a manually instantiated DaoAuthenticationProvider. If the current configuration is intentional, to turn off this warning, increase the logging level of 'org.springframework.security.config.annotation.authentication.configuration.InitializeUserDetailsBeanManagerConfigurer' to ERROR
2026-08-18 07:36:56.778 TRACE [NO-REQUEST] [main] o.s.t.a.AnnotationTransactionAttributeSource - Adding transactional method 'com.acleda.training.studentmanagement.features.auth.AuthService.register' with attribute: PROPAGATION_REQUIRED,ISOLATION_DEFAULT
2026-08-18 07:36:56.779 TRACE [NO-REQUEST] [main] o.s.t.a.AnnotationTransactionAttributeSource - Adding transactional method 'com.acleda.training.studentmanagement.features.auth.AuthService.login' with attribute: PROPAGATION_REQUIRED,ISOLATION_DEFAULT,readOnly
2026-08-18 07:36:56.780 TRACE [NO-REQUEST] [main] o.s.t.a.AnnotationTransactionAttributeSource - Adding transactional method 'com.acleda.training.studentmanagement.features.auth.AuthService.refreshToken' with attribute: PROPAGATION_REQUIRED,ISOLATION_DEFAULT,readOnly
2026-08-18 07:36:57.683 TRACE [NO-REQUEST] [main] o.s.t.a.AnnotationTransactionAttributeSource - Adding transactional method 'com.acleda.training.studentmanagement.features.course.CourseServiceImpl.updateCourse' with attribute: PROPAGATION_REQUIRED,ISOLATION_DEFAULT
2026-08-18 07:36:57.684 TRACE [NO-REQUEST] [main] o.s.t.a.AnnotationTransactionAttributeSource - Adding transactional method 'com.acleda.training.studentmanagement.features.course.CourseServiceImpl.deleteCourse' with attribute: PROPAGATION_REQUIRED,ISOLATION_DEFAULT
2026-08-18 07:36:57.685 TRACE [NO-REQUEST] [main] o.s.t.a.AnnotationTransactionAttributeSource - Adding transactional method 'com.acleda.training.studentmanagement.features.course.CourseServiceImpl.createCourse' with attribute: PROPAGATION_REQUIRED,ISOLATION_DEFAULT
2026-08-18 07:36:57.685 TRACE [NO-REQUEST] [main] o.s.t.a.AnnotationTransactionAttributeSource - Adding transactional method 'com.acleda.training.studentmanagement.features.course.CourseServiceImpl.getCourseById' with attribute: PROPAGATION_REQUIRED,ISOLATION_DEFAULT,readOnly
2026-08-18 07:36:57.685 TRACE [NO-REQUEST] [main] o.s.t.a.AnnotationTransactionAttributeSource - Adding transactional method 'com.acleda.training.studentmanagement.features.course.CourseServiceImpl.getCourses' with attribute: PROPAGATION_REQUIRED,ISOLATION_DEFAULT,readOnly
2026-08-18 07:36:57.899 TRACE [NO-REQUEST] [main] o.s.t.a.AnnotationTransactionAttributeSource - Adding transactional method 'com.acleda.training.studentmanagement.features.course.offering.CourseOfferingServiceImpl.getCourseOfferings' with attribute: PROPAGATION_REQUIRED,ISOLATION_DEFAULT,readOnly
2026-08-18 07:36:57.900 TRACE [NO-REQUEST] [main] o.s.t.a.AnnotationTransactionAttributeSource - Adding transactional method 'com.acleda.training.studentmanagement.features.course.offering.CourseOfferingServiceImpl.getCourseOfferingById' with attribute: PROPAGATION_REQUIRED,ISOLATION_DEFAULT,readOnly
2026-08-18 07:36:57.900 TRACE [NO-REQUEST] [main] o.s.t.a.AnnotationTransactionAttributeSource - Adding transactional method 'com.acleda.training.studentmanagement.features.course.offering.CourseOfferingServiceImpl.deleteCourseOffering' with attribute: PROPAGATION_REQUIRED,ISOLATION_DEFAULT
2026-08-18 07:36:57.901 TRACE [NO-REQUEST] [main] o.s.t.a.AnnotationTransactionAttributeSource - Adding transactional method 'com.acleda.training.studentmanagement.features.course.offering.CourseOfferingServiceImpl.createCourseOffering' with attribute: PROPAGATION_REQUIRED,ISOLATION_DEFAULT
2026-08-18 07:36:57.901 TRACE [NO-REQUEST] [main] o.s.t.a.AnnotationTransactionAttributeSource - Adding transactional method 'com.acleda.training.studentmanagement.features.course.offering.CourseOfferingServiceImpl.updateCourseOffering' with attribute: PROPAGATION_REQUIRED,ISOLATION_DEFAULT
2026-08-18 07:36:57.909 TRACE [NO-REQUEST] [main] o.s.t.a.AnnotationTransactionAttributeSource - Adding transactional method 'com.acleda.training.studentmanagement.features.department.DepartmentServiceImpl.findDepartment' with attribute: PROPAGATION_REQUIRED,ISOLATION_DEFAULT
2026-08-18 07:36:57.910 TRACE [NO-REQUEST] [main] o.s.t.a.AnnotationTransactionAttributeSource - Adding transactional method 'com.acleda.training.studentmanagement.features.department.DepartmentServiceImpl.deleteDepartment' with attribute: PROPAGATION_REQUIRED,ISOLATION_DEFAULT
2026-08-18 07:36:57.910 TRACE [NO-REQUEST] [main] o.s.t.a.AnnotationTransactionAttributeSource - Adding transactional method 'com.acleda.training.studentmanagement.features.department.DepartmentServiceImpl.getDepartments' with attribute: PROPAGATION_REQUIRED,ISOLATION_DEFAULT,readOnly
2026-08-18 07:36:57.910 TRACE [NO-REQUEST] [main] o.s.t.a.AnnotationTransactionAttributeSource - Adding transactional method 'com.acleda.training.studentmanagement.features.department.DepartmentServiceImpl.getDepartmentById' with attribute: PROPAGATION_REQUIRED,ISOLATION_DEFAULT,readOnly
2026-08-18 07:36:57.910 TRACE [NO-REQUEST] [main] o.s.t.a.AnnotationTransactionAttributeSource - Adding transactional method 'com.acleda.training.studentmanagement.features.department.DepartmentServiceImpl.updateDepartmentStatus' with attribute: PROPAGATION_REQUIRED,ISOLATION_DEFAULT
2026-08-18 07:36:57.911 TRACE [NO-REQUEST] [main] o.s.t.a.AnnotationTransactionAttributeSource - Adding transactional method 'com.acleda.training.studentmanagement.features.department.DepartmentServiceImpl.updateDepartment' with attribute: PROPAGATION_REQUIRED,ISOLATION_DEFAULT
2026-08-18 07:36:57.911 TRACE [NO-REQUEST] [main] o.s.t.a.AnnotationTransactionAttributeSource - Adding transactional method 'com.acleda.training.studentmanagement.features.department.DepartmentServiceImpl.createDepartment' with attribute: PROPAGATION_REQUIRED,ISOLATION_DEFAULT
2026-08-18 07:36:57.990 TRACE [NO-REQUEST] [main] o.s.t.a.AnnotationTransactionAttributeSource - Adding transactional method 'com.acleda.training.studentmanagement.features.enrollment.EnrollmentServiceImpl.testBulkEnrollmentTransaction' with attribute: PROPAGATION_REQUIRED,ISOLATION_DEFAULT
2026-08-18 07:36:57.991 TRACE [NO-REQUEST] [main] o.s.t.a.AnnotationTransactionAttributeSource - Adding transactional method 'com.acleda.training.studentmanagement.features.enrollment.EnrollmentServiceImpl.getEnrollments' with attribute: PROPAGATION_REQUIRED,ISOLATION_DEFAULT,readOnly
2026-08-18 07:36:57.991 TRACE [NO-REQUEST] [main] o.s.t.a.AnnotationTransactionAttributeSource - Adding transactional method 'com.acleda.training.studentmanagement.features.enrollment.EnrollmentServiceImpl.updateEnrollment' with attribute: PROPAGATION_REQUIRED,ISOLATION_DEFAULT
2026-08-18 07:36:57.991 TRACE [NO-REQUEST] [main] o.s.t.a.AnnotationTransactionAttributeSource - Adding transactional method 'com.acleda.training.studentmanagement.features.enrollment.EnrollmentServiceImpl.updateEnrollmentResult' with attribute: PROPAGATION_REQUIRED,ISOLATION_DEFAULT
2026-08-18 07:36:57.992 TRACE [NO-REQUEST] [main] o.s.t.a.AnnotationTransactionAttributeSource - Adding transactional method 'com.acleda.training.studentmanagement.features.enrollment.EnrollmentServiceImpl.createEnrollment' with attribute: PROPAGATION_REQUIRED,ISOLATION_DEFAULT
2026-08-18 07:36:57.992 TRACE [NO-REQUEST] [main] o.s.t.a.AnnotationTransactionAttributeSource - Adding transactional method 'com.acleda.training.studentmanagement.features.enrollment.EnrollmentServiceImpl.deleteEnrollment' with attribute: PROPAGATION_REQUIRED,ISOLATION_DEFAULT
2026-08-18 07:36:57.992 TRACE [NO-REQUEST] [main] o.s.t.a.AnnotationTransactionAttributeSource - Adding transactional method 'com.acleda.training.studentmanagement.features.enrollment.EnrollmentServiceImpl.getEnrollmentById' with attribute: PROPAGATION_REQUIRED,ISOLATION_DEFAULT,readOnly
2026-08-18 07:36:58.247 TRACE [NO-REQUEST] [main] o.s.t.a.AnnotationTransactionAttributeSource - Adding transactional method 'com.acleda.training.studentmanagement.features.instructor.InstructorServiceImpl.createInstructor' with attribute: PROPAGATION_REQUIRED,ISOLATION_DEFAULT
2026-08-18 07:36:58.247 TRACE [NO-REQUEST] [main] o.s.t.a.AnnotationTransactionAttributeSource - Adding transactional method 'com.acleda.training.studentmanagement.features.instructor.InstructorServiceImpl.updateInstructor' with attribute: PROPAGATION_REQUIRED,ISOLATION_DEFAULT
2026-08-18 07:36:58.247 TRACE [NO-REQUEST] [main] o.s.t.a.AnnotationTransactionAttributeSource - Adding transactional method 'com.acleda.training.studentmanagement.features.instructor.InstructorServiceImpl.deleteInstructor' with attribute: PROPAGATION_REQUIRED,ISOLATION_DEFAULT
2026-08-18 07:36:58.247 TRACE [NO-REQUEST] [main] o.s.t.a.AnnotationTransactionAttributeSource - Adding transactional method 'com.acleda.training.studentmanagement.features.instructor.InstructorServiceImpl.getInstructors' with attribute: PROPAGATION_REQUIRED,ISOLATION_DEFAULT,readOnly
2026-08-18 07:36:58.248 TRACE [NO-REQUEST] [main] o.s.t.a.AnnotationTransactionAttributeSource - Adding transactional method 'com.acleda.training.studentmanagement.features.instructor.InstructorServiceImpl.getInstructorById' with attribute: PROPAGATION_REQUIRED,ISOLATION_DEFAULT,readOnly
2026-08-18 07:36:58.252 TRACE [NO-REQUEST] [main] o.s.t.a.AnnotationTransactionAttributeSource - Adding transactional method 'com.acleda.training.studentmanagement.features.student.StudentServiceImpl.getStudentById' with attribute: PROPAGATION_REQUIRED,ISOLATION_DEFAULT,readOnly
2026-08-18 07:36:58.253 TRACE [NO-REQUEST] [main] o.s.t.a.AnnotationTransactionAttributeSource - Adding transactional method 'com.acleda.training.studentmanagement.features.student.StudentServiceImpl.updateStudent' with attribute: PROPAGATION_REQUIRED,ISOLATION_DEFAULT
2026-08-18 07:36:58.253 TRACE [NO-REQUEST] [main] o.s.t.a.AnnotationTransactionAttributeSource - Adding transactional method 'com.acleda.training.studentmanagement.features.student.StudentServiceImpl.deleteStudent' with attribute: PROPAGATION_REQUIRED,ISOLATION_DEFAULT
2026-08-18 07:36:58.253 TRACE [NO-REQUEST] [main] o.s.t.a.AnnotationTransactionAttributeSource - Adding transactional method 'com.acleda.training.studentmanagement.features.student.StudentServiceImpl.createStudent' with attribute: PROPAGATION_REQUIRED,ISOLATION_DEFAULT
2026-08-18 07:36:58.253 TRACE [NO-REQUEST] [main] o.s.t.a.AnnotationTransactionAttributeSource - Adding transactional method 'com.acleda.training.studentmanagement.features.student.StudentServiceImpl.getStudents' with attribute: PROPAGATION_REQUIRED,ISOLATION_DEFAULT,readOnly
2026-08-18 07:36:59.079 INFO  [NO-REQUEST] [main] o.s.b.a.e.web.EndpointLinksResolver - Exposing 1 endpoint beneath base path '/actuator'
2026-08-18 07:36:59.145 INFO  [NO-REQUEST] [main] o.s.boot.tomcat.TomcatWebServer - Tomcat started on port 8080 (http) with context path '/'
2026-08-18 07:36:59.154 INFO  [NO-REQUEST] [main] c.a.t.s.StudentManagementApiApplication - Started StudentManagementApiApplication in 7.66 seconds (process running for 8.389)
2026-08-18 07:36:59.160 TRACE [NO-REQUEST] [main] o.s.t.i.TransactionInterceptor - No need to create transaction for [org.springframework.data.jpa.repository.support.SimpleJpaRepository.existsByUsernameIgnoreCase]: This method is not transactional.
2026-08-18 07:36:59.236 DEBUG [NO-REQUEST] [main] org.hibernate.SQL - 
    select
        au1_0.id 
    from
        app_users au1_0 
    where
        upper(au1_0.username)=upper(?) 
    fetch
        first ? rows only
2026-08-18 07:36:59.237 TRACE [NO-REQUEST] [main] org.hibernate.orm.jdbc.bind - binding parameter (1:VARCHAR) <- [admin]
2026-08-18 07:36:59.237 TRACE [NO-REQUEST] [main] org.hibernate.orm.jdbc.bind - binding parameter (2:INTEGER) <- [1]
2026-08-18 07:36:59.475 INFO  [NO-REQUEST] [RMI TCP Connection(3)-192.168.33.1] o.a.c.c.C.[Tomcat].[localhost].[/] - Initializing Spring DispatcherServlet 'dispatcherServlet'
2026-08-18 07:36:59.475 INFO  [NO-REQUEST] [RMI TCP Connection(3)-192.168.33.1] o.s.web.servlet.DispatcherServlet - Initializing Servlet 'dispatcherServlet'
2026-08-18 07:36:59.477 INFO  [NO-REQUEST] [RMI TCP Connection(3)-192.168.33.1] o.s.web.servlet.DispatcherServlet - Completed initialization in 2 ms
2026-08-18 07:37:23.372 INFO  [1031fa89-9fa1-4f71-b0b2-b3665a20c490] [http-nio-8080-exec-1] c.a.t.s.l.RequestLoggingInterceptor - API REQUEST | Method: POST | URI: /api/v1/auth/login | Query: null
2026-08-18 07:37:23.456 DEBUG [1031fa89-9fa1-4f71-b0b2-b3665a20c490] [http-nio-8080-exec-1] o.s.orm.jpa.JpaTransactionManager - Creating new transaction with name [com.acleda.training.studentmanagement.features.auth.AuthService.login]: PROPAGATION_REQUIRED,ISOLATION_DEFAULT,readOnly
2026-08-18 07:37:23.456 DEBUG [1031fa89-9fa1-4f71-b0b2-b3665a20c490] [http-nio-8080-exec-1] o.s.orm.jpa.JpaTransactionManager - Opened new EntityManager [SessionImpl(1781674834<open>)] for JPA transaction
2026-08-18 07:37:23.456 DEBUG [1031fa89-9fa1-4f71-b0b2-b3665a20c490] [http-nio-8080-exec-1] o.s.orm.jpa.JpaTransactionManager - Exposing JPA transaction as JDBC [org.springframework.orm.jpa.vendor.HibernateJpaDialect$HibernateConnectionHandle@7fad059b]
2026-08-18 07:37:23.463 TRACE [1031fa89-9fa1-4f71-b0b2-b3665a20c490] [http-nio-8080-exec-1] o.s.t.i.TransactionInterceptor - Getting transaction for [com.acleda.training.studentmanagement.features.auth.AuthService.login]
2026-08-18 07:37:23.525 DEBUG [1031fa89-9fa1-4f71-b0b2-b3665a20c490] [http-nio-8080-exec-1] o.s.orm.jpa.JpaTransactionManager - Found thread-bound EntityManager [SessionImpl(1781674834<open>)] for JPA transaction
2026-08-18 07:37:23.525 DEBUG [1031fa89-9fa1-4f71-b0b2-b3665a20c490] [http-nio-8080-exec-1] o.s.orm.jpa.JpaTransactionManager - Participating in existing transaction
2026-08-18 07:37:23.525 TRACE [1031fa89-9fa1-4f71-b0b2-b3665a20c490] [http-nio-8080-exec-1] o.s.t.i.TransactionInterceptor - Getting transaction for [com.acleda.training.studentmanagement.features.auth.CustomUserDetailsService.loadUserByUsername]
2026-08-18 07:37:23.525 TRACE [1031fa89-9fa1-4f71-b0b2-b3665a20c490] [http-nio-8080-exec-1] o.s.t.i.TransactionInterceptor - No need to create transaction for [org.springframework.data.jpa.repository.support.SimpleJpaRepository.findByUsernameIgnoreCase]: This method is not transactional.
2026-08-18 07:37:23.532 DEBUG [1031fa89-9fa1-4f71-b0b2-b3665a20c490] [http-nio-8080-exec-1] org.hibernate.SQL - 
    select
        au1_0.id,
        au1_0.created_at,
        au1_0.enabled,
        au1_0.password,
        au1_0.role,
        au1_0.updated_at,
        au1_0.username 
    from
        app_users au1_0 
    where
        upper(au1_0.username)=upper(?)
2026-08-18 07:37:23.532 TRACE [1031fa89-9fa1-4f71-b0b2-b3665a20c490] [http-nio-8080-exec-1] org.hibernate.orm.jdbc.bind - binding parameter (1:VARCHAR) <- [admin]
2026-08-18 07:37:23.553 TRACE [1031fa89-9fa1-4f71-b0b2-b3665a20c490] [http-nio-8080-exec-1] o.s.t.i.TransactionInterceptor - Completing transaction for [com.acleda.training.studentmanagement.features.auth.CustomUserDetailsService.loadUserByUsername]
2026-08-18 07:37:23.671 TRACE [1031fa89-9fa1-4f71-b0b2-b3665a20c490] [http-nio-8080-exec-1] o.s.t.i.TransactionInterceptor - Completing transaction for [com.acleda.training.studentmanagement.features.auth.AuthService.login]
2026-08-18 07:37:23.671 DEBUG [1031fa89-9fa1-4f71-b0b2-b3665a20c490] [http-nio-8080-exec-1] o.s.orm.jpa.JpaTransactionManager - Initiating transaction commit
2026-08-18 07:37:23.671 DEBUG [1031fa89-9fa1-4f71-b0b2-b3665a20c490] [http-nio-8080-exec-1] o.s.orm.jpa.JpaTransactionManager - Committing JPA transaction on EntityManager [SessionImpl(1781674834<open>)]
2026-08-18 07:37:23.671 DEBUG [1031fa89-9fa1-4f71-b0b2-b3665a20c490] [http-nio-8080-exec-1] o.s.orm.jpa.JpaTransactionManager - Closing JPA EntityManager after transaction
2026-08-18 07:37:23.727 INFO  [1031fa89-9fa1-4f71-b0b2-b3665a20c490] [http-nio-8080-exec-1] c.a.t.s.l.RequestLoggingInterceptor - API RESPONSE | Method: POST | URI: /api/v1/auth/login | Status: 200 | Duration: 356ms
2026-08-18 07:38:20.379 INFO  [NO-REQUEST] [SpringApplicationShutdownHook] o.s.boot.tomcat.GracefulShutdown - Commencing graceful shutdown. Waiting for active requests to complete
2026-08-18 07:38:20.387 INFO  [NO-REQUEST] [tomcat-shutdown] o.s.boot.tomcat.GracefulShutdown - Graceful shutdown complete
2026-08-18 07:38:22.416 INFO  [NO-REQUEST] [SpringApplicationShutdownHook] o.s.o.j.LocalContainerEntityManagerFactoryBean - Closing JPA EntityManagerFactory for persistence unit 'default'
2026-08-18 07:38:22.418 INFO  [NO-REQUEST] [SpringApplicationShutdownHook] com.zaxxer.hikari.HikariDataSource - HikariPool-1 - Shutdown initiated...
2026-08-18 07:38:22.420 INFO  [NO-REQUEST] [SpringApplicationShutdownHook] com.zaxxer.hikari.HikariDataSource - HikariPool-1 - Shutdown completed.
2026-08-18 07:38:25.123 INFO  [NO-REQUEST] [main] c.a.t.s.StudentManagementApiApplication - Starting StudentManagementApiApplication using Java 25.0.4 with PID 21136 (D:\student-management-api\build\classes\java\main started by USER in D:\student-management-api)
2026-08-18 07:38:25.125 INFO  [NO-REQUEST] [main] c.a.t.s.StudentManagementApiApplication - No active profile set, falling back to 1 default profile: "default"
2026-08-18 07:38:25.982 INFO  [NO-REQUEST] [main] o.s.d.r.c.RepositoryConfigurationDelegate - Multiple Spring Data modules found, entering strict repository configuration mode
2026-08-18 07:38:25.983 INFO  [NO-REQUEST] [main] o.s.d.r.c.RepositoryConfigurationDelegate - Bootstrapping Spring Data JPA repositories in DEFAULT mode.
2026-08-18 07:38:26.120 INFO  [NO-REQUEST] [main] o.s.d.r.c.RepositoryConfigurationDelegate - Finished Spring Data repository scanning in 128 ms. Found 7 JPA repository interfaces.
2026-08-18 07:38:26.133 INFO  [NO-REQUEST] [main] o.s.d.r.c.RepositoryConfigurationDelegate - Multiple Spring Data modules found, entering strict repository configuration mode
2026-08-18 07:38:26.134 INFO  [NO-REQUEST] [main] o.s.d.r.c.RepositoryConfigurationDelegate - Bootstrapping Spring Data Redis repositories in DEFAULT mode.
2026-08-18 07:38:26.148 INFO  [NO-REQUEST] [main] o.s.d.r.c.RepositoryConfigurationExtensionSupport - Spring Data Redis - Could not safely identify store assignment for repository candidate interface com.acleda.training.studentmanagement.features.auth.AppUserRepository; If you want this repository to be a Redis repository, consider annotating your entities with one of these annotations: org.springframework.data.redis.core.RedisHash (preferred), or consider extending one of the following types with your repository: org.springframework.data.keyvalue.repository.KeyValueRepository
2026-08-18 07:38:26.148 INFO  [NO-REQUEST] [main] o.s.d.r.c.RepositoryConfigurationExtensionSupport - Spring Data Redis - Could not safely identify store assignment for repository candidate interface com.acleda.training.studentmanagement.features.course.CourseRepository; If you want this repository to be a Redis repository, consider annotating your entities with one of these annotations: org.springframework.data.redis.core.RedisHash (preferred), or consider extending one of the following types with your repository: org.springframework.data.keyvalue.repository.KeyValueRepository
2026-08-18 07:38:26.149 INFO  [NO-REQUEST] [main] o.s.d.r.c.RepositoryConfigurationExtensionSupport - Spring Data Redis - Could not safely identify store assignment for repository candidate interface com.acleda.training.studentmanagement.features.course.offering.CourseOfferingRepository; If you want this repository to be a Redis repository, consider annotating your entities with one of these annotations: org.springframework.data.redis.core.RedisHash (preferred), or consider extending one of the following types with your repository: org.springframework.data.keyvalue.repository.KeyValueRepository
2026-08-18 07:38:26.149 INFO  [NO-REQUEST] [main] o.s.d.r.c.RepositoryConfigurationExtensionSupport - Spring Data Redis - Could not safely identify store assignment for repository candidate interface com.acleda.training.studentmanagement.features.department.DepartmentRepository; If you want this repository to be a Redis repository, consider annotating your entities with one of these annotations: org.springframework.data.redis.core.RedisHash (preferred), or consider extending one of the following types with your repository: org.springframework.data.keyvalue.repository.KeyValueRepository
2026-08-18 07:38:26.149 INFO  [NO-REQUEST] [main] o.s.d.r.c.RepositoryConfigurationExtensionSupport - Spring Data Redis - Could not safely identify store assignment for repository candidate interface com.acleda.training.studentmanagement.features.enrollment.EnrollmentRepository; If you want this repository to be a Redis repository, consider annotating your entities with one of these annotations: org.springframework.data.redis.core.RedisHash (preferred), or consider extending one of the following types with your repository: org.springframework.data.keyvalue.repository.KeyValueRepository
2026-08-18 07:38:26.149 INFO  [NO-REQUEST] [main] o.s.d.r.c.RepositoryConfigurationExtensionSupport - Spring Data Redis - Could not safely identify store assignment for repository candidate interface com.acleda.training.studentmanagement.features.instructor.InstructorRepository; If you want this repository to be a Redis repository, consider annotating your entities with one of these annotations: org.springframework.data.redis.core.RedisHash (preferred), or consider extending one of the following types with your repository: org.springframework.data.keyvalue.repository.KeyValueRepository
2026-08-18 07:38:26.149 INFO  [NO-REQUEST] [main] o.s.d.r.c.RepositoryConfigurationExtensionSupport - Spring Data Redis - Could not safely identify store assignment for repository candidate interface com.acleda.training.studentmanagement.features.student.StudentRepository; If you want this repository to be a Redis repository, consider annotating your entities with one of these annotations: org.springframework.data.redis.core.RedisHash (preferred), or consider extending one of the following types with your repository: org.springframework.data.keyvalue.repository.KeyValueRepository
2026-08-18 07:38:26.149 INFO  [NO-REQUEST] [main] o.s.d.r.c.RepositoryConfigurationDelegate - Finished Spring Data repository scanning in 9 ms. Found 0 Redis repository interfaces.
2026-08-18 07:38:26.623 INFO  [NO-REQUEST] [main] o.s.boot.tomcat.TomcatWebServer - Tomcat initialized with port 8080 (http)
2026-08-18 07:38:26.633 INFO  [NO-REQUEST] [main] o.a.catalina.core.StandardService - Starting service [Tomcat]
2026-08-18 07:38:26.633 INFO  [NO-REQUEST] [main] o.a.catalina.core.StandardEngine - Starting Servlet engine: [Apache Tomcat/11.0.22]
2026-08-18 07:38:26.692 INFO  [NO-REQUEST] [main] o.s.b.w.c.s.WebApplicationContextInitializer - Root WebApplicationContext: initialization completed in 1536 ms
2026-08-18 07:38:26.944 INFO  [NO-REQUEST] [main] org.hibernate.orm.jpa - HHH008540: Processing PersistenceUnitInfo [name: default]
2026-08-18 07:38:26.981 INFO  [NO-REQUEST] [main] org.hibernate.orm.core - HHH000001: Hibernate ORM core version 7.4.1.Final
2026-08-18 07:38:27.309 INFO  [NO-REQUEST] [main] o.s.o.j.p.SpringPersistenceUnitInfo - No LoadTimeWeaver setup: ignoring JPA class transformer
2026-08-18 07:38:27.333 INFO  [NO-REQUEST] [main] com.zaxxer.hikari.HikariDataSource - HikariPool-1 - Starting...
2026-08-18 07:38:27.465 INFO  [NO-REQUEST] [main] com.zaxxer.hikari.pool.HikariPool - HikariPool-1 - Added connection org.postgresql.jdbc.PgConnection@391e2a
2026-08-18 07:38:27.467 INFO  [NO-REQUEST] [main] com.zaxxer.hikari.HikariDataSource - HikariPool-1 - Start completed.
2026-08-18 07:38:27.519 INFO  [NO-REQUEST] [main] o.hibernate.orm.connections.pooling - HHH10001005: Database info:
	Database JDBC URL [jdbc:postgresql://localhost:5432/student_management_db]
	Database driver: PostgreSQL JDBC Driver
	Database dialect: PostgreSQLDialect
	Database version: 18.4
	Default catalog/schema: student_management_db/public
	Autocommit mode: undefined/unknown
	Isolation level: READ_COMMITTED [default READ_COMMITTED]
	JDBC fetch size: none
	Pool: DataSourceConnectionProvider
	Minimum pool size: undefined/unknown
	Maximum pool size: undefined/unknown
2026-08-18 07:38:28.451 INFO  [NO-REQUEST] [main] org.hibernate.orm.core - HHH000489: No JTA platform available (set 'hibernate.transaction.jta.platform' to enable JTA platform integration)
2026-08-18 07:38:28.534 INFO  [NO-REQUEST] [main] o.s.o.j.LocalContainerEntityManagerFactoryBean - Initialized JPA EntityManagerFactory for persistence unit 'default'
2026-08-18 07:38:28.583 INFO  [NO-REQUEST] [main] o.s.d.j.r.q.QueryEnhancerFactories - Hibernate is in classpath; If applicable, HQL parser will be used.
2026-08-18 07:38:28.698 TRACE [NO-REQUEST] [main] o.s.t.a.AnnotationTransactionAttributeSource - Adding transactional method 'com.acleda.training.studentmanagement.features.auth.CustomUserDetailsService.loadUserByUsername' with attribute: PROPAGATION_REQUIRED,ISOLATION_DEFAULT,readOnly
2026-08-18 07:38:29.023 INFO  [NO-REQUEST] [main] o.s.s.c.a.a.c.InitializeAuthenticationProviderBeanManagerConfigurer$InitializeAuthenticationProviderManagerConfigurer - Global AuthenticationManager configured with AuthenticationProvider bean with name authenticationProvider
2026-08-18 07:38:29.023 WARN  [NO-REQUEST] [main] o.s.s.c.a.a.c.InitializeUserDetailsBeanManagerConfigurer$InitializeUserDetailsManagerConfigurer - Global AuthenticationManager configured with an AuthenticationProvider bean. UserDetailsService beans will not be used by Spring Security for automatically configuring username/password login. Consider removing the AuthenticationProvider bean. Alternatively, consider using the UserDetailsService in a manually instantiated DaoAuthenticationProvider. If the current configuration is intentional, to turn off this warning, increase the logging level of 'org.springframework.security.config.annotation.authentication.configuration.InitializeUserDetailsBeanManagerConfigurer' to ERROR
2026-08-18 07:38:29.030 TRACE [NO-REQUEST] [main] o.s.t.a.AnnotationTransactionAttributeSource - Adding transactional method 'com.acleda.training.studentmanagement.features.auth.AuthService.register' with attribute: PROPAGATION_REQUIRED,ISOLATION_DEFAULT
2026-08-18 07:38:29.030 TRACE [NO-REQUEST] [main] o.s.t.a.AnnotationTransactionAttributeSource - Adding transactional method 'com.acleda.training.studentmanagement.features.auth.AuthService.login' with attribute: PROPAGATION_REQUIRED,ISOLATION_DEFAULT,readOnly
2026-08-18 07:38:29.030 TRACE [NO-REQUEST] [main] o.s.t.a.AnnotationTransactionAttributeSource - Adding transactional method 'com.acleda.training.studentmanagement.features.auth.AuthService.refreshToken' with attribute: PROPAGATION_REQUIRED,ISOLATION_DEFAULT,readOnly
2026-08-18 07:38:29.884 TRACE [NO-REQUEST] [main] o.s.t.a.AnnotationTransactionAttributeSource - Adding transactional method 'com.acleda.training.studentmanagement.features.course.CourseServiceImpl.getCourses' with attribute: PROPAGATION_REQUIRED,ISOLATION_DEFAULT,readOnly
2026-08-18 07:38:29.884 TRACE [NO-REQUEST] [main] o.s.t.a.AnnotationTransactionAttributeSource - Adding transactional method 'com.acleda.training.studentmanagement.features.course.CourseServiceImpl.getCourseById' with attribute: PROPAGATION_REQUIRED,ISOLATION_DEFAULT,readOnly
2026-08-18 07:38:29.884 TRACE [NO-REQUEST] [main] o.s.t.a.AnnotationTransactionAttributeSource - Adding transactional method 'com.acleda.training.studentmanagement.features.course.CourseServiceImpl.updateCourse' with attribute: PROPAGATION_REQUIRED,ISOLATION_DEFAULT
2026-08-18 07:38:29.884 TRACE [NO-REQUEST] [main] o.s.t.a.AnnotationTransactionAttributeSource - Adding transactional method 'com.acleda.training.studentmanagement.features.course.CourseServiceImpl.deleteCourse' with attribute: PROPAGATION_REQUIRED,ISOLATION_DEFAULT
2026-08-18 07:38:29.884 TRACE [NO-REQUEST] [main] o.s.t.a.AnnotationTransactionAttributeSource - Adding transactional method 'com.acleda.training.studentmanagement.features.course.CourseServiceImpl.createCourse' with attribute: PROPAGATION_REQUIRED,ISOLATION_DEFAULT
2026-08-18 07:38:30.079 TRACE [NO-REQUEST] [main] o.s.t.a.AnnotationTransactionAttributeSource - Adding transactional method 'com.acleda.training.studentmanagement.features.course.offering.CourseOfferingServiceImpl.deleteCourseOffering' with attribute: PROPAGATION_REQUIRED,ISOLATION_DEFAULT
2026-08-18 07:38:30.079 TRACE [NO-REQUEST] [main] o.s.t.a.AnnotationTransactionAttributeSource - Adding transactional method 'com.acleda.training.studentmanagement.features.course.offering.CourseOfferingServiceImpl.getCourseOfferings' with attribute: PROPAGATION_REQUIRED,ISOLATION_DEFAULT,readOnly
2026-08-18 07:38:30.079 TRACE [NO-REQUEST] [main] o.s.t.a.AnnotationTransactionAttributeSource - Adding transactional method 'com.acleda.training.studentmanagement.features.course.offering.CourseOfferingServiceImpl.updateCourseOffering' with attribute: PROPAGATION_REQUIRED,ISOLATION_DEFAULT
2026-08-18 07:38:30.079 TRACE [NO-REQUEST] [main] o.s.t.a.AnnotationTransactionAttributeSource - Adding transactional method 'com.acleda.training.studentmanagement.features.course.offering.CourseOfferingServiceImpl.createCourseOffering' with attribute: PROPAGATION_REQUIRED,ISOLATION_DEFAULT
2026-08-18 07:38:30.079 TRACE [NO-REQUEST] [main] o.s.t.a.AnnotationTransactionAttributeSource - Adding transactional method 'com.acleda.training.studentmanagement.features.course.offering.CourseOfferingServiceImpl.getCourseOfferingById' with attribute: PROPAGATION_REQUIRED,ISOLATION_DEFAULT,readOnly
2026-08-18 07:38:30.087 TRACE [NO-REQUEST] [main] o.s.t.a.AnnotationTransactionAttributeSource - Adding transactional method 'com.acleda.training.studentmanagement.features.department.DepartmentServiceImpl.getDepartments' with attribute: PROPAGATION_REQUIRED,ISOLATION_DEFAULT,readOnly
2026-08-18 07:38:30.087 TRACE [NO-REQUEST] [main] o.s.t.a.AnnotationTransactionAttributeSource - Adding transactional method 'com.acleda.training.studentmanagement.features.department.DepartmentServiceImpl.updateDepartmentStatus' with attribute: PROPAGATION_REQUIRED,ISOLATION_DEFAULT
2026-08-18 07:38:30.087 TRACE [NO-REQUEST] [main] o.s.t.a.AnnotationTransactionAttributeSource - Adding transactional method 'com.acleda.training.studentmanagement.features.department.DepartmentServiceImpl.createDepartment' with attribute: PROPAGATION_REQUIRED,ISOLATION_DEFAULT
2026-08-18 07:38:30.087 TRACE [NO-REQUEST] [main] o.s.t.a.AnnotationTransactionAttributeSource - Adding transactional method 'com.acleda.training.studentmanagement.features.department.DepartmentServiceImpl.getDepartmentById' with attribute: PROPAGATION_REQUIRED,ISOLATION_DEFAULT,readOnly
2026-08-18 07:38:30.087 TRACE [NO-REQUEST] [main] o.s.t.a.AnnotationTransactionAttributeSource - Adding transactional method 'com.acleda.training.studentmanagement.features.department.DepartmentServiceImpl.updateDepartment' with attribute: PROPAGATION_REQUIRED,ISOLATION_DEFAULT
2026-08-18 07:38:30.087 TRACE [NO-REQUEST] [main] o.s.t.a.AnnotationTransactionAttributeSource - Adding transactional method 'com.acleda.training.studentmanagement.features.department.DepartmentServiceImpl.deleteDepartment' with attribute: PROPAGATION_REQUIRED,ISOLATION_DEFAULT
2026-08-18 07:38:30.152 TRACE [NO-REQUEST] [main] o.s.t.a.AnnotationTransactionAttributeSource - Adding transactional method 'com.acleda.training.studentmanagement.features.enrollment.EnrollmentServiceImpl.testBulkEnrollmentTransaction' with attribute: PROPAGATION_REQUIRED,ISOLATION_DEFAULT
2026-08-18 07:38:30.152 TRACE [NO-REQUEST] [main] o.s.t.a.AnnotationTransactionAttributeSource - Adding transactional method 'com.acleda.training.studentmanagement.features.enrollment.EnrollmentServiceImpl.deleteEnrollment' with attribute: PROPAGATION_REQUIRED,ISOLATION_DEFAULT
2026-08-18 07:38:30.152 TRACE [NO-REQUEST] [main] o.s.t.a.AnnotationTransactionAttributeSource - Adding transactional method 'com.acleda.training.studentmanagement.features.enrollment.EnrollmentServiceImpl.getEnrollments' with attribute: PROPAGATION_REQUIRED,ISOLATION_DEFAULT,readOnly
2026-08-18 07:38:30.152 TRACE [NO-REQUEST] [main] o.s.t.a.AnnotationTransactionAttributeSource - Adding transactional method 'com.acleda.training.studentmanagement.features.enrollment.EnrollmentServiceImpl.createEnrollment' with attribute: PROPAGATION_REQUIRED,ISOLATION_DEFAULT
2026-08-18 07:38:30.152 TRACE [NO-REQUEST] [main] o.s.t.a.AnnotationTransactionAttributeSource - Adding transactional method 'com.acleda.training.studentmanagement.features.enrollment.EnrollmentServiceImpl.updateEnrollment' with attribute: PROPAGATION_REQUIRED,ISOLATION_DEFAULT
2026-08-18 07:38:30.152 TRACE [NO-REQUEST] [main] o.s.t.a.AnnotationTransactionAttributeSource - Adding transactional method 'com.acleda.training.studentmanagement.features.enrollment.EnrollmentServiceImpl.updateEnrollmentResult' with attribute: PROPAGATION_REQUIRED,ISOLATION_DEFAULT
2026-08-18 07:38:30.168 TRACE [NO-REQUEST] [main] o.s.t.a.AnnotationTransactionAttributeSource - Adding transactional method 'com.acleda.training.studentmanagement.features.enrollment.EnrollmentServiceImpl.getEnrollmentById' with attribute: PROPAGATION_REQUIRED,ISOLATION_DEFAULT,readOnly
2026-08-18 07:38:30.382 TRACE [NO-REQUEST] [main] o.s.t.a.AnnotationTransactionAttributeSource - Adding transactional method 'com.acleda.training.studentmanagement.features.instructor.InstructorServiceImpl.deleteInstructor' with attribute: PROPAGATION_REQUIRED,ISOLATION_DEFAULT
2026-08-18 07:38:30.382 TRACE [NO-REQUEST] [main] o.s.t.a.AnnotationTransactionAttributeSource - Adding transactional method 'com.acleda.training.studentmanagement.features.instructor.InstructorServiceImpl.getInstructors' with attribute: PROPAGATION_REQUIRED,ISOLATION_DEFAULT,readOnly
2026-08-18 07:38:30.392 TRACE [NO-REQUEST] [main] o.s.t.a.AnnotationTransactionAttributeSource - Adding transactional method 'com.acleda.training.studentmanagement.features.instructor.InstructorServiceImpl.createInstructor' with attribute: PROPAGATION_REQUIRED,ISOLATION_DEFAULT
2026-08-18 07:38:30.392 TRACE [NO-REQUEST] [main] o.s.t.a.AnnotationTransactionAttributeSource - Adding transactional method 'com.acleda.training.studentmanagement.features.instructor.InstructorServiceImpl.getInstructorById' with attribute: PROPAGATION_REQUIRED,ISOLATION_DEFAULT,readOnly
2026-08-18 07:38:30.392 TRACE [NO-REQUEST] [main] o.s.t.a.AnnotationTransactionAttributeSource - Adding transactional method 'com.acleda.training.studentmanagement.features.instructor.InstructorServiceImpl.updateInstructor' with attribute: PROPAGATION_REQUIRED,ISOLATION_DEFAULT
2026-08-18 07:38:30.398 TRACE [NO-REQUEST] [main] o.s.t.a.AnnotationTransactionAttributeSource - Adding transactional method 'com.acleda.training.studentmanagement.features.student.StudentServiceImpl.createStudent' with attribute: PROPAGATION_REQUIRED,ISOLATION_DEFAULT
2026-08-18 07:38:30.398 TRACE [NO-REQUEST] [main] o.s.t.a.AnnotationTransactionAttributeSource - Adding transactional method 'com.acleda.training.studentmanagement.features.student.StudentServiceImpl.getStudents' with attribute: PROPAGATION_REQUIRED,ISOLATION_DEFAULT,readOnly
2026-08-18 07:38:30.398 TRACE [NO-REQUEST] [main] o.s.t.a.AnnotationTransactionAttributeSource - Adding transactional method 'com.acleda.training.studentmanagement.features.student.StudentServiceImpl.getStudentById' with attribute: PROPAGATION_REQUIRED,ISOLATION_DEFAULT,readOnly
2026-08-18 07:38:30.398 TRACE [NO-REQUEST] [main] o.s.t.a.AnnotationTransactionAttributeSource - Adding transactional method 'com.acleda.training.studentmanagement.features.student.StudentServiceImpl.updateStudent' with attribute: PROPAGATION_REQUIRED,ISOLATION_DEFAULT
2026-08-18 07:38:30.398 TRACE [NO-REQUEST] [main] o.s.t.a.AnnotationTransactionAttributeSource - Adding transactional method 'com.acleda.training.studentmanagement.features.student.StudentServiceImpl.deleteStudent' with attribute: PROPAGATION_REQUIRED,ISOLATION_DEFAULT
2026-08-18 07:38:31.122 INFO  [NO-REQUEST] [main] o.s.b.a.e.web.EndpointLinksResolver - Exposing 1 endpoint beneath base path '/actuator'
2026-08-18 07:38:31.182 INFO  [NO-REQUEST] [main] o.s.boot.tomcat.TomcatWebServer - Tomcat started on port 8080 (http) with context path '/'
2026-08-18 07:38:31.191 INFO  [NO-REQUEST] [main] c.a.t.s.StudentManagementApiApplication - Started StudentManagementApiApplication in 6.419 seconds (process running for 7.137)
2026-08-18 07:38:31.197 TRACE [NO-REQUEST] [main] o.s.t.i.TransactionInterceptor - No need to create transaction for [org.springframework.data.jpa.repository.support.SimpleJpaRepository.existsByUsernameIgnoreCase]: This method is not transactional.
2026-08-18 07:38:31.263 DEBUG [NO-REQUEST] [main] org.hibernate.SQL - 
    select
        au1_0.id 
    from
        app_users au1_0 
    where
        upper(au1_0.username)=upper(?) 
    fetch
        first ? rows only
2026-08-18 07:38:31.263 TRACE [NO-REQUEST] [main] org.hibernate.orm.jdbc.bind - binding parameter (1:VARCHAR) <- [admin]
2026-08-18 07:38:31.263 TRACE [NO-REQUEST] [main] org.hibernate.orm.jdbc.bind - binding parameter (2:INTEGER) <- [1]
2026-08-18 07:38:31.374 INFO  [NO-REQUEST] [RMI TCP Connection(1)-192.168.33.1] o.a.c.c.C.[Tomcat].[localhost].[/] - Initializing Spring DispatcherServlet 'dispatcherServlet'
2026-08-18 07:38:31.374 INFO  [NO-REQUEST] [RMI TCP Connection(1)-192.168.33.1] o.s.web.servlet.DispatcherServlet - Initializing Servlet 'dispatcherServlet'
2026-08-18 07:38:31.374 INFO  [NO-REQUEST] [RMI TCP Connection(1)-192.168.33.1] o.s.web.servlet.DispatcherServlet - Completed initialization in 0 ms
2026-08-18 07:38:55.734 INFO  [NO-REQUEST] [SpringApplicationShutdownHook] o.s.boot.tomcat.GracefulShutdown - Commencing graceful shutdown. Waiting for active requests to complete
2026-08-18 07:38:55.742 INFO  [NO-REQUEST] [tomcat-shutdown] o.s.boot.tomcat.GracefulShutdown - Graceful shutdown complete
2026-08-18 07:38:57.795 INFO  [NO-REQUEST] [SpringApplicationShutdownHook] o.s.o.j.LocalContainerEntityManagerFactoryBean - Closing JPA EntityManagerFactory for persistence unit 'default'
2026-08-18 07:38:57.797 INFO  [NO-REQUEST] [SpringApplicationShutdownHook] com.zaxxer.hikari.HikariDataSource - HikariPool-1 - Shutdown initiated...
2026-08-18 07:38:57.800 INFO  [NO-REQUEST] [SpringApplicationShutdownHook] com.zaxxer.hikari.HikariDataSource - HikariPool-1 - Shutdown completed.
2026-08-18 07:39:00.054 INFO  [NO-REQUEST] [main] c.a.t.s.StudentManagementApiApplication - Starting StudentManagementApiApplication using Java 25.0.4 with PID 29552 (D:\student-management-api\build\classes\java\main started by USER in D:\student-management-api)
2026-08-18 07:39:00.056 INFO  [NO-REQUEST] [main] c.a.t.s.StudentManagementApiApplication - No active profile set, falling back to 1 default profile: "default"
2026-08-18 07:39:00.923 INFO  [NO-REQUEST] [main] o.s.d.r.c.RepositoryConfigurationDelegate - Multiple Spring Data modules found, entering strict repository configuration mode
2026-08-18 07:39:00.924 INFO  [NO-REQUEST] [main] o.s.d.r.c.RepositoryConfigurationDelegate - Bootstrapping Spring Data JPA repositories in DEFAULT mode.
2026-08-18 07:39:01.050 INFO  [NO-REQUEST] [main] o.s.d.r.c.RepositoryConfigurationDelegate - Finished Spring Data repository scanning in 118 ms. Found 7 JPA repository interfaces.
2026-08-18 07:39:01.061 INFO  [NO-REQUEST] [main] o.s.d.r.c.RepositoryConfigurationDelegate - Multiple Spring Data modules found, entering strict repository configuration mode
2026-08-18 07:39:01.062 INFO  [NO-REQUEST] [main] o.s.d.r.c.RepositoryConfigurationDelegate - Bootstrapping Spring Data Redis repositories in DEFAULT mode.
2026-08-18 07:39:01.076 INFO  [NO-REQUEST] [main] o.s.d.r.c.RepositoryConfigurationExtensionSupport - Spring Data Redis - Could not safely identify store assignment for repository candidate interface com.acleda.training.studentmanagement.features.auth.AppUserRepository; If you want this repository to be a Redis repository, consider annotating your entities with one of these annotations: org.springframework.data.redis.core.RedisHash (preferred), or consider extending one of the following types with your repository: org.springframework.data.keyvalue.repository.KeyValueRepository
2026-08-18 07:39:01.077 INFO  [NO-REQUEST] [main] o.s.d.r.c.RepositoryConfigurationExtensionSupport - Spring Data Redis - Could not safely identify store assignment for repository candidate interface com.acleda.training.studentmanagement.features.course.CourseRepository; If you want this repository to be a Redis repository, consider annotating your entities with one of these annotations: org.springframework.data.redis.core.RedisHash (preferred), or consider extending one of the following types with your repository: org.springframework.data.keyvalue.repository.KeyValueRepository
2026-08-18 07:39:01.077 INFO  [NO-REQUEST] [main] o.s.d.r.c.RepositoryConfigurationExtensionSupport - Spring Data Redis - Could not safely identify store assignment for repository candidate interface com.acleda.training.studentmanagement.features.course.offering.CourseOfferingRepository; If you want this repository to be a Redis repository, consider annotating your entities with one of these annotations: org.springframework.data.redis.core.RedisHash (preferred), or consider extending one of the following types with your repository: org.springframework.data.keyvalue.repository.KeyValueRepository
2026-08-18 07:39:01.077 INFO  [NO-REQUEST] [main] o.s.d.r.c.RepositoryConfigurationExtensionSupport - Spring Data Redis - Could not safely identify store assignment for repository candidate interface com.acleda.training.studentmanagement.features.department.DepartmentRepository; If you want this repository to be a Redis repository, consider annotating your entities with one of these annotations: org.springframework.data.redis.core.RedisHash (preferred), or consider extending one of the following types with your repository: org.springframework.data.keyvalue.repository.KeyValueRepository
2026-08-18 07:39:01.078 INFO  [NO-REQUEST] [main] o.s.d.r.c.RepositoryConfigurationExtensionSupport - Spring Data Redis - Could not safely identify store assignment for repository candidate interface com.acleda.training.studentmanagement.features.enrollment.EnrollmentRepository; If you want this repository to be a Redis repository, consider annotating your entities with one of these annotations: org.springframework.data.redis.core.RedisHash (preferred), or consider extending one of the following types with your repository: org.springframework.data.keyvalue.repository.KeyValueRepository
2026-08-18 07:39:01.078 INFO  [NO-REQUEST] [main] o.s.d.r.c.RepositoryConfigurationExtensionSupport - Spring Data Redis - Could not safely identify store assignment for repository candidate interface com.acleda.training.studentmanagement.features.instructor.InstructorRepository; If you want this repository to be a Redis repository, consider annotating your entities with one of these annotations: org.springframework.data.redis.core.RedisHash (preferred), or consider extending one of the following types with your repository: org.springframework.data.keyvalue.repository.KeyValueRepository
2026-08-18 07:39:01.078 INFO  [NO-REQUEST] [main] o.s.d.r.c.RepositoryConfigurationExtensionSupport - Spring Data Redis - Could not safely identify store assignment for repository candidate interface com.acleda.training.studentmanagement.features.student.StudentRepository; If you want this repository to be a Redis repository, consider annotating your entities with one of these annotations: org.springframework.data.redis.core.RedisHash (preferred), or consider extending one of the following types with your repository: org.springframework.data.keyvalue.repository.KeyValueRepository
2026-08-18 07:39:01.078 INFO  [NO-REQUEST] [main] o.s.d.r.c.RepositoryConfigurationDelegate - Finished Spring Data repository scanning in 9 ms. Found 0 Redis repository interfaces.
2026-08-18 07:39:01.507 INFO  [NO-REQUEST] [main] o.s.boot.tomcat.TomcatWebServer - Tomcat initialized with port 8080 (http)
2026-08-18 07:39:01.517 INFO  [NO-REQUEST] [main] o.a.catalina.core.StandardService - Starting service [Tomcat]
2026-08-18 07:39:01.517 INFO  [NO-REQUEST] [main] o.a.catalina.core.StandardEngine - Starting Servlet engine: [Apache Tomcat/11.0.22]
2026-08-18 07:39:01.576 INFO  [NO-REQUEST] [main] o.s.b.w.c.s.WebApplicationContextInitializer - Root WebApplicationContext: initialization completed in 1486 ms
2026-08-18 07:39:01.809 INFO  [NO-REQUEST] [main] org.hibernate.orm.jpa - HHH008540: Processing PersistenceUnitInfo [name: default]
2026-08-18 07:39:01.847 INFO  [NO-REQUEST] [main] org.hibernate.orm.core - HHH000001: Hibernate ORM core version 7.4.1.Final
2026-08-18 07:39:02.158 INFO  [NO-REQUEST] [main] o.s.o.j.p.SpringPersistenceUnitInfo - No LoadTimeWeaver setup: ignoring JPA class transformer
2026-08-18 07:39:02.183 INFO  [NO-REQUEST] [main] com.zaxxer.hikari.HikariDataSource - HikariPool-1 - Starting...
2026-08-18 07:39:02.317 INFO  [NO-REQUEST] [main] com.zaxxer.hikari.pool.HikariPool - HikariPool-1 - Added connection org.postgresql.jdbc.PgConnection@3e24bab6
2026-08-18 07:39:02.317 INFO  [NO-REQUEST] [main] com.zaxxer.hikari.HikariDataSource - HikariPool-1 - Start completed.
2026-08-18 07:39:02.370 INFO  [NO-REQUEST] [main] o.hibernate.orm.connections.pooling - HHH10001005: Database info:
	Database JDBC URL [jdbc:postgresql://localhost:5432/student_management_db]
	Database driver: PostgreSQL JDBC Driver
	Database dialect: PostgreSQLDialect
	Database version: 18.4
	Default catalog/schema: student_management_db/public
	Autocommit mode: undefined/unknown
	Isolation level: READ_COMMITTED [default READ_COMMITTED]
	JDBC fetch size: none
	Pool: DataSourceConnectionProvider
	Minimum pool size: undefined/unknown
	Maximum pool size: undefined/unknown
2026-08-18 07:39:03.259 INFO  [NO-REQUEST] [main] org.hibernate.orm.core - HHH000489: No JTA platform available (set 'hibernate.transaction.jta.platform' to enable JTA platform integration)
2026-08-18 07:39:03.344 INFO  [NO-REQUEST] [main] o.s.o.j.LocalContainerEntityManagerFactoryBean - Initialized JPA EntityManagerFactory for persistence unit 'default'
2026-08-18 07:39:03.388 INFO  [NO-REQUEST] [main] o.s.d.j.r.q.QueryEnhancerFactories - Hibernate is in classpath; If applicable, HQL parser will be used.
2026-08-18 07:39:03.507 TRACE [NO-REQUEST] [main] o.s.t.a.AnnotationTransactionAttributeSource - Adding transactional method 'com.acleda.training.studentmanagement.features.auth.CustomUserDetailsService.loadUserByUsername' with attribute: PROPAGATION_REQUIRED,ISOLATION_DEFAULT,readOnly
2026-08-18 07:39:03.845 INFO  [NO-REQUEST] [main] o.s.s.c.a.a.c.InitializeAuthenticationProviderBeanManagerConfigurer$InitializeAuthenticationProviderManagerConfigurer - Global AuthenticationManager configured with AuthenticationProvider bean with name authenticationProvider
2026-08-18 07:39:03.845 WARN  [NO-REQUEST] [main] o.s.s.c.a.a.c.InitializeUserDetailsBeanManagerConfigurer$InitializeUserDetailsManagerConfigurer - Global AuthenticationManager configured with an AuthenticationProvider bean. UserDetailsService beans will not be used by Spring Security for automatically configuring username/password login. Consider removing the AuthenticationProvider bean. Alternatively, consider using the UserDetailsService in a manually instantiated DaoAuthenticationProvider. If the current configuration is intentional, to turn off this warning, increase the logging level of 'org.springframework.security.config.annotation.authentication.configuration.InitializeUserDetailsBeanManagerConfigurer' to ERROR
2026-08-18 07:39:03.845 TRACE [NO-REQUEST] [main] o.s.t.a.AnnotationTransactionAttributeSource - Adding transactional method 'com.acleda.training.studentmanagement.features.auth.AuthService.register' with attribute: PROPAGATION_REQUIRED,ISOLATION_DEFAULT
2026-08-18 07:39:03.845 TRACE [NO-REQUEST] [main] o.s.t.a.AnnotationTransactionAttributeSource - Adding transactional method 'com.acleda.training.studentmanagement.features.auth.AuthService.login' with attribute: PROPAGATION_REQUIRED,ISOLATION_DEFAULT,readOnly
2026-08-18 07:39:03.845 TRACE [NO-REQUEST] [main] o.s.t.a.AnnotationTransactionAttributeSource - Adding transactional method 'com.acleda.training.studentmanagement.features.auth.AuthService.refreshToken' with attribute: PROPAGATION_REQUIRED,ISOLATION_DEFAULT,readOnly
2026-08-18 07:39:04.631 TRACE [NO-REQUEST] [main] o.s.t.a.AnnotationTransactionAttributeSource - Adding transactional method 'com.acleda.training.studentmanagement.features.course.CourseServiceImpl.getCourseById' with attribute: PROPAGATION_REQUIRED,ISOLATION_DEFAULT,readOnly
2026-08-18 07:39:04.631 TRACE [NO-REQUEST] [main] o.s.t.a.AnnotationTransactionAttributeSource - Adding transactional method 'com.acleda.training.studentmanagement.features.course.CourseServiceImpl.createCourse' with attribute: PROPAGATION_REQUIRED,ISOLATION_DEFAULT
2026-08-18 07:39:04.631 TRACE [NO-REQUEST] [main] o.s.t.a.AnnotationTransactionAttributeSource - Adding transactional method 'com.acleda.training.studentmanagement.features.course.CourseServiceImpl.updateCourse' with attribute: PROPAGATION_REQUIRED,ISOLATION_DEFAULT
2026-08-18 07:39:04.631 TRACE [NO-REQUEST] [main] o.s.t.a.AnnotationTransactionAttributeSource - Adding transactional method 'com.acleda.training.studentmanagement.features.course.CourseServiceImpl.deleteCourse' with attribute: PROPAGATION_REQUIRED,ISOLATION_DEFAULT
2026-08-18 07:39:04.631 TRACE [NO-REQUEST] [main] o.s.t.a.AnnotationTransactionAttributeSource - Adding transactional method 'com.acleda.training.studentmanagement.features.course.CourseServiceImpl.getCourses' with attribute: PROPAGATION_REQUIRED,ISOLATION_DEFAULT,readOnly
2026-08-18 07:39:04.813 TRACE [NO-REQUEST] [main] o.s.t.a.AnnotationTransactionAttributeSource - Adding transactional method 'com.acleda.training.studentmanagement.features.course.offering.CourseOfferingServiceImpl.createCourseOffering' with attribute: PROPAGATION_REQUIRED,ISOLATION_DEFAULT
2026-08-18 07:39:04.813 TRACE [NO-REQUEST] [main] o.s.t.a.AnnotationTransactionAttributeSource - Adding transactional method 'com.acleda.training.studentmanagement.features.course.offering.CourseOfferingServiceImpl.getCourseOfferingById' with attribute: PROPAGATION_REQUIRED,ISOLATION_DEFAULT,readOnly
2026-08-18 07:39:04.813 TRACE [NO-REQUEST] [main] o.s.t.a.AnnotationTransactionAttributeSource - Adding transactional method 'com.acleda.training.studentmanagement.features.course.offering.CourseOfferingServiceImpl.getCourseOfferings' with attribute: PROPAGATION_REQUIRED,ISOLATION_DEFAULT,readOnly
2026-08-18 07:39:04.813 TRACE [NO-REQUEST] [main] o.s.t.a.AnnotationTransactionAttributeSource - Adding transactional method 'com.acleda.training.studentmanagement.features.course.offering.CourseOfferingServiceImpl.updateCourseOffering' with attribute: PROPAGATION_REQUIRED,ISOLATION_DEFAULT
2026-08-18 07:39:04.813 TRACE [NO-REQUEST] [main] o.s.t.a.AnnotationTransactionAttributeSource - Adding transactional method 'com.acleda.training.studentmanagement.features.course.offering.CourseOfferingServiceImpl.deleteCourseOffering' with attribute: PROPAGATION_REQUIRED,ISOLATION_DEFAULT
2026-08-18 07:39:04.813 TRACE [NO-REQUEST] [main] o.s.t.a.AnnotationTransactionAttributeSource - Adding transactional method 'com.acleda.training.studentmanagement.features.department.DepartmentServiceImpl.normalizeOptionalText' with attribute: PROPAGATION_REQUIRED,ISOLATION_DEFAULT
2026-08-18 07:39:04.813 TRACE [NO-REQUEST] [main] o.s.t.a.AnnotationTransactionAttributeSource - Adding transactional method 'com.acleda.training.studentmanagement.features.department.DepartmentServiceImpl.getDepartments' with attribute: PROPAGATION_REQUIRED,ISOLATION_DEFAULT,readOnly
2026-08-18 07:39:04.813 TRACE [NO-REQUEST] [main] o.s.t.a.AnnotationTransactionAttributeSource - Adding transactional method 'com.acleda.training.studentmanagement.features.department.DepartmentServiceImpl.createDepartment' with attribute: PROPAGATION_REQUIRED,ISOLATION_DEFAULT
2026-08-18 07:39:04.813 TRACE [NO-REQUEST] [main] o.s.t.a.AnnotationTransactionAttributeSource - Adding transactional method 'com.acleda.training.studentmanagement.features.department.DepartmentServiceImpl.updateDepartmentStatus' with attribute: PROPAGATION_REQUIRED,ISOLATION_DEFAULT
2026-08-18 07:39:04.813 TRACE [NO-REQUEST] [main] o.s.t.a.AnnotationTransactionAttributeSource - Adding transactional method 'com.acleda.training.studentmanagement.features.department.DepartmentServiceImpl.getDepartmentById' with attribute: PROPAGATION_REQUIRED,ISOLATION_DEFAULT,readOnly
2026-08-18 07:39:04.813 TRACE [NO-REQUEST] [main] o.s.t.a.AnnotationTransactionAttributeSource - Adding transactional method 'com.acleda.training.studentmanagement.features.department.DepartmentServiceImpl.deleteDepartment' with attribute: PROPAGATION_REQUIRED,ISOLATION_DEFAULT
2026-08-18 07:39:04.829 TRACE [NO-REQUEST] [main] o.s.t.a.AnnotationTransactionAttributeSource - Adding transactional method 'com.acleda.training.studentmanagement.features.department.DepartmentServiceImpl.updateDepartment' with attribute: PROPAGATION_REQUIRED,ISOLATION_DEFAULT
2026-08-18 07:39:04.896 TRACE [NO-REQUEST] [main] o.s.t.a.AnnotationTransactionAttributeSource - Adding transactional method 'com.acleda.training.studentmanagement.features.enrollment.EnrollmentServiceImpl.updateEnrollmentResult' with attribute: PROPAGATION_REQUIRED,ISOLATION_DEFAULT
2026-08-18 07:39:04.896 TRACE [NO-REQUEST] [main] o.s.t.a.AnnotationTransactionAttributeSource - Adding transactional method 'com.acleda.training.studentmanagement.features.enrollment.EnrollmentServiceImpl.updateEnrollment' with attribute: PROPAGATION_REQUIRED,ISOLATION_DEFAULT
2026-08-18 07:39:04.896 TRACE [NO-REQUEST] [main] o.s.t.a.AnnotationTransactionAttributeSource - Adding transactional method 'com.acleda.training.studentmanagement.features.enrollment.EnrollmentServiceImpl.deleteEnrollment' with attribute: PROPAGATION_REQUIRED,ISOLATION_DEFAULT
2026-08-18 07:39:04.896 TRACE [NO-REQUEST] [main] o.s.t.a.AnnotationTransactionAttributeSource - Adding transactional method 'com.acleda.training.studentmanagement.features.enrollment.EnrollmentServiceImpl.createEnrollment' with attribute: PROPAGATION_REQUIRED,ISOLATION_DEFAULT
2026-08-18 07:39:04.896 TRACE [NO-REQUEST] [main] o.s.t.a.AnnotationTransactionAttributeSource - Adding transactional method 'com.acleda.training.studentmanagement.features.enrollment.EnrollmentServiceImpl.getEnrollmentById' with attribute: PROPAGATION_REQUIRED,ISOLATION_DEFAULT,readOnly
2026-08-18 07:39:04.896 TRACE [NO-REQUEST] [main] o.s.t.a.AnnotationTransactionAttributeSource - Adding transactional method 'com.acleda.training.studentmanagement.features.enrollment.EnrollmentServiceImpl.getEnrollments' with attribute: PROPAGATION_REQUIRED,ISOLATION_DEFAULT,readOnly
2026-08-18 07:39:04.896 TRACE [NO-REQUEST] [main] o.s.t.a.AnnotationTransactionAttributeSource - Adding transactional method 'com.acleda.training.studentmanagement.features.enrollment.EnrollmentServiceImpl.testBulkEnrollmentTransaction' with attribute: PROPAGATION_REQUIRED,ISOLATION_DEFAULT
2026-08-18 07:39:05.112 TRACE [NO-REQUEST] [main] o.s.t.a.AnnotationTransactionAttributeSource - Adding transactional method 'com.acleda.training.studentmanagement.features.instructor.InstructorServiceImpl.updateInstructor' with attribute: PROPAGATION_REQUIRED,ISOLATION_DEFAULT
2026-08-18 07:39:05.112 TRACE [NO-REQUEST] [main] o.s.t.a.AnnotationTransactionAttributeSource - Adding transactional method 'com.acleda.training.studentmanagement.features.instructor.InstructorServiceImpl.deleteInstructor' with attribute: PROPAGATION_REQUIRED,ISOLATION_DEFAULT
2026-08-18 07:39:05.112 TRACE [NO-REQUEST] [main] o.s.t.a.AnnotationTransactionAttributeSource - Adding transactional method 'com.acleda.training.studentmanagement.features.instructor.InstructorServiceImpl.createInstructor' with attribute: PROPAGATION_REQUIRED,ISOLATION_DEFAULT
2026-08-18 07:39:05.112 TRACE [NO-REQUEST] [main] o.s.t.a.AnnotationTransactionAttributeSource - Adding transactional method 'com.acleda.training.studentmanagement.features.instructor.InstructorServiceImpl.getInstructors' with attribute: PROPAGATION_REQUIRED,ISOLATION_DEFAULT,readOnly
2026-08-18 07:39:05.112 TRACE [NO-REQUEST] [main] o.s.t.a.AnnotationTransactionAttributeSource - Adding transactional method 'com.acleda.training.studentmanagement.features.instructor.InstructorServiceImpl.getInstructorById' with attribute: PROPAGATION_REQUIRED,ISOLATION_DEFAULT,readOnly
2026-08-18 07:39:05.120 TRACE [NO-REQUEST] [main] o.s.t.a.AnnotationTransactionAttributeSource - Adding transactional method 'com.acleda.training.studentmanagement.features.student.StudentServiceImpl.createStudent' with attribute: PROPAGATION_REQUIRED,ISOLATION_DEFAULT
2026-08-18 07:39:05.122 TRACE [NO-REQUEST] [main] o.s.t.a.AnnotationTransactionAttributeSource - Adding transactional method 'com.acleda.training.studentmanagement.features.student.StudentServiceImpl.getStudents' with attribute: PROPAGATION_REQUIRED,ISOLATION_DEFAULT,readOnly
2026-08-18 07:39:05.122 TRACE [NO-REQUEST] [main] o.s.t.a.AnnotationTransactionAttributeSource - Adding transactional method 'com.acleda.training.studentmanagement.features.student.StudentServiceImpl.getStudentById' with attribute: PROPAGATION_REQUIRED,ISOLATION_DEFAULT,readOnly
2026-08-18 07:39:05.122 TRACE [NO-REQUEST] [main] o.s.t.a.AnnotationTransactionAttributeSource - Adding transactional method 'com.acleda.training.studentmanagement.features.student.StudentServiceImpl.updateStudent' with attribute: PROPAGATION_REQUIRED,ISOLATION_DEFAULT
2026-08-18 07:39:05.122 TRACE [NO-REQUEST] [main] o.s.t.a.AnnotationTransactionAttributeSource - Adding transactional method 'com.acleda.training.studentmanagement.features.student.StudentServiceImpl.deleteStudent' with attribute: PROPAGATION_REQUIRED,ISOLATION_DEFAULT
2026-08-18 07:39:05.895 INFO  [NO-REQUEST] [main] o.s.b.a.e.web.EndpointLinksResolver - Exposing 1 endpoint beneath base path '/actuator'
2026-08-18 07:39:05.966 INFO  [NO-REQUEST] [main] o.s.boot.tomcat.TomcatWebServer - Tomcat started on port 8080 (http) with context path '/'
2026-08-18 07:39:05.974 INFO  [NO-REQUEST] [main] c.a.t.s.StudentManagementApiApplication - Started StudentManagementApiApplication in 6.265 seconds (process running for 6.826)
2026-08-18 07:39:05.982 TRACE [NO-REQUEST] [main] o.s.t.i.TransactionInterceptor - No need to create transaction for [org.springframework.data.jpa.repository.support.SimpleJpaRepository.existsByUsernameIgnoreCase]: This method is not transactional.
2026-08-18 07:39:06.063 DEBUG [NO-REQUEST] [main] org.hibernate.SQL - 
    select
        au1_0.id 
    from
        app_users au1_0 
    where
        upper(au1_0.username)=upper(?) 
    fetch
        first ? rows only
2026-08-18 07:39:06.064 TRACE [NO-REQUEST] [main] org.hibernate.orm.jdbc.bind - binding parameter (1:VARCHAR) <- [admin]
2026-08-18 07:39:06.064 TRACE [NO-REQUEST] [main] org.hibernate.orm.jdbc.bind - binding parameter (2:INTEGER) <- [1]
2026-08-18 07:39:06.415 INFO  [NO-REQUEST] [RMI TCP Connection(1)-192.168.33.1] o.a.c.c.C.[Tomcat].[localhost].[/] - Initializing Spring DispatcherServlet 'dispatcherServlet'
2026-08-18 07:39:06.415 INFO  [NO-REQUEST] [RMI TCP Connection(1)-192.168.33.1] o.s.web.servlet.DispatcherServlet - Initializing Servlet 'dispatcherServlet'
2026-08-18 07:39:06.417 INFO  [NO-REQUEST] [RMI TCP Connection(1)-192.168.33.1] o.s.web.servlet.DispatcherServlet - Completed initialization in 2 ms
2026-08-18 07:39:22.308 DEBUG [NO-REQUEST] [http-nio-8080-exec-4] o.s.orm.jpa.JpaTransactionManager - Creating new transaction with name [com.acleda.training.studentmanagement.features.auth.CustomUserDetailsService.loadUserByUsername]: PROPAGATION_REQUIRED,ISOLATION_DEFAULT,readOnly
2026-08-18 07:39:22.308 DEBUG [NO-REQUEST] [http-nio-8080-exec-4] o.s.orm.jpa.JpaTransactionManager - Opened new EntityManager [SessionImpl(631488428<open>)] for JPA transaction
2026-08-18 07:39:22.312 DEBUG [NO-REQUEST] [http-nio-8080-exec-4] o.s.orm.jpa.JpaTransactionManager - Exposing JPA transaction as JDBC [org.springframework.orm.jpa.vendor.HibernateJpaDialect$HibernateConnectionHandle@5a3cc834]
2026-08-18 07:39:22.313 TRACE [NO-REQUEST] [http-nio-8080-exec-4] o.s.t.i.TransactionInterceptor - Getting transaction for [com.acleda.training.studentmanagement.features.auth.CustomUserDetailsService.loadUserByUsername]
2026-08-18 07:39:22.313 TRACE [NO-REQUEST] [http-nio-8080-exec-4] o.s.t.i.TransactionInterceptor - No need to create transaction for [org.springframework.data.jpa.repository.support.SimpleJpaRepository.findByUsernameIgnoreCase]: This method is not transactional.
2026-08-18 07:39:22.318 DEBUG [NO-REQUEST] [http-nio-8080-exec-4] org.hibernate.SQL - 
    select
        au1_0.id,
        au1_0.created_at,
        au1_0.enabled,
        au1_0.password,
        au1_0.role,
        au1_0.updated_at,
        au1_0.username 
    from
        app_users au1_0 
    where
        upper(au1_0.username)=upper(?)
2026-08-18 07:39:22.318 TRACE [NO-REQUEST] [http-nio-8080-exec-4] org.hibernate.orm.jdbc.bind - binding parameter (1:VARCHAR) <- [admin]
2026-08-18 07:39:22.336 TRACE [NO-REQUEST] [http-nio-8080-exec-4] o.s.t.i.TransactionInterceptor - Completing transaction for [com.acleda.training.studentmanagement.features.auth.CustomUserDetailsService.loadUserByUsername]
2026-08-18 07:39:22.336 DEBUG [NO-REQUEST] [http-nio-8080-exec-4] o.s.orm.jpa.JpaTransactionManager - Initiating transaction commit
2026-08-18 07:39:22.337 DEBUG [NO-REQUEST] [http-nio-8080-exec-4] o.s.orm.jpa.JpaTransactionManager - Committing JPA transaction on EntityManager [SessionImpl(631488428<open>)]
2026-08-18 07:39:22.339 DEBUG [NO-REQUEST] [http-nio-8080-exec-4] o.s.orm.jpa.JpaTransactionManager - Closing JPA EntityManager after transaction
2026-08-18 07:39:22.352 INFO  [26af55bc-a6dd-48d9-8743-ce86bc21588c] [http-nio-8080-exec-4] c.a.t.s.l.RequestLoggingInterceptor - API REQUEST | Method: POST | URI: /api/v1/enrollments/transaction-test | Query: null
2026-08-18 07:39:22.407 WARN  [26af55bc-a6dd-48d9-8743-ce86bc21588c] [http-nio-8080-exec-4] o.h.v.i.m.a.CascadingMetaDataBuilder - HV000271: Using `@Valid` on a container (java.util.List) is deprecated. You should apply the annotation on the type argument(s). Affected element: EnrollmentController#testTransaction(List, HttpServletRequest)
2026-08-18 07:39:22.462 DEBUG [26af55bc-a6dd-48d9-8743-ce86bc21588c] [http-nio-8080-exec-4] o.s.orm.jpa.JpaTransactionManager - Creating new transaction with name [com.acleda.training.studentmanagement.features.enrollment.EnrollmentServiceImpl.testBulkEnrollmentTransaction]: PROPAGATION_REQUIRED,ISOLATION_DEFAULT
2026-08-18 07:39:22.462 DEBUG [26af55bc-a6dd-48d9-8743-ce86bc21588c] [http-nio-8080-exec-4] o.s.orm.jpa.JpaTransactionManager - Opened new EntityManager [SessionImpl(411035321<open>)] for JPA transaction
2026-08-18 07:39:22.463 DEBUG [26af55bc-a6dd-48d9-8743-ce86bc21588c] [http-nio-8080-exec-4] o.s.orm.jpa.JpaTransactionManager - Exposing JPA transaction as JDBC [org.springframework.orm.jpa.vendor.HibernateJpaDialect$HibernateConnectionHandle@28c1c42c]
2026-08-18 07:39:22.463 TRACE [26af55bc-a6dd-48d9-8743-ce86bc21588c] [http-nio-8080-exec-4] o.s.t.i.TransactionInterceptor - Getting transaction for [com.acleda.training.studentmanagement.features.enrollment.EnrollmentServiceImpl.testBulkEnrollmentTransaction]
2026-08-18 07:39:22.463 TRACE [26af55bc-a6dd-48d9-8743-ce86bc21588c] [http-nio-8080-exec-4] o.s.t.i.TransactionInterceptor - No need to create transaction for [org.springframework.data.jpa.repository.support.SimpleJpaRepository.findByIdAndDeletedFalse]: This method is not transactional.
2026-08-18 07:39:22.468 DEBUG [26af55bc-a6dd-48d9-8743-ce86bc21588c] [http-nio-8080-exec-4] org.hibernate.SQL - 
    select
        s1_0.id,
        s1_0.address,
        s1_0.created_at,
        s1_0.date_of_birth,
        s1_0.deleted,
        s1_0.email,
        s1_0.enrolled_at,
        s1_0.first_name,
        s1_0.gender,
        s1_0.last_name,
        s1_0.phone_number,
        s1_0.status,
        s1_0.student_code,
        s1_0.updated_at 
    from
        students s1_0 
    where
        s1_0.id=? 
        and s1_0.deleted=false
2026-08-18 07:39:22.469 TRACE [26af55bc-a6dd-48d9-8743-ce86bc21588c] [http-nio-8080-exec-4] org.hibernate.orm.jdbc.bind - binding parameter (1:UUID) <- [6d92dffa-6858-4b39-b176-86a29d217d46]
2026-08-18 07:39:22.477 TRACE [26af55bc-a6dd-48d9-8743-ce86bc21588c] [http-nio-8080-exec-4] o.s.t.i.TransactionInterceptor - No need to create transaction for [org.springframework.data.jpa.repository.support.SimpleJpaRepository.findByIdAndDeletedFalse]: This method is not transactional.
2026-08-18 07:39:22.484 DEBUG [26af55bc-a6dd-48d9-8743-ce86bc21588c] [http-nio-8080-exec-4] org.hibernate.SQL - 
    select
        c1_0.id,
        c1_0.code,
        c1_0.created_at,
        c1_0.credit,
        c1_0.deleted,
        c1_0.department_id,
        c1_0.description,
        c1_0.name,
        c1_0.updated_at 
    from
        courses c1_0 
    where
        c1_0.id=? 
        and c1_0.deleted=false
2026-08-18 07:39:22.484 TRACE [26af55bc-a6dd-48d9-8743-ce86bc21588c] [http-nio-8080-exec-4] org.hibernate.orm.jdbc.bind - binding parameter (1:UUID) <- [ccdd86d7-16f2-45ce-b8b4-6b8b52144267]
2026-08-18 07:39:22.498 TRACE [26af55bc-a6dd-48d9-8743-ce86bc21588c] [http-nio-8080-exec-4] o.s.t.i.TransactionInterceptor - No need to create transaction for [org.springframework.data.jpa.repository.support.SimpleJpaRepository.existsByStudent_IdAndCourse_IdAndSemesterAndAcademicYearAndDeletedFalse]: This method is not transactional.
2026-08-18 07:39:22.498 DEBUG [26af55bc-a6dd-48d9-8743-ce86bc21588c] [http-nio-8080-exec-4] org.hibernate.SQL - 
    select
        e1_0.id 
    from
        enrollments e1_0 
    where
        e1_0.student_id=? 
        and e1_0.course_id=? 
        and e1_0.semester=? 
        and e1_0.academic_year=? 
        and e1_0.deleted=false 
    fetch
        first ? rows only
2026-08-18 07:39:22.498 TRACE [26af55bc-a6dd-48d9-8743-ce86bc21588c] [http-nio-8080-exec-4] org.hibernate.orm.jdbc.bind - binding parameter (1:UUID) <- [6d92dffa-6858-4b39-b176-86a29d217d46]
2026-08-18 07:39:22.498 TRACE [26af55bc-a6dd-48d9-8743-ce86bc21588c] [http-nio-8080-exec-4] org.hibernate.orm.jdbc.bind - binding parameter (2:UUID) <- [ccdd86d7-16f2-45ce-b8b4-6b8b52144267]
2026-08-18 07:39:22.498 TRACE [26af55bc-a6dd-48d9-8743-ce86bc21588c] [http-nio-8080-exec-4] org.hibernate.orm.jdbc.bind - binding parameter (3:VARCHAR) <- [SEMESTER_1]
2026-08-18 07:39:22.498 TRACE [26af55bc-a6dd-48d9-8743-ce86bc21588c] [http-nio-8080-exec-4] org.hibernate.orm.jdbc.bind - binding parameter (4:VARCHAR) <- [2026-2027]
2026-08-18 07:39:22.498 TRACE [26af55bc-a6dd-48d9-8743-ce86bc21588c] [http-nio-8080-exec-4] org.hibernate.orm.jdbc.bind - binding parameter (5:INTEGER) <- [1]
2026-08-18 07:39:22.505 DEBUG [26af55bc-a6dd-48d9-8743-ce86bc21588c] [http-nio-8080-exec-4] o.s.orm.jpa.JpaTransactionManager - Found thread-bound EntityManager [SessionImpl(411035321<open>)] for JPA transaction
2026-08-18 07:39:22.505 DEBUG [26af55bc-a6dd-48d9-8743-ce86bc21588c] [http-nio-8080-exec-4] o.s.orm.jpa.JpaTransactionManager - Participating in existing transaction
2026-08-18 07:39:22.505 TRACE [26af55bc-a6dd-48d9-8743-ce86bc21588c] [http-nio-8080-exec-4] o.s.t.i.TransactionInterceptor - Getting transaction for [org.springframework.data.jpa.repository.support.SimpleJpaRepository.saveAndFlush]
2026-08-18 07:39:22.526 DEBUG [26af55bc-a6dd-48d9-8743-ce86bc21588c] [http-nio-8080-exec-4] org.hibernate.SQL - 
    insert 
    into
        enrollments
        (academic_year, course_id, created_at, deleted, enrollment_date, grade, score, semester, status, student_id, updated_at, id) 
    values
        (?, ?, ?, ?, ?, ?, ?, ?, ?, ?, ?, ?)
2026-08-18 07:39:22.526 TRACE [26af55bc-a6dd-48d9-8743-ce86bc21588c] [http-nio-8080-exec-4] org.hibernate.orm.jdbc.bind - binding parameter (1:VARCHAR) <- [2026-2027]
2026-08-18 07:39:22.526 TRACE [26af55bc-a6dd-48d9-8743-ce86bc21588c] [http-nio-8080-exec-4] org.hibernate.orm.jdbc.bind - binding parameter (2:UUID) <- [ccdd86d7-16f2-45ce-b8b4-6b8b52144267]
2026-08-18 07:39:22.526 TRACE [26af55bc-a6dd-48d9-8743-ce86bc21588c] [http-nio-8080-exec-4] org.hibernate.orm.jdbc.bind - binding parameter (3:TIMESTAMP_UTC) <- [2026-08-18T00:39:22.519413Z]
2026-08-18 07:39:22.531 TRACE [26af55bc-a6dd-48d9-8743-ce86bc21588c] [http-nio-8080-exec-4] org.hibernate.orm.jdbc.bind - binding parameter (4:BOOLEAN) <- [false]
2026-08-18 07:39:22.531 TRACE [26af55bc-a6dd-48d9-8743-ce86bc21588c] [http-nio-8080-exec-4] org.hibernate.orm.jdbc.bind - binding parameter (5:DATE) <- [2026-08-17]
2026-08-18 07:39:22.531 TRACE [26af55bc-a6dd-48d9-8743-ce86bc21588c] [http-nio-8080-exec-4] org.hibernate.orm.jdbc.bind - binding parameter (6:VARCHAR) <- [null]
2026-08-18 07:39:22.531 TRACE [26af55bc-a6dd-48d9-8743-ce86bc21588c] [http-nio-8080-exec-4] org.hibernate.orm.jdbc.bind - binding parameter (7:DOUBLE) <- [null]
2026-08-18 07:39:22.531 TRACE [26af55bc-a6dd-48d9-8743-ce86bc21588c] [http-nio-8080-exec-4] org.hibernate.orm.jdbc.bind - binding parameter (8:VARCHAR) <- [SEMESTER_1]
2026-08-18 07:39:22.531 TRACE [26af55bc-a6dd-48d9-8743-ce86bc21588c] [http-nio-8080-exec-4] org.hibernate.orm.jdbc.bind - binding parameter (9:VARCHAR) <- [ENROLLED]
2026-08-18 07:39:22.531 TRACE [26af55bc-a6dd-48d9-8743-ce86bc21588c] [http-nio-8080-exec-4] org.hibernate.orm.jdbc.bind - binding parameter (10:UUID) <- [6d92dffa-6858-4b39-b176-86a29d217d46]
2026-08-18 07:39:22.532 TRACE [26af55bc-a6dd-48d9-8743-ce86bc21588c] [http-nio-8080-exec-4] org.hibernate.orm.jdbc.bind - binding parameter (11:TIMESTAMP_UTC) <- [2026-08-18T00:39:22.519413Z]
2026-08-18 07:39:22.532 TRACE [26af55bc-a6dd-48d9-8743-ce86bc21588c] [http-nio-8080-exec-4] org.hibernate.orm.jdbc.bind - binding parameter (12:UUID) <- [6bc1224b-d934-4488-9aa0-96c21e838651]
2026-08-18 07:39:22.533 TRACE [26af55bc-a6dd-48d9-8743-ce86bc21588c] [http-nio-8080-exec-4] o.s.t.i.TransactionInterceptor - Completing transaction for [org.springframework.data.jpa.repository.support.SimpleJpaRepository.saveAndFlush]
2026-08-18 07:39:22.537 TRACE [26af55bc-a6dd-48d9-8743-ce86bc21588c] [http-nio-8080-exec-4] o.s.t.i.TransactionInterceptor - No need to create transaction for [org.springframework.data.jpa.repository.support.SimpleJpaRepository.findByIdAndDeletedFalse]: This method is not transactional.
2026-08-18 07:39:22.538 DEBUG [26af55bc-a6dd-48d9-8743-ce86bc21588c] [http-nio-8080-exec-4] org.hibernate.SQL - 
    select
        s1_0.id,
        s1_0.address,
        s1_0.created_at,
        s1_0.date_of_birth,
        s1_0.deleted,
        s1_0.email,
        s1_0.enrolled_at,
        s1_0.first_name,
        s1_0.gender,
        s1_0.last_name,
        s1_0.phone_number,
        s1_0.status,
        s1_0.student_code,
        s1_0.updated_at 
    from
        students s1_0 
    where
        s1_0.id=? 
        and s1_0.deleted=false
2026-08-18 07:39:22.538 TRACE [26af55bc-a6dd-48d9-8743-ce86bc21588c] [http-nio-8080-exec-4] org.hibernate.orm.jdbc.bind - binding parameter (1:UUID) <- [40b8cd1a-1fdc-4adb-aec1-a8f6b0a9465e]
2026-08-18 07:39:22.540 TRACE [26af55bc-a6dd-48d9-8743-ce86bc21588c] [http-nio-8080-exec-4] o.s.t.i.TransactionInterceptor - No need to create transaction for [org.springframework.data.jpa.repository.support.SimpleJpaRepository.findByIdAndDeletedFalse]: This method is not transactional.
2026-08-18 07:39:22.541 DEBUG [26af55bc-a6dd-48d9-8743-ce86bc21588c] [http-nio-8080-exec-4] org.hibernate.SQL - 
    select
        c1_0.id,
        c1_0.code,
        c1_0.created_at,
        c1_0.credit,
        c1_0.deleted,
        c1_0.department_id,
        c1_0.description,
        c1_0.name,
        c1_0.updated_at 
    from
        courses c1_0 
    where
        c1_0.id=? 
        and c1_0.deleted=false
2026-08-18 07:39:22.541 TRACE [26af55bc-a6dd-48d9-8743-ce86bc21588c] [http-nio-8080-exec-4] org.hibernate.orm.jdbc.bind - binding parameter (1:UUID) <- [1d7be45c-dd6b-4fd3-aec2-1c92b1acd638]
2026-08-18 07:39:22.541 TRACE [26af55bc-a6dd-48d9-8743-ce86bc21588c] [http-nio-8080-exec-4] o.s.t.i.TransactionInterceptor - No need to create transaction for [org.springframework.data.jpa.repository.support.SimpleJpaRepository.existsByStudent_IdAndCourse_IdAndSemesterAndAcademicYearAndDeletedFalse]: This method is not transactional.
2026-08-18 07:39:22.543 DEBUG [26af55bc-a6dd-48d9-8743-ce86bc21588c] [http-nio-8080-exec-4] org.hibernate.SQL - 
    select
        e1_0.id 
    from
        enrollments e1_0 
    where
        e1_0.student_id=? 
        and e1_0.course_id=? 
        and e1_0.semester=? 
        and e1_0.academic_year=? 
        and e1_0.deleted=false 
    fetch
        first ? rows only
2026-08-18 07:39:22.544 TRACE [26af55bc-a6dd-48d9-8743-ce86bc21588c] [http-nio-8080-exec-4] org.hibernate.orm.jdbc.bind - binding parameter (1:UUID) <- [40b8cd1a-1fdc-4adb-aec1-a8f6b0a9465e]
2026-08-18 07:39:22.544 TRACE [26af55bc-a6dd-48d9-8743-ce86bc21588c] [http-nio-8080-exec-4] org.hibernate.orm.jdbc.bind - binding parameter (2:UUID) <- [1d7be45c-dd6b-4fd3-aec2-1c92b1acd638]
2026-08-18 07:39:22.544 TRACE [26af55bc-a6dd-48d9-8743-ce86bc21588c] [http-nio-8080-exec-4] org.hibernate.orm.jdbc.bind - binding parameter (3:VARCHAR) <- [SEMESTER_1]
2026-08-18 07:39:22.544 TRACE [26af55bc-a6dd-48d9-8743-ce86bc21588c] [http-nio-8080-exec-4] org.hibernate.orm.jdbc.bind - binding parameter (4:VARCHAR) <- [2026-2027]
2026-08-18 07:39:22.544 TRACE [26af55bc-a6dd-48d9-8743-ce86bc21588c] [http-nio-8080-exec-4] org.hibernate.orm.jdbc.bind - binding parameter (5:INTEGER) <- [1]
2026-08-18 07:39:22.545 TRACE [26af55bc-a6dd-48d9-8743-ce86bc21588c] [http-nio-8080-exec-4] o.s.t.i.TransactionInterceptor - Completing transaction for [com.acleda.training.studentmanagement.features.enrollment.EnrollmentServiceImpl.testBulkEnrollmentTransaction] after exception: com.acleda.training.studentmanagement.exception.ConflictException: Student is already enrolled in this course for SEMESTER_1 2026-2027
2026-08-18 07:39:22.545 TRACE [26af55bc-a6dd-48d9-8743-ce86bc21588c] [http-nio-8080-exec-4] o.s.t.i.TransactionInterceptor - MethodRollbackEvent: com.acleda.training.studentmanagement.features.enrollment.EnrollmentServiceImpl.testBulkEnrollmentTransaction [com.acleda.training.studentmanagement.exception.ConflictException: Student is already enrolled in this course for SEMESTER_1 2026-2027]
com.acleda.training.studentmanagement.exception.ConflictException: Student is already enrolled in this course for SEMESTER_1 2026-2027
	at com.acleda.training.studentmanagement.features.enrollment.EnrollmentServiceImpl.createEnrollment(EnrollmentServiceImpl.java:75)
	at com.acleda.training.studentmanagement.features.enrollment.EnrollmentServiceImpl.testBulkEnrollmentTransaction(EnrollmentServiceImpl.java:322)
	at java.base/jdk.internal.reflect.DirectMethodHandleAccessor.invoke(DirectMethodHandleAccessor.java:104)
	at java.base/java.lang.reflect.Method.invoke(Method.java:565)
	at org.springframework.aop.support.AopUtils.invokeJoinpointUsingReflection(AopUtils.java:359)
	at org.springframework.aop.framework.ReflectiveMethodInvocation.invokeJoinpoint(ReflectiveMethodInvocation.java:190)
	at org.springframework.aop.framework.ReflectiveMethodInvocation.proceed(ReflectiveMethodInvocation.java:158)
	at org.springframework.transaction.interceptor.TransactionInterceptor$1.proceedWithInvocation(TransactionInterceptor.java:133)
	at org.springframework.transaction.interceptor.TransactionAspectSupport.invokeWithinTransaction(TransactionAspectSupport.java:371)
	at org.springframework.transaction.interceptor.TransactionInterceptor.invoke(TransactionInterceptor.java:130)
	at org.springframework.aop.framework.ReflectiveMethodInvocation.proceed(ReflectiveMethodInvocation.java:179)
	at org.springframework.aop.framework.CglibAopProxy$DynamicAdvisedInterceptor.intercept(CglibAopProxy.java:719)
	at com.acleda.training.studentmanagement.features.enrollment.EnrollmentServiceImpl$$SpringCGLIB$$0.testBulkEnrollmentTransaction(<generated>)
	at com.acleda.training.studentmanagement.features.enrollment.EnrollmentController.testTransaction(EnrollmentController.java:223)
	at java.base/jdk.internal.reflect.DirectMethodHandleAccessor.invoke(DirectMethodHandleAccessor.java:104)
	at java.base/java.lang.reflect.Method.invoke(Method.java:565)
	at org.springframework.web.method.support.InvocableHandlerMethod.doInvoke(InvocableHandlerMethod.java:252)
	at org.springframework.web.method.support.InvocableHandlerMethod.invokeForRequest(InvocableHandlerMethod.java:184)
	at org.springframework.web.servlet.mvc.method.annotation.ServletInvocableHandlerMethod.invokeAndHandle(ServletInvocableHandlerMethod.java:117)
	at org.springframework.web.servlet.mvc.method.annotation.RequestMappingHandlerAdapter.invokeHandlerMethod(RequestMappingHandlerAdapter.java:934)
	at org.springframework.web.servlet.mvc.method.annotation.RequestMappingHandlerAdapter.handleInternal(RequestMappingHandlerAdapter.java:853)
	at org.springframework.web.servlet.mvc.method.AbstractHandlerMethodAdapter.handle(AbstractHandlerMethodAdapter.java:86)
	at org.springframework.web.servlet.DispatcherServlet.doDispatch(DispatcherServlet.java:963)
	at org.springframework.web.servlet.DispatcherServlet.doService(DispatcherServlet.java:866)
	at org.springframework.web.servlet.FrameworkServlet.processRequest(FrameworkServlet.java:1000)
	at org.springframework.web.servlet.FrameworkServlet.doPost(FrameworkServlet.java:903)
	at jakarta.servlet.http.HttpServlet.service(HttpServlet.java:649)
	at org.springframework.web.servlet.FrameworkServlet.service(FrameworkServlet.java:874)
	at jakarta.servlet.http.HttpServlet.service(HttpServlet.java:710)
	at org.apache.catalina.core.ApplicationFilterChain.doFilter(ApplicationFilterChain.java:128)
	at org.apache.tomcat.websocket.server.WsFilter.doFilter(WsFilter.java:53)
	at org.apache.catalina.core.ApplicationFilterChain.doFilter(ApplicationFilterChain.java:107)
	at com.acleda.training.studentmanagement.logging.RequestIdFilter.doFilterInternal(RequestIdFilter.java:40)
	at org.springframework.web.filter.OncePerRequestFilter.doFilter(OncePerRequestFilter.java:116)
	at org.apache.catalina.core.ApplicationFilterChain.doFilter(ApplicationFilterChain.java:107)
	at org.springframework.web.filter.OncePerRequestFilter.doFilter(OncePerRequestFilter.java:110)
	at org.apache.catalina.core.ApplicationFilterChain.doFilter(ApplicationFilterChain.java:107)
	at org.springframework.web.filter.OncePerRequestFilter.doFilter(OncePerRequestFilter.java:101)
	at org.apache.catalina.core.ApplicationFilterChain.doFilter(ApplicationFilterChain.java:107)
	at org.springframework.web.filter.CompositeFilter$VirtualFilterChain.doFilter(CompositeFilter.java:108)
	at org.springframework.security.web.FilterChainProxy.lambda$doFilterInternal$2(FilterChainProxy.java:235)
	at org.springframework.security.web.ObservationFilterChainDecorator$FilterObservation$SimpleFilterObservation.lambda$wrap$1(ObservationFilterChainDecorator.java:491)
	at org.springframework.security.web.ObservationFilterChainDecorator$AroundFilterObservation$SimpleAroundFilterObservation.lambda$wrap$1(ObservationFilterChainDecorator.java:353)
	at org.springframework.security.web.ObservationFilterChainDecorator.lambda$wrapSecured$0(ObservationFilterChainDecorator.java:84)
	at org.springframework.security.web.ObservationFilterChainDecorator$VirtualFilterChain.doFilter(ObservationFilterChainDecorator.java:131)
	at org.springframework.security.web.access.intercept.AuthorizationFilter.doFilter(AuthorizationFilter.java:101)
	at org.springframework.security.web.ObservationFilterChainDecorator$ObservationFilter.wrapFilter(ObservationFilterChainDecorator.java:243)
	at org.springframework.security.web.ObservationFilterChainDecorator$ObservationFilter.doFilter(ObservationFilterChainDecorator.java:230)
	at org.springframework.security.web.ObservationFilterChainDecorator$VirtualFilterChain.doFilter(ObservationFilterChainDecorator.java:140)
	at org.springframework.security.web.access.ExceptionTranslationFilter.doFilter(ExceptionTranslationFilter.java:126)
	at org.springframework.security.web.access.ExceptionTranslationFilter.doFilter(ExceptionTranslationFilter.java:120)
	at org.springframework.security.web.ObservationFilterChainDecorator$ObservationFilter.wrapFilter(ObservationFilterChainDecorator.java:243)
	at org.springframework.security.web.ObservationFilterChainDecorator$ObservationFilter.doFilter(ObservationFilterChainDecorator.java:230)
	at org.springframework.security.web.ObservationFilterChainDecorator$VirtualFilterChain.doFilter(ObservationFilterChainDecorator.java:140)
	at org.springframework.security.web.session.SessionManagementFilter.doFilter(SessionManagementFilter.java:132)
	at org.springframework.security.web.session.SessionManagementFilter.doFilter(SessionManagementFilter.java:86)
	at org.springframework.security.web.ObservationFilterChainDecorator$ObservationFilter.wrapFilter(ObservationFilterChainDecorator.java:243)
	at org.springframework.security.web.ObservationFilterChainDecorator$ObservationFilter.doFilter(ObservationFilterChainDecorator.java:230)
	at org.springframework.security.web.ObservationFilterChainDecorator$VirtualFilterChain.doFilter(ObservationFilterChainDecorator.java:140)
	at org.springframework.security.web.authentication.AnonymousAuthenticationFilter.doFilter(AnonymousAuthenticationFilter.java:100)
	at org.springframework.security.web.ObservationFilterChainDecorator$ObservationFilter.wrapFilter(ObservationFilterChainDecorator.java:243)
	at org.springframework.security.web.ObservationFilterChainDecorator$ObservationFilter.doFilter(ObservationFilterChainDecorator.java:230)
	at org.springframework.security.web.ObservationFilterChainDecorator$VirtualFilterChain.doFilter(ObservationFilterChainDecorator.java:140)
	at org.springframework.security.web.servletapi.SecurityContextHolderAwareRequestFilter.doFilter(SecurityContextHolderAwareRequestFilter.java:181)
	at org.springframework.security.web.ObservationFilterChainDecorator$ObservationFilter.wrapFilter(ObservationFilterChainDecorator.java:243)
	at org.springframework.security.web.ObservationFilterChainDecorator$ObservationFilter.doFilter(ObservationFilterChainDecorator.java:230)
	at org.springframework.security.web.ObservationFilterChainDecorator$VirtualFilterChain.doFilter(ObservationFilterChainDecorator.java:140)
	at org.springframework.security.web.savedrequest.RequestCacheAwareFilter.doFilter(RequestCacheAwareFilter.java:63)
	at org.springframework.security.web.ObservationFilterChainDecorator$ObservationFilter.wrapFilter(ObservationFilterChainDecorator.java:243)
	at org.springframework.security.web.ObservationFilterChainDecorator$ObservationFilter.doFilter(ObservationFilterChainDecorator.java:230)
	at org.springframework.security.web.ObservationFilterChainDecorator$VirtualFilterChain.doFilter(ObservationFilterChainDecorator.java:140)
	at com.acleda.training.studentmanagement.features.auth.JwtAuthenticationFilter.doFilterInternal(JwtAuthenticationFilter.java:91)
	at org.springframework.web.filter.OncePerRequestFilter.doFilter(OncePerRequestFilter.java:116)
	at org.springframework.security.web.ObservationFilterChainDecorator$ObservationFilter.wrapFilter(ObservationFilterChainDecorator.java:243)
	at org.springframework.security.web.ObservationFilterChainDecorator$ObservationFilter.doFilter(ObservationFilterChainDecorator.java:230)
	at org.springframework.security.web.ObservationFilterChainDecorator$VirtualFilterChain.doFilter(ObservationFilterChainDecorator.java:140)
	at org.springframework.security.web.header.HeaderWriterFilter.doHeadersAfter(HeaderWriterFilter.java:90)
	at org.springframework.security.web.header.HeaderWriterFilter.doFilterInternal(HeaderWriterFilter.java:75)
	at org.springframework.web.filter.OncePerRequestFilter.doFilter(OncePerRequestFilter.java:116)
	at org.springframework.security.web.ObservationFilterChainDecorator$ObservationFilter.wrapFilter(ObservationFilterChainDecorator.java:243)
	at org.springframework.security.web.ObservationFilterChainDecorator$ObservationFilter.doFilter(ObservationFilterChainDecorator.java:230)
	at org.springframework.security.web.ObservationFilterChainDecorator$VirtualFilterChain.doFilter(ObservationFilterChainDecorator.java:140)
	at org.springframework.security.web.context.SecurityContextHolderFilter.doFilter(SecurityContextHolderFilter.java:82)
	at org.springframework.security.web.context.SecurityContextHolderFilter.doFilter(SecurityContextHolderFilter.java:69)
	at org.springframework.security.web.ObservationFilterChainDecorator$ObservationFilter.wrapFilter(ObservationFilterChainDecorator.java:243)
	at org.springframework.security.web.ObservationFilterChainDecorator$ObservationFilter.doFilter(ObservationFilterChainDecorator.java:230)
	at org.springframework.security.web.ObservationFilterChainDecorator$VirtualFilterChain.doFilter(ObservationFilterChainDecorator.java:140)
	at org.springframework.security.web.context.request.async.WebAsyncManagerIntegrationFilter.doFilterInternal(WebAsyncManagerIntegrationFilter.java:62)
	at org.springframework.web.filter.OncePerRequestFilter.doFilter(OncePerRequestFilter.java:116)
	at org.springframework.security.web.ObservationFilterChainDecorator$ObservationFilter.wrapFilter(ObservationFilterChainDecorator.java:243)
	at org.springframework.security.web.ObservationFilterChainDecorator$ObservationFilter.doFilter(ObservationFilterChainDecorator.java:230)
	at org.springframework.security.web.ObservationFilterChainDecorator$VirtualFilterChain.doFilter(ObservationFilterChainDecorator.java:140)
	at org.springframework.security.web.session.DisableEncodeUrlFilter.doFilterInternal(DisableEncodeUrlFilter.java:42)
	at org.springframework.web.filter.OncePerRequestFilter.doFilter(OncePerRequestFilter.java:116)
	at org.springframework.security.web.ObservationFilterChainDecorator$ObservationFilter.wrapFilter(ObservationFilterChainDecorator.java:243)
	at org.springframework.security.web.ObservationFilterChainDecorator$AroundFilterObservation$SimpleAroundFilterObservation.lambda$wrap$0(ObservationFilterChainDecorator.java:336)
	at org.springframework.security.web.ObservationFilterChainDecorator$ObservationFilter.doFilter(ObservationFilterChainDecorator.java:227)
	at org.springframework.security.web.ObservationFilterChainDecorator$VirtualFilterChain.doFilter(ObservationFilterChainDecorator.java:140)
	at org.springframework.security.web.FilterChainProxy.doFilterInternal(FilterChainProxy.java:237)
	at org.springframework.security.web.FilterChainProxy.doFilter(FilterChainProxy.java:195)
	at org.springframework.web.filter.CompositeFilter$VirtualFilterChain.doFilter(CompositeFilter.java:113)
	at org.springframework.web.filter.ServletRequestPathFilter.doFilter(ServletRequestPathFilter.java:52)
	at org.springframework.web.filter.CompositeFilter$VirtualFilterChain.doFilter(CompositeFilter.java:113)
	at org.springframework.web.filter.CompositeFilter.doFilter(CompositeFilter.java:74)
	at org.springframework.security.config.annotation.web.configuration.WebSecurityConfiguration$CompositeFilterChainProxy.doFilter(WebSecurityConfiguration.java:317)
	at org.springframework.web.filter.DelegatingFilterProxy.invokeDelegate(DelegatingFilterProxy.java:355)
	at org.springframework.web.filter.DelegatingFilterProxy.doFilter(DelegatingFilterProxy.java:272)
	at org.apache.catalina.core.ApplicationFilterChain.doFilter(ApplicationFilterChain.java:107)
	at org.springframework.web.filter.RequestContextFilter.doFilterInternal(RequestContextFilter.java:100)
	at org.springframework.web.filter.OncePerRequestFilter.doFilter(OncePerRequestFilter.java:116)
	at org.apache.catalina.core.ApplicationFilterChain.doFilter(ApplicationFilterChain.java:107)
	at org.springframework.web.filter.FormContentFilter.doFilterInternal(FormContentFilter.java:93)
	at org.springframework.web.filter.OncePerRequestFilter.doFilter(OncePerRequestFilter.java:116)
	at org.apache.catalina.core.ApplicationFilterChain.doFilter(ApplicationFilterChain.java:107)
	at org.springframework.web.filter.ServerHttpObservationFilter.doFilterInternal(ServerHttpObservationFilter.java:110)
	at org.springframework.web.filter.OncePerRequestFilter.doFilter(OncePerRequestFilter.java:116)
	at org.apache.catalina.core.ApplicationFilterChain.doFilter(ApplicationFilterChain.java:107)
	at org.springframework.web.filter.CharacterEncodingFilter.doFilterInternal(CharacterEncodingFilter.java:199)
	at org.springframework.web.filter.OncePerRequestFilter.doFilter(OncePerRequestFilter.java:116)
	at org.apache.catalina.core.ApplicationFilterChain.doFilter(ApplicationFilterChain.java:107)
	at org.apache.catalina.core.StandardWrapperValve.invoke(StandardWrapperValve.java:165)
	at org.apache.catalina.core.StandardContextValve.invoke(StandardContextValve.java:77)
	at org.apache.catalina.authenticator.AuthenticatorBase.invoke(AuthenticatorBase.java:492)
	at org.apache.catalina.core.StandardHostValve.invoke(StandardHostValve.java:113)
	at org.apache.catalina.valves.ErrorReportValve.invoke(ErrorReportValve.java:83)
	at org.apache.catalina.core.StandardEngineValve.invoke(StandardEngineValve.java:72)
	at org.apache.catalina.connector.CoyoteAdapter.service(CoyoteAdapter.java:341)
	at org.apache.coyote.http11.Http11Processor.service(Http11Processor.java:397)
	at org.apache.coyote.AbstractProcessorLight.process(AbstractProcessorLight.java:63)
	at org.apache.coyote.AbstractProtocol$ConnectionHandler.process(AbstractProtocol.java:1272)
	at org.apache.tomcat.util.net.NioEndpoint$SocketProcessor.doRun(NioEndpoint.java:1801)
	at org.apache.tomcat.util.net.SocketProcessorBase.run(SocketProcessorBase.java:52)
	at org.apache.tomcat.util.threads.ThreadPoolExecutor.runWorker(ThreadPoolExecutor.java:946)
	at org.apache.tomcat.util.threads.ThreadPoolExecutor$Worker.run(ThreadPoolExecutor.java:480)
	at org.apache.tomcat.util.threads.TaskThread$WrappingRunnable.run(TaskThread.java:57)
	at java.base/java.lang.Thread.run(Thread.java:1474)
2026-08-18 07:39:22.546 DEBUG [26af55bc-a6dd-48d9-8743-ce86bc21588c] [http-nio-8080-exec-4] o.s.orm.jpa.JpaTransactionManager - Initiating transaction rollback
2026-08-18 07:39:22.551 DEBUG [26af55bc-a6dd-48d9-8743-ce86bc21588c] [http-nio-8080-exec-4] o.s.orm.jpa.JpaTransactionManager - Rolling back JPA transaction on EntityManager [SessionImpl(411035321<open>)]
2026-08-18 07:39:22.552 DEBUG [26af55bc-a6dd-48d9-8743-ce86bc21588c] [http-nio-8080-exec-4] o.s.orm.jpa.JpaTransactionManager - Closing JPA EntityManager after transaction
2026-08-18 07:39:22.553 WARN  [26af55bc-a6dd-48d9-8743-ce86bc21588c] [http-nio-8080-exec-4] c.a.t.s.e.GlobalExceptionHandler - CONFLICT | Method: POST | URI: /api/v1/enrollments/transaction-test | Message: Student is already enrolled in this course for SEMESTER_1 2026-2027
2026-08-18 07:39:22.589 INFO  [26af55bc-a6dd-48d9-8743-ce86bc21588c] [http-nio-8080-exec-4] c.a.t.s.l.RequestLoggingInterceptor - API RESPONSE | Method: POST | URI: /api/v1/enrollments/transaction-test | Status: 409 | Duration: 238ms
2026-08-18 07:40:29.095 INFO  [NO-REQUEST] [SpringApplicationShutdownHook] o.s.boot.tomcat.GracefulShutdown - Commencing graceful shutdown. Waiting for active requests to complete
2026-08-18 07:40:29.103 INFO  [NO-REQUEST] [tomcat-shutdown] o.s.boot.tomcat.GracefulShutdown - Graceful shutdown complete
2026-08-18 07:40:31.135 INFO  [NO-REQUEST] [SpringApplicationShutdownHook] o.s.o.j.LocalContainerEntityManagerFactoryBean - Closing JPA EntityManagerFactory for persistence unit 'default'
2026-08-18 07:40:31.137 INFO  [NO-REQUEST] [SpringApplicationShutdownHook] com.zaxxer.hikari.HikariDataSource - HikariPool-1 - Shutdown initiated...
2026-08-18 07:40:31.139 INFO  [NO-REQUEST] [SpringApplicationShutdownHook] com.zaxxer.hikari.HikariDataSource - HikariPool-1 - Shutdown completed.
2026-08-18 09:00:32.201 INFO  [NO-REQUEST] [main] c.a.t.s.StudentManagementApiApplication - Starting StudentManagementApiApplication using Java 25.0.4 with PID 16752 (D:\student-management-api\build\classes\java\main started by USER in D:\student-management-api)
2026-08-18 09:00:32.203 INFO  [NO-REQUEST] [main] c.a.t.s.StudentManagementApiApplication - No active profile set, falling back to 1 default profile: "default"
2026-08-18 09:00:33.106 INFO  [NO-REQUEST] [main] o.s.d.r.c.RepositoryConfigurationDelegate - Multiple Spring Data modules found, entering strict repository configuration mode
2026-08-18 09:00:33.108 INFO  [NO-REQUEST] [main] o.s.d.r.c.RepositoryConfigurationDelegate - Bootstrapping Spring Data JPA repositories in DEFAULT mode.
2026-08-18 09:00:33.230 INFO  [NO-REQUEST] [main] o.s.d.r.c.RepositoryConfigurationDelegate - Finished Spring Data repository scanning in 115 ms. Found 7 JPA repository interfaces.
2026-08-18 09:00:33.241 INFO  [NO-REQUEST] [main] o.s.d.r.c.RepositoryConfigurationDelegate - Multiple Spring Data modules found, entering strict repository configuration mode
2026-08-18 09:00:33.242 INFO  [NO-REQUEST] [main] o.s.d.r.c.RepositoryConfigurationDelegate - Bootstrapping Spring Data Redis repositories in DEFAULT mode.
2026-08-18 09:00:33.255 INFO  [NO-REQUEST] [main] o.s.d.r.c.RepositoryConfigurationExtensionSupport - Spring Data Redis - Could not safely identify store assignment for repository candidate interface com.acleda.training.studentmanagement.features.auth.AppUserRepository; If you want this repository to be a Redis repository, consider annotating your entities with one of these annotations: org.springframework.data.redis.core.RedisHash (preferred), or consider extending one of the following types with your repository: org.springframework.data.keyvalue.repository.KeyValueRepository
2026-08-18 09:00:33.255 INFO  [NO-REQUEST] [main] o.s.d.r.c.RepositoryConfigurationExtensionSupport - Spring Data Redis - Could not safely identify store assignment for repository candidate interface com.acleda.training.studentmanagement.features.course.CourseRepository; If you want this repository to be a Redis repository, consider annotating your entities with one of these annotations: org.springframework.data.redis.core.RedisHash (preferred), or consider extending one of the following types with your repository: org.springframework.data.keyvalue.repository.KeyValueRepository
2026-08-18 09:00:33.256 INFO  [NO-REQUEST] [main] o.s.d.r.c.RepositoryConfigurationExtensionSupport - Spring Data Redis - Could not safely identify store assignment for repository candidate interface com.acleda.training.studentmanagement.features.course.offering.CourseOfferingRepository; If you want this repository to be a Redis repository, consider annotating your entities with one of these annotations: org.springframework.data.redis.core.RedisHash (preferred), or consider extending one of the following types with your repository: org.springframework.data.keyvalue.repository.KeyValueRepository
2026-08-18 09:00:33.256 INFO  [NO-REQUEST] [main] o.s.d.r.c.RepositoryConfigurationExtensionSupport - Spring Data Redis - Could not safely identify store assignment for repository candidate interface com.acleda.training.studentmanagement.features.department.DepartmentRepository; If you want this repository to be a Redis repository, consider annotating your entities with one of these annotations: org.springframework.data.redis.core.RedisHash (preferred), or consider extending one of the following types with your repository: org.springframework.data.keyvalue.repository.KeyValueRepository
2026-08-18 09:00:33.256 INFO  [NO-REQUEST] [main] o.s.d.r.c.RepositoryConfigurationExtensionSupport - Spring Data Redis - Could not safely identify store assignment for repository candidate interface com.acleda.training.studentmanagement.features.enrollment.EnrollmentRepository; If you want this repository to be a Redis repository, consider annotating your entities with one of these annotations: org.springframework.data.redis.core.RedisHash (preferred), or consider extending one of the following types with your repository: org.springframework.data.keyvalue.repository.KeyValueRepository
2026-08-18 09:00:33.256 INFO  [NO-REQUEST] [main] o.s.d.r.c.RepositoryConfigurationExtensionSupport - Spring Data Redis - Could not safely identify store assignment for repository candidate interface com.acleda.training.studentmanagement.features.instructor.InstructorRepository; If you want this repository to be a Redis repository, consider annotating your entities with one of these annotations: org.springframework.data.redis.core.RedisHash (preferred), or consider extending one of the following types with your repository: org.springframework.data.keyvalue.repository.KeyValueRepository
2026-08-18 09:00:33.256 INFO  [NO-REQUEST] [main] o.s.d.r.c.RepositoryConfigurationExtensionSupport - Spring Data Redis - Could not safely identify store assignment for repository candidate interface com.acleda.training.studentmanagement.features.student.StudentRepository; If you want this repository to be a Redis repository, consider annotating your entities with one of these annotations: org.springframework.data.redis.core.RedisHash (preferred), or consider extending one of the following types with your repository: org.springframework.data.keyvalue.repository.KeyValueRepository
2026-08-18 09:00:33.256 INFO  [NO-REQUEST] [main] o.s.d.r.c.RepositoryConfigurationDelegate - Finished Spring Data repository scanning in 8 ms. Found 0 Redis repository interfaces.
2026-08-18 09:00:33.702 INFO  [NO-REQUEST] [main] o.s.boot.tomcat.TomcatWebServer - Tomcat initialized with port 8080 (http)
2026-08-18 09:00:33.712 INFO  [NO-REQUEST] [main] o.a.catalina.core.StandardService - Starting service [Tomcat]
2026-08-18 09:00:33.712 INFO  [NO-REQUEST] [main] o.a.catalina.core.StandardEngine - Starting Servlet engine: [Apache Tomcat/11.0.22]
2026-08-18 09:00:33.772 INFO  [NO-REQUEST] [main] o.s.b.w.c.s.WebApplicationContextInitializer - Root WebApplicationContext: initialization completed in 1537 ms
2026-08-18 09:00:34.040 INFO  [NO-REQUEST] [main] org.hibernate.orm.jpa - HHH008540: Processing PersistenceUnitInfo [name: default]
2026-08-18 09:00:34.085 INFO  [NO-REQUEST] [main] org.hibernate.orm.core - HHH000001: Hibernate ORM core version 7.4.1.Final
2026-08-18 09:00:34.443 INFO  [NO-REQUEST] [main] o.s.o.j.p.SpringPersistenceUnitInfo - No LoadTimeWeaver setup: ignoring JPA class transformer
2026-08-18 09:00:34.471 INFO  [NO-REQUEST] [main] com.zaxxer.hikari.HikariDataSource - HikariPool-1 - Starting...
2026-08-18 09:00:34.633 INFO  [NO-REQUEST] [main] com.zaxxer.hikari.pool.HikariPool - HikariPool-1 - Added connection org.postgresql.jdbc.PgConnection@34ff08c6
2026-08-18 09:00:34.634 INFO  [NO-REQUEST] [main] com.zaxxer.hikari.HikariDataSource - HikariPool-1 - Start completed.
2026-08-18 09:00:34.691 INFO  [NO-REQUEST] [main] o.hibernate.orm.connections.pooling - HHH10001005: Database info:
	Database JDBC URL [jdbc:postgresql://localhost:5432/student_management_db]
	Database driver: PostgreSQL JDBC Driver
	Database dialect: PostgreSQLDialect
	Database version: 18.4
	Default catalog/schema: student_management_db/public
	Autocommit mode: undefined/unknown
	Isolation level: READ_COMMITTED [default READ_COMMITTED]
	JDBC fetch size: none
	Pool: DataSourceConnectionProvider
	Minimum pool size: undefined/unknown
	Maximum pool size: undefined/unknown
2026-08-18 09:00:35.508 INFO  [NO-REQUEST] [main] org.hibernate.orm.core - HHH000489: No JTA platform available (set 'hibernate.transaction.jta.platform' to enable JTA platform integration)
2026-08-18 09:00:35.653 INFO  [NO-REQUEST] [main] o.s.o.j.LocalContainerEntityManagerFactoryBean - Initialized JPA EntityManagerFactory for persistence unit 'default'
2026-08-18 09:00:35.697 INFO  [NO-REQUEST] [main] o.s.d.j.r.q.QueryEnhancerFactories - Hibernate is in classpath; If applicable, HQL parser will be used.
2026-08-18 09:00:35.823 TRACE [NO-REQUEST] [main] o.s.t.a.AnnotationTransactionAttributeSource - Adding transactional method 'com.acleda.training.studentmanagement.features.auth.CustomUserDetailsService.loadUserByUsername' with attribute: PROPAGATION_REQUIRED,ISOLATION_DEFAULT,readOnly
2026-08-18 09:00:36.305 INFO  [NO-REQUEST] [main] o.s.s.c.a.a.c.InitializeAuthenticationProviderBeanManagerConfigurer$InitializeAuthenticationProviderManagerConfigurer - Global AuthenticationManager configured with AuthenticationProvider bean with name authenticationProvider
2026-08-18 09:00:36.306 WARN  [NO-REQUEST] [main] o.s.s.c.a.a.c.InitializeUserDetailsBeanManagerConfigurer$InitializeUserDetailsManagerConfigurer - Global AuthenticationManager configured with an AuthenticationProvider bean. UserDetailsService beans will not be used by Spring Security for automatically configuring username/password login. Consider removing the AuthenticationProvider bean. Alternatively, consider using the UserDetailsService in a manually instantiated DaoAuthenticationProvider. If the current configuration is intentional, to turn off this warning, increase the logging level of 'org.springframework.security.config.annotation.authentication.configuration.InitializeUserDetailsBeanManagerConfigurer' to ERROR
2026-08-18 09:00:36.314 TRACE [NO-REQUEST] [main] o.s.t.a.AnnotationTransactionAttributeSource - Adding transactional method 'com.acleda.training.studentmanagement.features.auth.AuthService.register' with attribute: PROPAGATION_REQUIRED,ISOLATION_DEFAULT
2026-08-18 09:00:36.316 TRACE [NO-REQUEST] [main] o.s.t.a.AnnotationTransactionAttributeSource - Adding transactional method 'com.acleda.training.studentmanagement.features.auth.AuthService.login' with attribute: PROPAGATION_REQUIRED,ISOLATION_DEFAULT,readOnly
2026-08-18 09:00:36.317 TRACE [NO-REQUEST] [main] o.s.t.a.AnnotationTransactionAttributeSource - Adding transactional method 'com.acleda.training.studentmanagement.features.auth.AuthService.refreshToken' with attribute: PROPAGATION_REQUIRED,ISOLATION_DEFAULT,readOnly
2026-08-18 09:00:37.260 TRACE [NO-REQUEST] [main] o.s.t.a.AnnotationTransactionAttributeSource - Adding transactional method 'com.acleda.training.studentmanagement.features.course.CourseServiceImpl.getCourses' with attribute: PROPAGATION_REQUIRED,ISOLATION_DEFAULT,readOnly
2026-08-18 09:00:37.261 TRACE [NO-REQUEST] [main] o.s.t.a.AnnotationTransactionAttributeSource - Adding transactional method 'com.acleda.training.studentmanagement.features.course.CourseServiceImpl.deleteCourse' with attribute: PROPAGATION_REQUIRED,ISOLATION_DEFAULT
2026-08-18 09:00:37.261 TRACE [NO-REQUEST] [main] o.s.t.a.AnnotationTransactionAttributeSource - Adding transactional method 'com.acleda.training.studentmanagement.features.course.CourseServiceImpl.updateCourse' with attribute: PROPAGATION_REQUIRED,ISOLATION_DEFAULT
2026-08-18 09:00:37.261 TRACE [NO-REQUEST] [main] o.s.t.a.AnnotationTransactionAttributeSource - Adding transactional method 'com.acleda.training.studentmanagement.features.course.CourseServiceImpl.createCourse' with attribute: PROPAGATION_REQUIRED,ISOLATION_DEFAULT
2026-08-18 09:00:37.262 TRACE [NO-REQUEST] [main] o.s.t.a.AnnotationTransactionAttributeSource - Adding transactional method 'com.acleda.training.studentmanagement.features.course.CourseServiceImpl.getCourseById' with attribute: PROPAGATION_REQUIRED,ISOLATION_DEFAULT,readOnly
2026-08-18 09:00:37.496 TRACE [NO-REQUEST] [main] o.s.t.a.AnnotationTransactionAttributeSource - Adding transactional method 'com.acleda.training.studentmanagement.features.course.offering.CourseOfferingServiceImpl.updateCourseOffering' with attribute: PROPAGATION_REQUIRED,ISOLATION_DEFAULT
2026-08-18 09:00:37.498 TRACE [NO-REQUEST] [main] o.s.t.a.AnnotationTransactionAttributeSource - Adding transactional method 'com.acleda.training.studentmanagement.features.course.offering.CourseOfferingServiceImpl.createCourseOffering' with attribute: PROPAGATION_REQUIRED,ISOLATION_DEFAULT
2026-08-18 09:00:37.498 TRACE [NO-REQUEST] [main] o.s.t.a.AnnotationTransactionAttributeSource - Adding transactional method 'com.acleda.training.studentmanagement.features.course.offering.CourseOfferingServiceImpl.deleteCourseOffering' with attribute: PROPAGATION_REQUIRED,ISOLATION_DEFAULT
2026-08-18 09:00:37.498 TRACE [NO-REQUEST] [main] o.s.t.a.AnnotationTransactionAttributeSource - Adding transactional method 'com.acleda.training.studentmanagement.features.course.offering.CourseOfferingServiceImpl.getCourseOfferings' with attribute: PROPAGATION_REQUIRED,ISOLATION_DEFAULT,readOnly
2026-08-18 09:00:37.498 TRACE [NO-REQUEST] [main] o.s.t.a.AnnotationTransactionAttributeSource - Adding transactional method 'com.acleda.training.studentmanagement.features.course.offering.CourseOfferingServiceImpl.getCourseOfferingById' with attribute: PROPAGATION_REQUIRED,ISOLATION_DEFAULT,readOnly
2026-08-18 09:00:37.509 TRACE [NO-REQUEST] [main] o.s.t.a.AnnotationTransactionAttributeSource - Adding transactional method 'com.acleda.training.studentmanagement.features.department.DepartmentServiceImpl.findDepartment' with attribute: PROPAGATION_REQUIRED,ISOLATION_DEFAULT
2026-08-18 09:00:37.509 TRACE [NO-REQUEST] [main] o.s.t.a.AnnotationTransactionAttributeSource - Adding transactional method 'com.acleda.training.studentmanagement.features.department.DepartmentServiceImpl.updateDepartment' with attribute: PROPAGATION_REQUIRED,ISOLATION_DEFAULT
2026-08-18 09:00:37.510 TRACE [NO-REQUEST] [main] o.s.t.a.AnnotationTransactionAttributeSource - Adding transactional method 'com.acleda.training.studentmanagement.features.department.DepartmentServiceImpl.getDepartments' with attribute: PROPAGATION_REQUIRED,ISOLATION_DEFAULT,readOnly
2026-08-18 09:00:37.510 TRACE [NO-REQUEST] [main] o.s.t.a.AnnotationTransactionAttributeSource - Adding transactional method 'com.acleda.training.studentmanagement.features.department.DepartmentServiceImpl.updateDepartmentStatus' with attribute: PROPAGATION_REQUIRED,ISOLATION_DEFAULT
2026-08-18 09:00:37.510 TRACE [NO-REQUEST] [main] o.s.t.a.AnnotationTransactionAttributeSource - Adding transactional method 'com.acleda.training.studentmanagement.features.department.DepartmentServiceImpl.deleteDepartment' with attribute: PROPAGATION_REQUIRED,ISOLATION_DEFAULT
2026-08-18 09:00:37.510 TRACE [NO-REQUEST] [main] o.s.t.a.AnnotationTransactionAttributeSource - Adding transactional method 'com.acleda.training.studentmanagement.features.department.DepartmentServiceImpl.createDepartment' with attribute: PROPAGATION_REQUIRED,ISOLATION_DEFAULT
2026-08-18 09:00:37.511 TRACE [NO-REQUEST] [main] o.s.t.a.AnnotationTransactionAttributeSource - Adding transactional method 'com.acleda.training.studentmanagement.features.department.DepartmentServiceImpl.getDepartmentById' with attribute: PROPAGATION_REQUIRED,ISOLATION_DEFAULT,readOnly
2026-08-18 09:00:37.612 TRACE [NO-REQUEST] [main] o.s.t.a.AnnotationTransactionAttributeSource - Adding transactional method 'com.acleda.training.studentmanagement.features.enrollment.EnrollmentServiceImpl.createEnrollment' with attribute: PROPAGATION_REQUIRED,ISOLATION_DEFAULT
2026-08-18 09:00:37.613 TRACE [NO-REQUEST] [main] o.s.t.a.AnnotationTransactionAttributeSource - Adding transactional method 'com.acleda.training.studentmanagement.features.enrollment.EnrollmentServiceImpl.getEnrollments' with attribute: PROPAGATION_REQUIRED,ISOLATION_DEFAULT,readOnly
2026-08-18 09:00:37.613 TRACE [NO-REQUEST] [main] o.s.t.a.AnnotationTransactionAttributeSource - Adding transactional method 'com.acleda.training.studentmanagement.features.enrollment.EnrollmentServiceImpl.getEnrollmentById' with attribute: PROPAGATION_REQUIRED,ISOLATION_DEFAULT,readOnly
2026-08-18 09:00:37.614 TRACE [NO-REQUEST] [main] o.s.t.a.AnnotationTransactionAttributeSource - Adding transactional method 'com.acleda.training.studentmanagement.features.enrollment.EnrollmentServiceImpl.updateEnrollmentResult' with attribute: PROPAGATION_REQUIRED,ISOLATION_DEFAULT
2026-08-18 09:00:37.614 TRACE [NO-REQUEST] [main] o.s.t.a.AnnotationTransactionAttributeSource - Adding transactional method 'com.acleda.training.studentmanagement.features.enrollment.EnrollmentServiceImpl.deleteEnrollment' with attribute: PROPAGATION_REQUIRED,ISOLATION_DEFAULT
2026-08-18 09:00:37.615 TRACE [NO-REQUEST] [main] o.s.t.a.AnnotationTransactionAttributeSource - Adding transactional method 'com.acleda.training.studentmanagement.features.enrollment.EnrollmentServiceImpl.updateEnrollment' with attribute: PROPAGATION_REQUIRED,ISOLATION_DEFAULT
2026-08-18 09:00:37.615 TRACE [NO-REQUEST] [main] o.s.t.a.AnnotationTransactionAttributeSource - Adding transactional method 'com.acleda.training.studentmanagement.features.enrollment.EnrollmentServiceImpl.testBulkEnrollmentTransaction' with attribute: PROPAGATION_REQUIRED,ISOLATION_DEFAULT
2026-08-18 09:00:37.954 TRACE [NO-REQUEST] [main] o.s.t.a.AnnotationTransactionAttributeSource - Adding transactional method 'com.acleda.training.studentmanagement.features.instructor.InstructorServiceImpl.getInstructors' with attribute: PROPAGATION_REQUIRED,ISOLATION_DEFAULT,readOnly
2026-08-18 09:00:37.955 TRACE [NO-REQUEST] [main] o.s.t.a.AnnotationTransactionAttributeSource - Adding transactional method 'com.acleda.training.studentmanagement.features.instructor.InstructorServiceImpl.createInstructor' with attribute: PROPAGATION_REQUIRED,ISOLATION_DEFAULT
2026-08-18 09:00:37.955 TRACE [NO-REQUEST] [main] o.s.t.a.AnnotationTransactionAttributeSource - Adding transactional method 'com.acleda.training.studentmanagement.features.instructor.InstructorServiceImpl.updateInstructor' with attribute: PROPAGATION_REQUIRED,ISOLATION_DEFAULT
2026-08-18 09:00:37.956 TRACE [NO-REQUEST] [main] o.s.t.a.AnnotationTransactionAttributeSource - Adding transactional method 'com.acleda.training.studentmanagement.features.instructor.InstructorServiceImpl.getInstructorById' with attribute: PROPAGATION_REQUIRED,ISOLATION_DEFAULT,readOnly
2026-08-18 09:00:37.956 TRACE [NO-REQUEST] [main] o.s.t.a.AnnotationTransactionAttributeSource - Adding transactional method 'com.acleda.training.studentmanagement.features.instructor.InstructorServiceImpl.deleteInstructor' with attribute: PROPAGATION_REQUIRED,ISOLATION_DEFAULT
2026-08-18 09:00:37.964 TRACE [NO-REQUEST] [main] o.s.t.a.AnnotationTransactionAttributeSource - Adding transactional method 'com.acleda.training.studentmanagement.features.student.StudentServiceImpl.deleteStudent' with attribute: PROPAGATION_REQUIRED,ISOLATION_DEFAULT
2026-08-18 09:00:37.966 TRACE [NO-REQUEST] [main] o.s.t.a.AnnotationTransactionAttributeSource - Adding transactional method 'com.acleda.training.studentmanagement.features.student.StudentServiceImpl.createStudent' with attribute: PROPAGATION_REQUIRED,ISOLATION_DEFAULT
2026-08-18 09:00:37.966 TRACE [NO-REQUEST] [main] o.s.t.a.AnnotationTransactionAttributeSource - Adding transactional method 'com.acleda.training.studentmanagement.features.student.StudentServiceImpl.getStudentById' with attribute: PROPAGATION_REQUIRED,ISOLATION_DEFAULT,readOnly
2026-08-18 09:00:37.966 TRACE [NO-REQUEST] [main] o.s.t.a.AnnotationTransactionAttributeSource - Adding transactional method 'com.acleda.training.studentmanagement.features.student.StudentServiceImpl.updateStudent' with attribute: PROPAGATION_REQUIRED,ISOLATION_DEFAULT
2026-08-18 09:00:37.966 TRACE [NO-REQUEST] [main] o.s.t.a.AnnotationTransactionAttributeSource - Adding transactional method 'com.acleda.training.studentmanagement.features.student.StudentServiceImpl.getStudents' with attribute: PROPAGATION_REQUIRED,ISOLATION_DEFAULT,readOnly
2026-08-18 09:00:39.148 INFO  [NO-REQUEST] [main] o.s.b.a.e.web.EndpointLinksResolver - Exposing 1 endpoint beneath base path '/actuator'
2026-08-18 09:00:39.240 INFO  [NO-REQUEST] [main] o.s.boot.tomcat.TomcatWebServer - Tomcat started on port 8080 (http) with context path '/'
2026-08-18 09:00:39.250 INFO  [NO-REQUEST] [main] c.a.t.s.StudentManagementApiApplication - Started StudentManagementApiApplication in 7.362 seconds (process running for 7.902)
2026-08-18 09:00:39.259 TRACE [NO-REQUEST] [main] o.s.t.i.TransactionInterceptor - No need to create transaction for [org.springframework.data.jpa.repository.support.SimpleJpaRepository.existsByUsernameIgnoreCase]: This method is not transactional.
2026-08-18 09:00:39.371 DEBUG [NO-REQUEST] [main] org.hibernate.SQL - 
    select
        au1_0.id 
    from
        app_users au1_0 
    where
        upper(au1_0.username)=upper(?) 
    fetch
        first ? rows only
2026-08-18 09:00:39.374 TRACE [NO-REQUEST] [main] org.hibernate.orm.jdbc.bind - binding parameter (1:VARCHAR) <- [admin]
2026-08-18 09:00:39.374 TRACE [NO-REQUEST] [main] org.hibernate.orm.jdbc.bind - binding parameter (2:INTEGER) <- [1]
2026-08-18 09:00:39.764 INFO  [NO-REQUEST] [RMI TCP Connection(1)-192.168.33.1] o.a.c.c.C.[Tomcat].[localhost].[/] - Initializing Spring DispatcherServlet 'dispatcherServlet'
2026-08-18 09:00:39.764 INFO  [NO-REQUEST] [RMI TCP Connection(1)-192.168.33.1] o.s.web.servlet.DispatcherServlet - Initializing Servlet 'dispatcherServlet'
2026-08-18 09:00:39.772 INFO  [NO-REQUEST] [RMI TCP Connection(1)-192.168.33.1] o.s.web.servlet.DispatcherServlet - Completed initialization in 8 ms
2026-08-18 09:00:49.972 INFO  [f04069b9-7144-4721-bfed-db60721322cf] [http-nio-8080-exec-1] c.a.t.s.l.RequestLoggingInterceptor - API REQUEST | Method: POST | URI: /api/v1/auth/login | Query: null
2026-08-18 09:00:50.015 DEBUG [f04069b9-7144-4721-bfed-db60721322cf] [http-nio-8080-exec-1] o.s.orm.jpa.JpaTransactionManager - Creating new transaction with name [com.acleda.training.studentmanagement.features.auth.AuthService.login]: PROPAGATION_REQUIRED,ISOLATION_DEFAULT,readOnly
2026-08-18 09:00:50.015 DEBUG [f04069b9-7144-4721-bfed-db60721322cf] [http-nio-8080-exec-1] o.s.orm.jpa.JpaTransactionManager - Opened new EntityManager [SessionImpl(1148609524<open>)] for JPA transaction
2026-08-18 09:00:50.021 DEBUG [f04069b9-7144-4721-bfed-db60721322cf] [http-nio-8080-exec-1] o.s.orm.jpa.JpaTransactionManager - Exposing JPA transaction as JDBC [org.springframework.orm.jpa.vendor.HibernateJpaDialect$HibernateConnectionHandle@5164ea7a]
2026-08-18 09:00:50.021 TRACE [f04069b9-7144-4721-bfed-db60721322cf] [http-nio-8080-exec-1] o.s.t.i.TransactionInterceptor - Getting transaction for [com.acleda.training.studentmanagement.features.auth.AuthService.login]
2026-08-18 09:00:50.083 DEBUG [f04069b9-7144-4721-bfed-db60721322cf] [http-nio-8080-exec-1] o.s.orm.jpa.JpaTransactionManager - Found thread-bound EntityManager [SessionImpl(1148609524<open>)] for JPA transaction
2026-08-18 09:00:50.083 DEBUG [f04069b9-7144-4721-bfed-db60721322cf] [http-nio-8080-exec-1] o.s.orm.jpa.JpaTransactionManager - Participating in existing transaction
2026-08-18 09:00:50.083 TRACE [f04069b9-7144-4721-bfed-db60721322cf] [http-nio-8080-exec-1] o.s.t.i.TransactionInterceptor - Getting transaction for [com.acleda.training.studentmanagement.features.auth.CustomUserDetailsService.loadUserByUsername]
2026-08-18 09:00:50.083 TRACE [f04069b9-7144-4721-bfed-db60721322cf] [http-nio-8080-exec-1] o.s.t.i.TransactionInterceptor - No need to create transaction for [org.springframework.data.jpa.repository.support.SimpleJpaRepository.findByUsernameIgnoreCase]: This method is not transactional.
2026-08-18 09:00:50.094 DEBUG [f04069b9-7144-4721-bfed-db60721322cf] [http-nio-8080-exec-1] org.hibernate.SQL - 
    select
        au1_0.id,
        au1_0.created_at,
        au1_0.enabled,
        au1_0.password,
        au1_0.role,
        au1_0.updated_at,
        au1_0.username 
    from
        app_users au1_0 
    where
        upper(au1_0.username)=upper(?)
2026-08-18 09:00:50.094 TRACE [f04069b9-7144-4721-bfed-db60721322cf] [http-nio-8080-exec-1] org.hibernate.orm.jdbc.bind - binding parameter (1:VARCHAR) <- [admin]
2026-08-18 09:00:50.106 TRACE [f04069b9-7144-4721-bfed-db60721322cf] [http-nio-8080-exec-1] o.s.t.i.TransactionInterceptor - Completing transaction for [com.acleda.training.studentmanagement.features.auth.CustomUserDetailsService.loadUserByUsername]
2026-08-18 09:00:50.229 TRACE [f04069b9-7144-4721-bfed-db60721322cf] [http-nio-8080-exec-1] o.s.t.i.TransactionInterceptor - Completing transaction for [com.acleda.training.studentmanagement.features.auth.AuthService.login]
2026-08-18 09:00:50.229 DEBUG [f04069b9-7144-4721-bfed-db60721322cf] [http-nio-8080-exec-1] o.s.orm.jpa.JpaTransactionManager - Initiating transaction commit
2026-08-18 09:00:50.229 DEBUG [f04069b9-7144-4721-bfed-db60721322cf] [http-nio-8080-exec-1] o.s.orm.jpa.JpaTransactionManager - Committing JPA transaction on EntityManager [SessionImpl(1148609524<open>)]
2026-08-18 09:00:50.229 DEBUG [f04069b9-7144-4721-bfed-db60721322cf] [http-nio-8080-exec-1] o.s.orm.jpa.JpaTransactionManager - Closing JPA EntityManager after transaction
2026-08-18 09:00:50.283 INFO  [f04069b9-7144-4721-bfed-db60721322cf] [http-nio-8080-exec-1] c.a.t.s.l.RequestLoggingInterceptor - API RESPONSE | Method: POST | URI: /api/v1/auth/login | Status: 200 | Duration: 309ms
2026-08-18 09:01:08.883 INFO  [NO-REQUEST] [SpringApplicationShutdownHook] o.s.boot.tomcat.GracefulShutdown - Commencing graceful shutdown. Waiting for active requests to complete
2026-08-18 09:01:08.891 INFO  [NO-REQUEST] [tomcat-shutdown] o.s.boot.tomcat.GracefulShutdown - Graceful shutdown complete
2026-08-18 09:01:10.927 INFO  [NO-REQUEST] [SpringApplicationShutdownHook] o.s.o.j.LocalContainerEntityManagerFactoryBean - Closing JPA EntityManagerFactory for persistence unit 'default'
2026-08-18 09:01:10.929 INFO  [NO-REQUEST] [SpringApplicationShutdownHook] com.zaxxer.hikari.HikariDataSource - HikariPool-1 - Shutdown initiated...
2026-08-18 09:01:10.931 INFO  [NO-REQUEST] [SpringApplicationShutdownHook] com.zaxxer.hikari.HikariDataSource - HikariPool-1 - Shutdown completed.
2026-08-18 09:01:14.494 INFO  [NO-REQUEST] [main] c.a.t.s.StudentManagementApiApplication - Starting StudentManagementApiApplication using Java 25.0.4 with PID 25872 (D:\student-management-api\build\classes\java\main started by USER in D:\student-management-api)
2026-08-18 09:01:14.497 INFO  [NO-REQUEST] [main] c.a.t.s.StudentManagementApiApplication - No active profile set, falling back to 1 default profile: "default"
2026-08-18 09:01:15.392 INFO  [NO-REQUEST] [main] o.s.d.r.c.RepositoryConfigurationDelegate - Multiple Spring Data modules found, entering strict repository configuration mode
2026-08-18 09:01:15.393 INFO  [NO-REQUEST] [main] o.s.d.r.c.RepositoryConfigurationDelegate - Bootstrapping Spring Data JPA repositories in DEFAULT mode.
2026-08-18 09:01:15.533 INFO  [NO-REQUEST] [main] o.s.d.r.c.RepositoryConfigurationDelegate - Finished Spring Data repository scanning in 134 ms. Found 7 JPA repository interfaces.
2026-08-18 09:01:15.549 INFO  [NO-REQUEST] [main] o.s.d.r.c.RepositoryConfigurationDelegate - Multiple Spring Data modules found, entering strict repository configuration mode
2026-08-18 09:01:15.552 INFO  [NO-REQUEST] [main] o.s.d.r.c.RepositoryConfigurationDelegate - Bootstrapping Spring Data Redis repositories in DEFAULT mode.
2026-08-18 09:01:15.571 INFO  [NO-REQUEST] [main] o.s.d.r.c.RepositoryConfigurationExtensionSupport - Spring Data Redis - Could not safely identify store assignment for repository candidate interface com.acleda.training.studentmanagement.features.auth.AppUserRepository; If you want this repository to be a Redis repository, consider annotating your entities with one of these annotations: org.springframework.data.redis.core.RedisHash (preferred), or consider extending one of the following types with your repository: org.springframework.data.keyvalue.repository.KeyValueRepository
2026-08-18 09:01:15.571 INFO  [NO-REQUEST] [main] o.s.d.r.c.RepositoryConfigurationExtensionSupport - Spring Data Redis - Could not safely identify store assignment for repository candidate interface com.acleda.training.studentmanagement.features.course.CourseRepository; If you want this repository to be a Redis repository, consider annotating your entities with one of these annotations: org.springframework.data.redis.core.RedisHash (preferred), or consider extending one of the following types with your repository: org.springframework.data.keyvalue.repository.KeyValueRepository
2026-08-18 09:01:15.572 INFO  [NO-REQUEST] [main] o.s.d.r.c.RepositoryConfigurationExtensionSupport - Spring Data Redis - Could not safely identify store assignment for repository candidate interface com.acleda.training.studentmanagement.features.course.offering.CourseOfferingRepository; If you want this repository to be a Redis repository, consider annotating your entities with one of these annotations: org.springframework.data.redis.core.RedisHash (preferred), or consider extending one of the following types with your repository: org.springframework.data.keyvalue.repository.KeyValueRepository
2026-08-18 09:01:15.572 INFO  [NO-REQUEST] [main] o.s.d.r.c.RepositoryConfigurationExtensionSupport - Spring Data Redis - Could not safely identify store assignment for repository candidate interface com.acleda.training.studentmanagement.features.department.DepartmentRepository; If you want this repository to be a Redis repository, consider annotating your entities with one of these annotations: org.springframework.data.redis.core.RedisHash (preferred), or consider extending one of the following types with your repository: org.springframework.data.keyvalue.repository.KeyValueRepository
2026-08-18 09:01:15.573 INFO  [NO-REQUEST] [main] o.s.d.r.c.RepositoryConfigurationExtensionSupport - Spring Data Redis - Could not safely identify store assignment for repository candidate interface com.acleda.training.studentmanagement.features.enrollment.EnrollmentRepository; If you want this repository to be a Redis repository, consider annotating your entities with one of these annotations: org.springframework.data.redis.core.RedisHash (preferred), or consider extending one of the following types with your repository: org.springframework.data.keyvalue.repository.KeyValueRepository
2026-08-18 09:01:15.573 INFO  [NO-REQUEST] [main] o.s.d.r.c.RepositoryConfigurationExtensionSupport - Spring Data Redis - Could not safely identify store assignment for repository candidate interface com.acleda.training.studentmanagement.features.instructor.InstructorRepository; If you want this repository to be a Redis repository, consider annotating your entities with one of these annotations: org.springframework.data.redis.core.RedisHash (preferred), or consider extending one of the following types with your repository: org.springframework.data.keyvalue.repository.KeyValueRepository
2026-08-18 09:01:15.573 INFO  [NO-REQUEST] [main] o.s.d.r.c.RepositoryConfigurationExtensionSupport - Spring Data Redis - Could not safely identify store assignment for repository candidate interface com.acleda.training.studentmanagement.features.student.StudentRepository; If you want this repository to be a Redis repository, consider annotating your entities with one of these annotations: org.springframework.data.redis.core.RedisHash (preferred), or consider extending one of the following types with your repository: org.springframework.data.keyvalue.repository.KeyValueRepository
2026-08-18 09:01:15.573 INFO  [NO-REQUEST] [main] o.s.d.r.c.RepositoryConfigurationDelegate - Finished Spring Data repository scanning in 13 ms. Found 0 Redis repository interfaces.
2026-08-18 09:01:16.023 INFO  [NO-REQUEST] [main] o.s.boot.tomcat.TomcatWebServer - Tomcat initialized with port 8080 (http)
2026-08-18 09:01:16.033 INFO  [NO-REQUEST] [main] o.a.catalina.core.StandardService - Starting service [Tomcat]
2026-08-18 09:01:16.033 INFO  [NO-REQUEST] [main] o.a.catalina.core.StandardEngine - Starting Servlet engine: [Apache Tomcat/11.0.22]
2026-08-18 09:01:16.090 INFO  [NO-REQUEST] [main] o.s.b.w.c.s.WebApplicationContextInitializer - Root WebApplicationContext: initialization completed in 1551 ms
2026-08-18 09:01:16.321 INFO  [NO-REQUEST] [main] org.hibernate.orm.jpa - HHH008540: Processing PersistenceUnitInfo [name: default]
2026-08-18 09:01:16.361 INFO  [NO-REQUEST] [main] org.hibernate.orm.core - HHH000001: Hibernate ORM core version 7.4.1.Final
2026-08-18 09:01:16.691 INFO  [NO-REQUEST] [main] o.s.o.j.p.SpringPersistenceUnitInfo - No LoadTimeWeaver setup: ignoring JPA class transformer
2026-08-18 09:01:16.716 INFO  [NO-REQUEST] [main] com.zaxxer.hikari.HikariDataSource - HikariPool-1 - Starting...
2026-08-18 09:01:16.863 INFO  [NO-REQUEST] [main] com.zaxxer.hikari.pool.HikariPool - HikariPool-1 - Added connection org.postgresql.jdbc.PgConnection@5216532a
2026-08-18 09:01:16.864 INFO  [NO-REQUEST] [main] com.zaxxer.hikari.HikariDataSource - HikariPool-1 - Start completed.
2026-08-18 09:01:16.923 INFO  [NO-REQUEST] [main] o.hibernate.orm.connections.pooling - HHH10001005: Database info:
	Database JDBC URL [jdbc:postgresql://localhost:5432/student_management_db]
	Database driver: PostgreSQL JDBC Driver
	Database dialect: PostgreSQLDialect
	Database version: 18.4
	Default catalog/schema: student_management_db/public
	Autocommit mode: undefined/unknown
	Isolation level: READ_COMMITTED [default READ_COMMITTED]
	JDBC fetch size: none
	Pool: DataSourceConnectionProvider
	Minimum pool size: undefined/unknown
	Maximum pool size: undefined/unknown
2026-08-18 09:01:17.770 INFO  [NO-REQUEST] [main] org.hibernate.orm.core - HHH000489: No JTA platform available (set 'hibernate.transaction.jta.platform' to enable JTA platform integration)
2026-08-18 09:01:17.855 INFO  [NO-REQUEST] [main] o.s.o.j.LocalContainerEntityManagerFactoryBean - Initialized JPA EntityManagerFactory for persistence unit 'default'
2026-08-18 09:01:17.897 INFO  [NO-REQUEST] [main] o.s.d.j.r.q.QueryEnhancerFactories - Hibernate is in classpath; If applicable, HQL parser will be used.
2026-08-18 09:01:18.016 TRACE [NO-REQUEST] [main] o.s.t.a.AnnotationTransactionAttributeSource - Adding transactional method 'com.acleda.training.studentmanagement.features.auth.CustomUserDetailsService.loadUserByUsername' with attribute: PROPAGATION_REQUIRED,ISOLATION_DEFAULT,readOnly
2026-08-18 09:01:18.417 INFO  [NO-REQUEST] [main] o.s.s.c.a.a.c.InitializeAuthenticationProviderBeanManagerConfigurer$InitializeAuthenticationProviderManagerConfigurer - Global AuthenticationManager configured with AuthenticationProvider bean with name authenticationProvider
2026-08-18 09:01:18.417 WARN  [NO-REQUEST] [main] o.s.s.c.a.a.c.InitializeUserDetailsBeanManagerConfigurer$InitializeUserDetailsManagerConfigurer - Global AuthenticationManager configured with an AuthenticationProvider bean. UserDetailsService beans will not be used by Spring Security for automatically configuring username/password login. Consider removing the AuthenticationProvider bean. Alternatively, consider using the UserDetailsService in a manually instantiated DaoAuthenticationProvider. If the current configuration is intentional, to turn off this warning, increase the logging level of 'org.springframework.security.config.annotation.authentication.configuration.InitializeUserDetailsBeanManagerConfigurer' to ERROR
2026-08-18 09:01:18.423 TRACE [NO-REQUEST] [main] o.s.t.a.AnnotationTransactionAttributeSource - Adding transactional method 'com.acleda.training.studentmanagement.features.auth.AuthService.register' with attribute: PROPAGATION_REQUIRED,ISOLATION_DEFAULT
2026-08-18 09:01:18.424 TRACE [NO-REQUEST] [main] o.s.t.a.AnnotationTransactionAttributeSource - Adding transactional method 'com.acleda.training.studentmanagement.features.auth.AuthService.login' with attribute: PROPAGATION_REQUIRED,ISOLATION_DEFAULT,readOnly
2026-08-18 09:01:18.424 TRACE [NO-REQUEST] [main] o.s.t.a.AnnotationTransactionAttributeSource - Adding transactional method 'com.acleda.training.studentmanagement.features.auth.AuthService.refreshToken' with attribute: PROPAGATION_REQUIRED,ISOLATION_DEFAULT,readOnly
2026-08-18 09:01:19.304 TRACE [NO-REQUEST] [main] o.s.t.a.AnnotationTransactionAttributeSource - Adding transactional method 'com.acleda.training.studentmanagement.features.course.CourseServiceImpl.createCourse' with attribute: PROPAGATION_REQUIRED,ISOLATION_DEFAULT
2026-08-18 09:01:19.305 TRACE [NO-REQUEST] [main] o.s.t.a.AnnotationTransactionAttributeSource - Adding transactional method 'com.acleda.training.studentmanagement.features.course.CourseServiceImpl.getCourseById' with attribute: PROPAGATION_REQUIRED,ISOLATION_DEFAULT,readOnly
2026-08-18 09:01:19.305 TRACE [NO-REQUEST] [main] o.s.t.a.AnnotationTransactionAttributeSource - Adding transactional method 'com.acleda.training.studentmanagement.features.course.CourseServiceImpl.deleteCourse' with attribute: PROPAGATION_REQUIRED,ISOLATION_DEFAULT
2026-08-18 09:01:19.305 TRACE [NO-REQUEST] [main] o.s.t.a.AnnotationTransactionAttributeSource - Adding transactional method 'com.acleda.training.studentmanagement.features.course.CourseServiceImpl.updateCourse' with attribute: PROPAGATION_REQUIRED,ISOLATION_DEFAULT
2026-08-18 09:01:19.305 TRACE [NO-REQUEST] [main] o.s.t.a.AnnotationTransactionAttributeSource - Adding transactional method 'com.acleda.training.studentmanagement.features.course.CourseServiceImpl.getCourses' with attribute: PROPAGATION_REQUIRED,ISOLATION_DEFAULT,readOnly
2026-08-18 09:01:19.504 TRACE [NO-REQUEST] [main] o.s.t.a.AnnotationTransactionAttributeSource - Adding transactional method 'com.acleda.training.studentmanagement.features.course.offering.CourseOfferingServiceImpl.getCourseOfferingById' with attribute: PROPAGATION_REQUIRED,ISOLATION_DEFAULT,readOnly
2026-08-18 09:01:19.504 TRACE [NO-REQUEST] [main] o.s.t.a.AnnotationTransactionAttributeSource - Adding transactional method 'com.acleda.training.studentmanagement.features.course.offering.CourseOfferingServiceImpl.createCourseOffering' with attribute: PROPAGATION_REQUIRED,ISOLATION_DEFAULT
2026-08-18 09:01:19.505 TRACE [NO-REQUEST] [main] o.s.t.a.AnnotationTransactionAttributeSource - Adding transactional method 'com.acleda.training.studentmanagement.features.course.offering.CourseOfferingServiceImpl.deleteCourseOffering' with attribute: PROPAGATION_REQUIRED,ISOLATION_DEFAULT
2026-08-18 09:01:19.505 TRACE [NO-REQUEST] [main] o.s.t.a.AnnotationTransactionAttributeSource - Adding transactional method 'com.acleda.training.studentmanagement.features.course.offering.CourseOfferingServiceImpl.getCourseOfferings' with attribute: PROPAGATION_REQUIRED,ISOLATION_DEFAULT,readOnly
2026-08-18 09:01:19.505 TRACE [NO-REQUEST] [main] o.s.t.a.AnnotationTransactionAttributeSource - Adding transactional method 'com.acleda.training.studentmanagement.features.course.offering.CourseOfferingServiceImpl.updateCourseOffering' with attribute: PROPAGATION_REQUIRED,ISOLATION_DEFAULT
2026-08-18 09:01:19.514 TRACE [NO-REQUEST] [main] o.s.t.a.AnnotationTransactionAttributeSource - Adding transactional method 'com.acleda.training.studentmanagement.features.department.DepartmentServiceImpl.findDepartment' with attribute: PROPAGATION_REQUIRED,ISOLATION_DEFAULT
2026-08-18 09:01:19.515 TRACE [NO-REQUEST] [main] o.s.t.a.AnnotationTransactionAttributeSource - Adding transactional method 'com.acleda.training.studentmanagement.features.department.DepartmentServiceImpl.updateDepartmentStatus' with attribute: PROPAGATION_REQUIRED,ISOLATION_DEFAULT
2026-08-18 09:01:19.516 TRACE [NO-REQUEST] [main] o.s.t.a.AnnotationTransactionAttributeSource - Adding transactional method 'com.acleda.training.studentmanagement.features.department.DepartmentServiceImpl.createDepartment' with attribute: PROPAGATION_REQUIRED,ISOLATION_DEFAULT
2026-08-18 09:01:19.516 TRACE [NO-REQUEST] [main] o.s.t.a.AnnotationTransactionAttributeSource - Adding transactional method 'com.acleda.training.studentmanagement.features.department.DepartmentServiceImpl.deleteDepartment' with attribute: PROPAGATION_REQUIRED,ISOLATION_DEFAULT
2026-08-18 09:01:19.516 TRACE [NO-REQUEST] [main] o.s.t.a.AnnotationTransactionAttributeSource - Adding transactional method 'com.acleda.training.studentmanagement.features.department.DepartmentServiceImpl.getDepartmentById' with attribute: PROPAGATION_REQUIRED,ISOLATION_DEFAULT,readOnly
2026-08-18 09:01:19.516 TRACE [NO-REQUEST] [main] o.s.t.a.AnnotationTransactionAttributeSource - Adding transactional method 'com.acleda.training.studentmanagement.features.department.DepartmentServiceImpl.getDepartments' with attribute: PROPAGATION_REQUIRED,ISOLATION_DEFAULT,readOnly
2026-08-18 09:01:19.516 TRACE [NO-REQUEST] [main] o.s.t.a.AnnotationTransactionAttributeSource - Adding transactional method 'com.acleda.training.studentmanagement.features.department.DepartmentServiceImpl.updateDepartment' with attribute: PROPAGATION_REQUIRED,ISOLATION_DEFAULT
2026-08-18 09:01:19.602 TRACE [NO-REQUEST] [main] o.s.t.a.AnnotationTransactionAttributeSource - Adding transactional method 'com.acleda.training.studentmanagement.features.enrollment.EnrollmentServiceImpl.getEnrollments' with attribute: PROPAGATION_REQUIRED,ISOLATION_DEFAULT,readOnly
2026-08-18 09:01:19.602 TRACE [NO-REQUEST] [main] o.s.t.a.AnnotationTransactionAttributeSource - Adding transactional method 'com.acleda.training.studentmanagement.features.enrollment.EnrollmentServiceImpl.deleteEnrollment' with attribute: PROPAGATION_REQUIRED,ISOLATION_DEFAULT
2026-08-18 09:01:19.603 TRACE [NO-REQUEST] [main] o.s.t.a.AnnotationTransactionAttributeSource - Adding transactional method 'com.acleda.training.studentmanagement.features.enrollment.EnrollmentServiceImpl.updateEnrollment' with attribute: PROPAGATION_REQUIRED,ISOLATION_DEFAULT
2026-08-18 09:01:19.603 TRACE [NO-REQUEST] [main] o.s.t.a.AnnotationTransactionAttributeSource - Adding transactional method 'com.acleda.training.studentmanagement.features.enrollment.EnrollmentServiceImpl.getEnrollmentById' with attribute: PROPAGATION_REQUIRED,ISOLATION_DEFAULT,readOnly
2026-08-18 09:01:19.603 TRACE [NO-REQUEST] [main] o.s.t.a.AnnotationTransactionAttributeSource - Adding transactional method 'com.acleda.training.studentmanagement.features.enrollment.EnrollmentServiceImpl.updateEnrollmentResult' with attribute: PROPAGATION_REQUIRED,ISOLATION_DEFAULT
2026-08-18 09:01:19.603 TRACE [NO-REQUEST] [main] o.s.t.a.AnnotationTransactionAttributeSource - Adding transactional method 'com.acleda.training.studentmanagement.features.enrollment.EnrollmentServiceImpl.createEnrollment' with attribute: PROPAGATION_REQUIRED,ISOLATION_DEFAULT
2026-08-18 09:01:19.603 TRACE [NO-REQUEST] [main] o.s.t.a.AnnotationTransactionAttributeSource - Adding transactional method 'com.acleda.training.studentmanagement.features.enrollment.EnrollmentServiceImpl.testBulkEnrollmentTransaction' with attribute: PROPAGATION_REQUIRED,ISOLATION_DEFAULT
2026-08-18 09:01:19.863 TRACE [NO-REQUEST] [main] o.s.t.a.AnnotationTransactionAttributeSource - Adding transactional method 'com.acleda.training.studentmanagement.features.instructor.InstructorServiceImpl.createInstructor' with attribute: PROPAGATION_REQUIRED,ISOLATION_DEFAULT
2026-08-18 09:01:19.864 TRACE [NO-REQUEST] [main] o.s.t.a.AnnotationTransactionAttributeSource - Adding transactional method 'com.acleda.training.studentmanagement.features.instructor.InstructorServiceImpl.deleteInstructor' with attribute: PROPAGATION_REQUIRED,ISOLATION_DEFAULT
2026-08-18 09:01:19.864 TRACE [NO-REQUEST] [main] o.s.t.a.AnnotationTransactionAttributeSource - Adding transactional method 'com.acleda.training.studentmanagement.features.instructor.InstructorServiceImpl.getInstructors' with attribute: PROPAGATION_REQUIRED,ISOLATION_DEFAULT,readOnly
2026-08-18 09:01:19.864 TRACE [NO-REQUEST] [main] o.s.t.a.AnnotationTransactionAttributeSource - Adding transactional method 'com.acleda.training.studentmanagement.features.instructor.InstructorServiceImpl.updateInstructor' with attribute: PROPAGATION_REQUIRED,ISOLATION_DEFAULT
2026-08-18 09:01:19.864 TRACE [NO-REQUEST] [main] o.s.t.a.AnnotationTransactionAttributeSource - Adding transactional method 'com.acleda.training.studentmanagement.features.instructor.InstructorServiceImpl.getInstructorById' with attribute: PROPAGATION_REQUIRED,ISOLATION_DEFAULT,readOnly
2026-08-18 09:01:19.870 TRACE [NO-REQUEST] [main] o.s.t.a.AnnotationTransactionAttributeSource - Adding transactional method 'com.acleda.training.studentmanagement.features.student.StudentServiceImpl.createStudent' with attribute: PROPAGATION_REQUIRED,ISOLATION_DEFAULT
2026-08-18 09:01:19.871 TRACE [NO-REQUEST] [main] o.s.t.a.AnnotationTransactionAttributeSource - Adding transactional method 'com.acleda.training.studentmanagement.features.student.StudentServiceImpl.getStudentById' with attribute: PROPAGATION_REQUIRED,ISOLATION_DEFAULT,readOnly
2026-08-18 09:01:19.871 TRACE [NO-REQUEST] [main] o.s.t.a.AnnotationTransactionAttributeSource - Adding transactional method 'com.acleda.training.studentmanagement.features.student.StudentServiceImpl.updateStudent' with attribute: PROPAGATION_REQUIRED,ISOLATION_DEFAULT
2026-08-18 09:01:19.872 TRACE [NO-REQUEST] [main] o.s.t.a.AnnotationTransactionAttributeSource - Adding transactional method 'com.acleda.training.studentmanagement.features.student.StudentServiceImpl.deleteStudent' with attribute: PROPAGATION_REQUIRED,ISOLATION_DEFAULT
2026-08-18 09:01:19.872 TRACE [NO-REQUEST] [main] o.s.t.a.AnnotationTransactionAttributeSource - Adding transactional method 'com.acleda.training.studentmanagement.features.student.StudentServiceImpl.getStudents' with attribute: PROPAGATION_REQUIRED,ISOLATION_DEFAULT,readOnly
2026-08-18 09:01:20.636 INFO  [NO-REQUEST] [main] o.s.b.a.e.web.EndpointLinksResolver - Exposing 1 endpoint beneath base path '/actuator'
2026-08-18 09:01:20.706 INFO  [NO-REQUEST] [main] o.s.boot.tomcat.TomcatWebServer - Tomcat started on port 8080 (http) with context path '/'
2026-08-18 09:01:20.715 INFO  [NO-REQUEST] [main] c.a.t.s.StudentManagementApiApplication - Started StudentManagementApiApplication in 6.609 seconds (process running for 7.293)
2026-08-18 09:01:20.721 TRACE [NO-REQUEST] [main] o.s.t.i.TransactionInterceptor - No need to create transaction for [org.springframework.data.jpa.repository.support.SimpleJpaRepository.existsByUsernameIgnoreCase]: This method is not transactional.
2026-08-18 09:01:20.794 DEBUG [NO-REQUEST] [main] org.hibernate.SQL - 
    select
        au1_0.id 
    from
        app_users au1_0 
    where
        upper(au1_0.username)=upper(?) 
    fetch
        first ? rows only
2026-08-18 09:01:20.795 TRACE [NO-REQUEST] [main] org.hibernate.orm.jdbc.bind - binding parameter (1:VARCHAR) <- [admin]
2026-08-18 09:01:20.795 TRACE [NO-REQUEST] [main] org.hibernate.orm.jdbc.bind - binding parameter (2:INTEGER) <- [1]
2026-08-18 09:01:21.131 INFO  [NO-REQUEST] [RMI TCP Connection(2)-192.168.33.1] o.a.c.c.C.[Tomcat].[localhost].[/] - Initializing Spring DispatcherServlet 'dispatcherServlet'
2026-08-18 09:01:21.131 INFO  [NO-REQUEST] [RMI TCP Connection(2)-192.168.33.1] o.s.web.servlet.DispatcherServlet - Initializing Servlet 'dispatcherServlet'
2026-08-18 09:01:21.133 INFO  [NO-REQUEST] [RMI TCP Connection(2)-192.168.33.1] o.s.web.servlet.DispatcherServlet - Completed initialization in 2 ms
2026-08-18 09:01:48.739 DEBUG [NO-REQUEST] [http-nio-8080-exec-1] o.s.orm.jpa.JpaTransactionManager - Creating new transaction with name [com.acleda.training.studentmanagement.features.auth.CustomUserDetailsService.loadUserByUsername]: PROPAGATION_REQUIRED,ISOLATION_DEFAULT,readOnly
2026-08-18 09:01:48.739 DEBUG [NO-REQUEST] [http-nio-8080-exec-1] o.s.orm.jpa.JpaTransactionManager - Opened new EntityManager [SessionImpl(707178082<open>)] for JPA transaction
2026-08-18 09:01:48.739 DEBUG [NO-REQUEST] [http-nio-8080-exec-1] o.s.orm.jpa.JpaTransactionManager - Exposing JPA transaction as JDBC [org.springframework.orm.jpa.vendor.HibernateJpaDialect$HibernateConnectionHandle@4f29d85b]
2026-08-18 09:01:48.739 TRACE [NO-REQUEST] [http-nio-8080-exec-1] o.s.t.i.TransactionInterceptor - Getting transaction for [com.acleda.training.studentmanagement.features.auth.CustomUserDetailsService.loadUserByUsername]
2026-08-18 09:01:48.745 TRACE [NO-REQUEST] [http-nio-8080-exec-1] o.s.t.i.TransactionInterceptor - No need to create transaction for [org.springframework.data.jpa.repository.support.SimpleJpaRepository.findByUsernameIgnoreCase]: This method is not transactional.
2026-08-18 09:01:48.753 DEBUG [NO-REQUEST] [http-nio-8080-exec-1] org.hibernate.SQL - 
    select
        au1_0.id,
        au1_0.created_at,
        au1_0.enabled,
        au1_0.password,
        au1_0.role,
        au1_0.updated_at,
        au1_0.username 
    from
        app_users au1_0 
    where
        upper(au1_0.username)=upper(?)
2026-08-18 09:01:48.753 TRACE [NO-REQUEST] [http-nio-8080-exec-1] org.hibernate.orm.jdbc.bind - binding parameter (1:VARCHAR) <- [admin]
2026-08-18 09:01:48.771 TRACE [NO-REQUEST] [http-nio-8080-exec-1] o.s.t.i.TransactionInterceptor - Completing transaction for [com.acleda.training.studentmanagement.features.auth.CustomUserDetailsService.loadUserByUsername]
2026-08-18 09:01:48.771 DEBUG [NO-REQUEST] [http-nio-8080-exec-1] o.s.orm.jpa.JpaTransactionManager - Initiating transaction commit
2026-08-18 09:01:48.772 DEBUG [NO-REQUEST] [http-nio-8080-exec-1] o.s.orm.jpa.JpaTransactionManager - Committing JPA transaction on EntityManager [SessionImpl(707178082<open>)]
2026-08-18 09:01:48.773 DEBUG [NO-REQUEST] [http-nio-8080-exec-1] o.s.orm.jpa.JpaTransactionManager - Closing JPA EntityManager after transaction
2026-08-18 09:01:48.789 INFO  [4e25b5ba-3e20-47ac-b149-e85f318706e5] [http-nio-8080-exec-1] c.a.t.s.l.RequestLoggingInterceptor - API REQUEST | Method: GET | URI: /api/v1/externals/posts | Query: page=0&size=4
2026-08-18 09:01:48.856 INFO  [4e25b5ba-3e20-47ac-b149-e85f318706e5] [http-nio-8080-exec-1] c.a.t.s.config.WebClientConfig - THIRD-PARTY REQUEST | Method: GET | URL: https://jsonplaceholder.typicode.com/posts?_start=0&_limit=4
2026-08-18 09:01:50.218 INFO  [4e25b5ba-3e20-47ac-b149-e85f318706e5] [reactor-http-nio-3] c.a.t.s.config.WebClientConfig - THIRD-PARTY RESPONSE | Method: GET | URL: https://jsonplaceholder.typicode.com/posts?_start=0&_limit=4 | Status: 200 | Duration: 1363ms
2026-08-18 09:01:50.322 INFO  [4e25b5ba-3e20-47ac-b149-e85f318706e5] [http-nio-8080-exec-1] c.a.t.s.l.RequestLoggingInterceptor - API RESPONSE | Method: GET | URI: /api/v1/externals/posts | Status: 200 | Duration: 1537ms
2026-08-18 09:02:23.533 INFO  [NO-REQUEST] [SpringApplicationShutdownHook] o.s.boot.tomcat.GracefulShutdown - Commencing graceful shutdown. Waiting for active requests to complete
2026-08-18 09:02:23.541 INFO  [NO-REQUEST] [tomcat-shutdown] o.s.boot.tomcat.GracefulShutdown - Graceful shutdown complete
2026-08-18 09:02:25.579 INFO  [NO-REQUEST] [SpringApplicationShutdownHook] o.s.o.j.LocalContainerEntityManagerFactoryBean - Closing JPA EntityManagerFactory for persistence unit 'default'
2026-08-18 09:02:25.581 INFO  [NO-REQUEST] [SpringApplicationShutdownHook] com.zaxxer.hikari.HikariDataSource - HikariPool-1 - Shutdown initiated...
2026-08-18 09:02:25.584 INFO  [NO-REQUEST] [SpringApplicationShutdownHook] com.zaxxer.hikari.HikariDataSource - HikariPool-1 - Shutdown completed.
2026-08-18 13:01:40.094 INFO  [NO-REQUEST] [main] c.a.t.s.StudentManagementApiApplication - Starting StudentManagementApiApplication using Java 25.0.4 with PID 13460 (D:\student-management-api\build\classes\java\main started by USER in D:\student-management-api)
2026-08-18 13:01:40.097 INFO  [NO-REQUEST] [main] c.a.t.s.StudentManagementApiApplication - No active profile set, falling back to 1 default profile: "default"
2026-08-18 13:01:41.049 INFO  [NO-REQUEST] [main] o.s.d.r.c.RepositoryConfigurationDelegate - Multiple Spring Data modules found, entering strict repository configuration mode
2026-08-18 13:01:41.051 INFO  [NO-REQUEST] [main] o.s.d.r.c.RepositoryConfigurationDelegate - Bootstrapping Spring Data JPA repositories in DEFAULT mode.
2026-08-18 13:01:41.168 INFO  [NO-REQUEST] [main] o.s.d.r.c.RepositoryConfigurationDelegate - Finished Spring Data repository scanning in 111 ms. Found 7 JPA repository interfaces.
2026-08-18 13:01:41.179 INFO  [NO-REQUEST] [main] o.s.d.r.c.RepositoryConfigurationDelegate - Multiple Spring Data modules found, entering strict repository configuration mode
2026-08-18 13:01:41.180 INFO  [NO-REQUEST] [main] o.s.d.r.c.RepositoryConfigurationDelegate - Bootstrapping Spring Data Redis repositories in DEFAULT mode.
2026-08-18 13:01:41.194 INFO  [NO-REQUEST] [main] o.s.d.r.c.RepositoryConfigurationExtensionSupport - Spring Data Redis - Could not safely identify store assignment for repository candidate interface com.acleda.training.studentmanagement.features.auth.AppUserRepository; If you want this repository to be a Redis repository, consider annotating your entities with one of these annotations: org.springframework.data.redis.core.RedisHash (preferred), or consider extending one of the following types with your repository: org.springframework.data.keyvalue.repository.KeyValueRepository
2026-08-18 13:01:41.195 INFO  [NO-REQUEST] [main] o.s.d.r.c.RepositoryConfigurationExtensionSupport - Spring Data Redis - Could not safely identify store assignment for repository candidate interface com.acleda.training.studentmanagement.features.course.CourseRepository; If you want this repository to be a Redis repository, consider annotating your entities with one of these annotations: org.springframework.data.redis.core.RedisHash (preferred), or consider extending one of the following types with your repository: org.springframework.data.keyvalue.repository.KeyValueRepository
2026-08-18 13:01:41.195 INFO  [NO-REQUEST] [main] o.s.d.r.c.RepositoryConfigurationExtensionSupport - Spring Data Redis - Could not safely identify store assignment for repository candidate interface com.acleda.training.studentmanagement.features.course.offering.CourseOfferingRepository; If you want this repository to be a Redis repository, consider annotating your entities with one of these annotations: org.springframework.data.redis.core.RedisHash (preferred), or consider extending one of the following types with your repository: org.springframework.data.keyvalue.repository.KeyValueRepository
2026-08-18 13:01:41.195 INFO  [NO-REQUEST] [main] o.s.d.r.c.RepositoryConfigurationExtensionSupport - Spring Data Redis - Could not safely identify store assignment for repository candidate interface com.acleda.training.studentmanagement.features.department.DepartmentRepository; If you want this repository to be a Redis repository, consider annotating your entities with one of these annotations: org.springframework.data.redis.core.RedisHash (preferred), or consider extending one of the following types with your repository: org.springframework.data.keyvalue.repository.KeyValueRepository
2026-08-18 13:01:41.196 INFO  [NO-REQUEST] [main] o.s.d.r.c.RepositoryConfigurationExtensionSupport - Spring Data Redis - Could not safely identify store assignment for repository candidate interface com.acleda.training.studentmanagement.features.enrollment.EnrollmentRepository; If you want this repository to be a Redis repository, consider annotating your entities with one of these annotations: org.springframework.data.redis.core.RedisHash (preferred), or consider extending one of the following types with your repository: org.springframework.data.keyvalue.repository.KeyValueRepository
2026-08-18 13:01:41.196 INFO  [NO-REQUEST] [main] o.s.d.r.c.RepositoryConfigurationExtensionSupport - Spring Data Redis - Could not safely identify store assignment for repository candidate interface com.acleda.training.studentmanagement.features.instructor.InstructorRepository; If you want this repository to be a Redis repository, consider annotating your entities with one of these annotations: org.springframework.data.redis.core.RedisHash (preferred), or consider extending one of the following types with your repository: org.springframework.data.keyvalue.repository.KeyValueRepository
2026-08-18 13:01:41.196 INFO  [NO-REQUEST] [main] o.s.d.r.c.RepositoryConfigurationExtensionSupport - Spring Data Redis - Could not safely identify store assignment for repository candidate interface com.acleda.training.studentmanagement.features.student.StudentRepository; If you want this repository to be a Redis repository, consider annotating your entities with one of these annotations: org.springframework.data.redis.core.RedisHash (preferred), or consider extending one of the following types with your repository: org.springframework.data.keyvalue.repository.KeyValueRepository
2026-08-18 13:01:41.196 INFO  [NO-REQUEST] [main] o.s.d.r.c.RepositoryConfigurationDelegate - Finished Spring Data repository scanning in 9 ms. Found 0 Redis repository interfaces.
2026-08-18 13:01:41.698 INFO  [NO-REQUEST] [main] o.s.boot.tomcat.TomcatWebServer - Tomcat initialized with port 8080 (http)
2026-08-18 13:01:41.709 INFO  [NO-REQUEST] [main] o.a.catalina.core.StandardService - Starting service [Tomcat]
2026-08-18 13:01:41.710 INFO  [NO-REQUEST] [main] o.a.catalina.core.StandardEngine - Starting Servlet engine: [Apache Tomcat/11.0.22]
2026-08-18 13:01:41.784 INFO  [NO-REQUEST] [main] o.s.b.w.c.s.WebApplicationContextInitializer - Root WebApplicationContext: initialization completed in 1654 ms
2026-08-18 13:01:42.067 INFO  [NO-REQUEST] [main] org.hibernate.orm.jpa - HHH008540: Processing PersistenceUnitInfo [name: default]
2026-08-18 13:01:42.114 INFO  [NO-REQUEST] [main] org.hibernate.orm.core - HHH000001: Hibernate ORM core version 7.4.1.Final
2026-08-18 13:01:42.460 INFO  [NO-REQUEST] [main] o.s.o.j.p.SpringPersistenceUnitInfo - No LoadTimeWeaver setup: ignoring JPA class transformer
2026-08-18 13:01:42.486 INFO  [NO-REQUEST] [main] com.zaxxer.hikari.HikariDataSource - HikariPool-1 - Starting...
2026-08-18 13:01:42.625 INFO  [NO-REQUEST] [main] com.zaxxer.hikari.pool.HikariPool - HikariPool-1 - Added connection org.postgresql.jdbc.PgConnection@e2344da
2026-08-18 13:01:42.626 INFO  [NO-REQUEST] [main] com.zaxxer.hikari.HikariDataSource - HikariPool-1 - Start completed.
2026-08-18 13:01:42.679 INFO  [NO-REQUEST] [main] o.hibernate.orm.connections.pooling - HHH10001005: Database info:
	Database JDBC URL [jdbc:postgresql://localhost:5432/student_management_db]
	Database driver: PostgreSQL JDBC Driver
	Database dialect: PostgreSQLDialect
	Database version: 18.4
	Default catalog/schema: student_management_db/public
	Autocommit mode: undefined/unknown
	Isolation level: READ_COMMITTED [default READ_COMMITTED]
	JDBC fetch size: none
	Pool: DataSourceConnectionProvider
	Minimum pool size: undefined/unknown
	Maximum pool size: undefined/unknown
2026-08-18 13:01:43.640 INFO  [NO-REQUEST] [main] org.hibernate.orm.core - HHH000489: No JTA platform available (set 'hibernate.transaction.jta.platform' to enable JTA platform integration)
2026-08-18 13:01:43.760 INFO  [NO-REQUEST] [main] o.s.o.j.LocalContainerEntityManagerFactoryBean - Initialized JPA EntityManagerFactory for persistence unit 'default'
2026-08-18 13:01:43.822 INFO  [NO-REQUEST] [main] o.s.d.j.r.q.QueryEnhancerFactories - Hibernate is in classpath; If applicable, HQL parser will be used.
2026-08-18 13:01:44.057 TRACE [NO-REQUEST] [main] o.s.t.a.AnnotationTransactionAttributeSource - Adding transactional method 'com.acleda.training.studentmanagement.features.auth.CustomUserDetailsService.loadUserByUsername' with attribute: PROPAGATION_REQUIRED,ISOLATION_DEFAULT,readOnly
2026-08-18 13:01:44.570 INFO  [NO-REQUEST] [main] o.s.s.c.a.a.c.InitializeAuthenticationProviderBeanManagerConfigurer$InitializeAuthenticationProviderManagerConfigurer - Global AuthenticationManager configured with AuthenticationProvider bean with name authenticationProvider
2026-08-18 13:01:44.571 WARN  [NO-REQUEST] [main] o.s.s.c.a.a.c.InitializeUserDetailsBeanManagerConfigurer$InitializeUserDetailsManagerConfigurer - Global AuthenticationManager configured with an AuthenticationProvider bean. UserDetailsService beans will not be used by Spring Security for automatically configuring username/password login. Consider removing the AuthenticationProvider bean. Alternatively, consider using the UserDetailsService in a manually instantiated DaoAuthenticationProvider. If the current configuration is intentional, to turn off this warning, increase the logging level of 'org.springframework.security.config.annotation.authentication.configuration.InitializeUserDetailsBeanManagerConfigurer' to ERROR
2026-08-18 13:01:44.577 TRACE [NO-REQUEST] [main] o.s.t.a.AnnotationTransactionAttributeSource - Adding transactional method 'com.acleda.training.studentmanagement.features.auth.AuthService.register' with attribute: PROPAGATION_REQUIRED,ISOLATION_DEFAULT
2026-08-18 13:01:44.579 TRACE [NO-REQUEST] [main] o.s.t.a.AnnotationTransactionAttributeSource - Adding transactional method 'com.acleda.training.studentmanagement.features.auth.AuthService.login' with attribute: PROPAGATION_REQUIRED,ISOLATION_DEFAULT,readOnly
2026-08-18 13:01:44.579 TRACE [NO-REQUEST] [main] o.s.t.a.AnnotationTransactionAttributeSource - Adding transactional method 'com.acleda.training.studentmanagement.features.auth.AuthService.refreshToken' with attribute: PROPAGATION_REQUIRED,ISOLATION_DEFAULT,readOnly
2026-08-18 13:01:45.499 TRACE [NO-REQUEST] [main] o.s.t.a.AnnotationTransactionAttributeSource - Adding transactional method 'com.acleda.training.studentmanagement.features.course.CourseServiceImpl.getCourses' with attribute: PROPAGATION_REQUIRED,ISOLATION_DEFAULT,readOnly
2026-08-18 13:01:45.500 TRACE [NO-REQUEST] [main] o.s.t.a.AnnotationTransactionAttributeSource - Adding transactional method 'com.acleda.training.studentmanagement.features.course.CourseServiceImpl.updateCourse' with attribute: PROPAGATION_REQUIRED,ISOLATION_DEFAULT
2026-08-18 13:01:45.500 TRACE [NO-REQUEST] [main] o.s.t.a.AnnotationTransactionAttributeSource - Adding transactional method 'com.acleda.training.studentmanagement.features.course.CourseServiceImpl.deleteCourse' with attribute: PROPAGATION_REQUIRED,ISOLATION_DEFAULT
2026-08-18 13:01:45.500 TRACE [NO-REQUEST] [main] o.s.t.a.AnnotationTransactionAttributeSource - Adding transactional method 'com.acleda.training.studentmanagement.features.course.CourseServiceImpl.createCourse' with attribute: PROPAGATION_REQUIRED,ISOLATION_DEFAULT
2026-08-18 13:01:45.501 TRACE [NO-REQUEST] [main] o.s.t.a.AnnotationTransactionAttributeSource - Adding transactional method 'com.acleda.training.studentmanagement.features.course.CourseServiceImpl.getCourseById' with attribute: PROPAGATION_REQUIRED,ISOLATION_DEFAULT,readOnly
2026-08-18 13:01:45.726 TRACE [NO-REQUEST] [main] o.s.t.a.AnnotationTransactionAttributeSource - Adding transactional method 'com.acleda.training.studentmanagement.features.course.offering.CourseOfferingServiceImpl.createCourseOffering' with attribute: PROPAGATION_REQUIRED,ISOLATION_DEFAULT
2026-08-18 13:01:45.728 TRACE [NO-REQUEST] [main] o.s.t.a.AnnotationTransactionAttributeSource - Adding transactional method 'com.acleda.training.studentmanagement.features.course.offering.CourseOfferingServiceImpl.getCourseOfferingById' with attribute: PROPAGATION_REQUIRED,ISOLATION_DEFAULT,readOnly
2026-08-18 13:01:45.728 TRACE [NO-REQUEST] [main] o.s.t.a.AnnotationTransactionAttributeSource - Adding transactional method 'com.acleda.training.studentmanagement.features.course.offering.CourseOfferingServiceImpl.updateCourseOffering' with attribute: PROPAGATION_REQUIRED,ISOLATION_DEFAULT
2026-08-18 13:01:45.728 TRACE [NO-REQUEST] [main] o.s.t.a.AnnotationTransactionAttributeSource - Adding transactional method 'com.acleda.training.studentmanagement.features.course.offering.CourseOfferingServiceImpl.deleteCourseOffering' with attribute: PROPAGATION_REQUIRED,ISOLATION_DEFAULT
2026-08-18 13:01:45.728 TRACE [NO-REQUEST] [main] o.s.t.a.AnnotationTransactionAttributeSource - Adding transactional method 'com.acleda.training.studentmanagement.features.course.offering.CourseOfferingServiceImpl.getCourseOfferings' with attribute: PROPAGATION_REQUIRED,ISOLATION_DEFAULT,readOnly
2026-08-18 13:01:45.738 TRACE [NO-REQUEST] [main] o.s.t.a.AnnotationTransactionAttributeSource - Adding transactional method 'com.acleda.training.studentmanagement.features.department.DepartmentServiceImpl.getDepartments' with attribute: PROPAGATION_REQUIRED,ISOLATION_DEFAULT,readOnly
2026-08-18 13:01:45.739 TRACE [NO-REQUEST] [main] o.s.t.a.AnnotationTransactionAttributeSource - Adding transactional method 'com.acleda.training.studentmanagement.features.department.DepartmentServiceImpl.getDepartmentById' with attribute: PROPAGATION_REQUIRED,ISOLATION_DEFAULT,readOnly
2026-08-18 13:01:45.739 TRACE [NO-REQUEST] [main] o.s.t.a.AnnotationTransactionAttributeSource - Adding transactional method 'com.acleda.training.studentmanagement.features.department.DepartmentServiceImpl.createDepartment' with attribute: PROPAGATION_REQUIRED,ISOLATION_DEFAULT
2026-08-18 13:01:45.740 TRACE [NO-REQUEST] [main] o.s.t.a.AnnotationTransactionAttributeSource - Adding transactional method 'com.acleda.training.studentmanagement.features.department.DepartmentServiceImpl.updateDepartment' with attribute: PROPAGATION_REQUIRED,ISOLATION_DEFAULT
2026-08-18 13:01:45.740 TRACE [NO-REQUEST] [main] o.s.t.a.AnnotationTransactionAttributeSource - Adding transactional method 'com.acleda.training.studentmanagement.features.department.DepartmentServiceImpl.deleteDepartment' with attribute: PROPAGATION_REQUIRED,ISOLATION_DEFAULT
2026-08-18 13:01:45.740 TRACE [NO-REQUEST] [main] o.s.t.a.AnnotationTransactionAttributeSource - Adding transactional method 'com.acleda.training.studentmanagement.features.department.DepartmentServiceImpl.updateDepartmentStatus' with attribute: PROPAGATION_REQUIRED,ISOLATION_DEFAULT
2026-08-18 13:01:45.823 TRACE [NO-REQUEST] [main] o.s.t.a.AnnotationTransactionAttributeSource - Adding transactional method 'com.acleda.training.studentmanagement.features.enrollment.EnrollmentServiceImpl.testBulkEnrollmentTransaction' with attribute: PROPAGATION_REQUIRED,ISOLATION_DEFAULT
2026-08-18 13:01:45.823 TRACE [NO-REQUEST] [main] o.s.t.a.AnnotationTransactionAttributeSource - Adding transactional method 'com.acleda.training.studentmanagement.features.enrollment.EnrollmentServiceImpl.getEnrollmentById' with attribute: PROPAGATION_REQUIRED,ISOLATION_DEFAULT,readOnly
2026-08-18 13:01:45.824 TRACE [NO-REQUEST] [main] o.s.t.a.AnnotationTransactionAttributeSource - Adding transactional method 'com.acleda.training.studentmanagement.features.enrollment.EnrollmentServiceImpl.getEnrollments' with attribute: PROPAGATION_REQUIRED,ISOLATION_DEFAULT,readOnly
2026-08-18 13:01:45.824 TRACE [NO-REQUEST] [main] o.s.t.a.AnnotationTransactionAttributeSource - Adding transactional method 'com.acleda.training.studentmanagement.features.enrollment.EnrollmentServiceImpl.deleteEnrollment' with attribute: PROPAGATION_REQUIRED,ISOLATION_DEFAULT
2026-08-18 13:01:45.824 TRACE [NO-REQUEST] [main] o.s.t.a.AnnotationTransactionAttributeSource - Adding transactional method 'com.acleda.training.studentmanagement.features.enrollment.EnrollmentServiceImpl.updateEnrollmentResult' with attribute: PROPAGATION_REQUIRED,ISOLATION_DEFAULT
2026-08-18 13:01:45.824 TRACE [NO-REQUEST] [main] o.s.t.a.AnnotationTransactionAttributeSource - Adding transactional method 'com.acleda.training.studentmanagement.features.enrollment.EnrollmentServiceImpl.createEnrollment' with attribute: PROPAGATION_REQUIRED,ISOLATION_DEFAULT
2026-08-18 13:01:45.824 TRACE [NO-REQUEST] [main] o.s.t.a.AnnotationTransactionAttributeSource - Adding transactional method 'com.acleda.training.studentmanagement.features.enrollment.EnrollmentServiceImpl.updateEnrollment' with attribute: PROPAGATION_REQUIRED,ISOLATION_DEFAULT
2026-08-18 13:01:46.097 TRACE [NO-REQUEST] [main] o.s.t.a.AnnotationTransactionAttributeSource - Adding transactional method 'com.acleda.training.studentmanagement.features.instructor.InstructorServiceImpl.deleteInstructor' with attribute: PROPAGATION_REQUIRED,ISOLATION_DEFAULT
2026-08-18 13:01:46.098 TRACE [NO-REQUEST] [main] o.s.t.a.AnnotationTransactionAttributeSource - Adding transactional method 'com.acleda.training.studentmanagement.features.instructor.InstructorServiceImpl.getInstructors' with attribute: PROPAGATION_REQUIRED,ISOLATION_DEFAULT,readOnly
2026-08-18 13:01:46.098 TRACE [NO-REQUEST] [main] o.s.t.a.AnnotationTransactionAttributeSource - Adding transactional method 'com.acleda.training.studentmanagement.features.instructor.InstructorServiceImpl.createInstructor' with attribute: PROPAGATION_REQUIRED,ISOLATION_DEFAULT
2026-08-18 13:01:46.098 TRACE [NO-REQUEST] [main] o.s.t.a.AnnotationTransactionAttributeSource - Adding transactional method 'com.acleda.training.studentmanagement.features.instructor.InstructorServiceImpl.updateInstructor' with attribute: PROPAGATION_REQUIRED,ISOLATION_DEFAULT
2026-08-18 13:01:46.098 TRACE [NO-REQUEST] [main] o.s.t.a.AnnotationTransactionAttributeSource - Adding transactional method 'com.acleda.training.studentmanagement.features.instructor.InstructorServiceImpl.getInstructorById' with attribute: PROPAGATION_REQUIRED,ISOLATION_DEFAULT,readOnly
2026-08-18 13:01:46.105 TRACE [NO-REQUEST] [main] o.s.t.a.AnnotationTransactionAttributeSource - Adding transactional method 'com.acleda.training.studentmanagement.features.student.StudentServiceImpl.createStudent' with attribute: PROPAGATION_REQUIRED,ISOLATION_DEFAULT
2026-08-18 13:01:46.106 TRACE [NO-REQUEST] [main] o.s.t.a.AnnotationTransactionAttributeSource - Adding transactional method 'com.acleda.training.studentmanagement.features.student.StudentServiceImpl.getStudents' with attribute: PROPAGATION_REQUIRED,ISOLATION_DEFAULT,readOnly
2026-08-18 13:01:46.107 TRACE [NO-REQUEST] [main] o.s.t.a.AnnotationTransactionAttributeSource - Adding transactional method 'com.acleda.training.studentmanagement.features.student.StudentServiceImpl.getStudentById' with attribute: PROPAGATION_REQUIRED,ISOLATION_DEFAULT,readOnly
2026-08-18 13:01:46.107 TRACE [NO-REQUEST] [main] o.s.t.a.AnnotationTransactionAttributeSource - Adding transactional method 'com.acleda.training.studentmanagement.features.student.StudentServiceImpl.deleteStudent' with attribute: PROPAGATION_REQUIRED,ISOLATION_DEFAULT
2026-08-18 13:01:46.107 TRACE [NO-REQUEST] [main] o.s.t.a.AnnotationTransactionAttributeSource - Adding transactional method 'com.acleda.training.studentmanagement.features.student.StudentServiceImpl.updateStudent' with attribute: PROPAGATION_REQUIRED,ISOLATION_DEFAULT
2026-08-18 13:01:47.158 INFO  [NO-REQUEST] [main] o.s.b.a.e.web.EndpointLinksResolver - Exposing 1 endpoint beneath base path '/actuator'
2026-08-18 13:01:47.233 INFO  [NO-REQUEST] [main] o.s.boot.tomcat.TomcatWebServer - Tomcat started on port 8080 (http) with context path '/'
2026-08-18 13:01:47.242 INFO  [NO-REQUEST] [main] c.a.t.s.StudentManagementApiApplication - Started StudentManagementApiApplication in 7.469 seconds (process running for 8.039)
2026-08-18 13:01:47.250 TRACE [NO-REQUEST] [main] o.s.t.i.TransactionInterceptor - No need to create transaction for [org.springframework.data.jpa.repository.support.SimpleJpaRepository.existsByUsernameIgnoreCase]: This method is not transactional.
2026-08-18 13:01:47.339 DEBUG [NO-REQUEST] [main] org.hibernate.SQL - 
    select
        au1_0.id 
    from
        app_users au1_0 
    where
        upper(au1_0.username)=upper(?) 
    fetch
        first ? rows only
2026-08-18 13:01:47.340 TRACE [NO-REQUEST] [main] org.hibernate.orm.jdbc.bind - binding parameter (1:VARCHAR) <- [admin]
2026-08-18 13:01:47.340 TRACE [NO-REQUEST] [main] org.hibernate.orm.jdbc.bind - binding parameter (2:INTEGER) <- [1]
2026-08-18 13:01:47.477 INFO  [NO-REQUEST] [RMI TCP Connection(1)-192.168.33.1] o.a.c.c.C.[Tomcat].[localhost].[/] - Initializing Spring DispatcherServlet 'dispatcherServlet'
2026-08-18 13:01:47.477 INFO  [NO-REQUEST] [RMI TCP Connection(1)-192.168.33.1] o.s.web.servlet.DispatcherServlet - Initializing Servlet 'dispatcherServlet'
2026-08-18 13:01:47.480 INFO  [NO-REQUEST] [RMI TCP Connection(1)-192.168.33.1] o.s.web.servlet.DispatcherServlet - Completed initialization in 3 ms
2026-08-18 13:01:59.119 INFO  [60b689b6-c73f-4f87-8b9d-e9d04caddc9a] [http-nio-8080-exec-1] c.a.t.s.l.RequestLoggingInterceptor - API REQUEST | Method: POST | URI: /api/v1/auth/login | Query: null
2026-08-18 13:01:59.166 DEBUG [60b689b6-c73f-4f87-8b9d-e9d04caddc9a] [http-nio-8080-exec-1] o.s.orm.jpa.JpaTransactionManager - Creating new transaction with name [com.acleda.training.studentmanagement.features.auth.AuthService.login]: PROPAGATION_REQUIRED,ISOLATION_DEFAULT,readOnly
2026-08-18 13:01:59.167 DEBUG [60b689b6-c73f-4f87-8b9d-e9d04caddc9a] [http-nio-8080-exec-1] o.s.orm.jpa.JpaTransactionManager - Opened new EntityManager [SessionImpl(370928733<open>)] for JPA transaction
2026-08-18 13:01:59.171 DEBUG [60b689b6-c73f-4f87-8b9d-e9d04caddc9a] [http-nio-8080-exec-1] o.s.orm.jpa.JpaTransactionManager - Exposing JPA transaction as JDBC [org.springframework.orm.jpa.vendor.HibernateJpaDialect$HibernateConnectionHandle@61d0a5c5]
2026-08-18 13:01:59.172 TRACE [60b689b6-c73f-4f87-8b9d-e9d04caddc9a] [http-nio-8080-exec-1] o.s.t.i.TransactionInterceptor - Getting transaction for [com.acleda.training.studentmanagement.features.auth.AuthService.login]
2026-08-18 13:01:59.237 DEBUG [60b689b6-c73f-4f87-8b9d-e9d04caddc9a] [http-nio-8080-exec-1] o.s.orm.jpa.JpaTransactionManager - Found thread-bound EntityManager [SessionImpl(370928733<open>)] for JPA transaction
2026-08-18 13:01:59.237 DEBUG [60b689b6-c73f-4f87-8b9d-e9d04caddc9a] [http-nio-8080-exec-1] o.s.orm.jpa.JpaTransactionManager - Participating in existing transaction
2026-08-18 13:01:59.237 TRACE [60b689b6-c73f-4f87-8b9d-e9d04caddc9a] [http-nio-8080-exec-1] o.s.t.i.TransactionInterceptor - Getting transaction for [com.acleda.training.studentmanagement.features.auth.CustomUserDetailsService.loadUserByUsername]
2026-08-18 13:01:59.237 TRACE [60b689b6-c73f-4f87-8b9d-e9d04caddc9a] [http-nio-8080-exec-1] o.s.t.i.TransactionInterceptor - No need to create transaction for [org.springframework.data.jpa.repository.support.SimpleJpaRepository.findByUsernameIgnoreCase]: This method is not transactional.
2026-08-18 13:01:59.243 DEBUG [60b689b6-c73f-4f87-8b9d-e9d04caddc9a] [http-nio-8080-exec-1] org.hibernate.SQL - 
    select
        au1_0.id,
        au1_0.created_at,
        au1_0.enabled,
        au1_0.password,
        au1_0.role,
        au1_0.updated_at,
        au1_0.username 
    from
        app_users au1_0 
    where
        upper(au1_0.username)=upper(?)
2026-08-18 13:01:59.244 TRACE [60b689b6-c73f-4f87-8b9d-e9d04caddc9a] [http-nio-8080-exec-1] org.hibernate.orm.jdbc.bind - binding parameter (1:VARCHAR) <- [admin]
2026-08-18 13:01:59.259 TRACE [60b689b6-c73f-4f87-8b9d-e9d04caddc9a] [http-nio-8080-exec-1] o.s.t.i.TransactionInterceptor - Completing transaction for [com.acleda.training.studentmanagement.features.auth.CustomUserDetailsService.loadUserByUsername]
2026-08-18 13:01:59.382 TRACE [60b689b6-c73f-4f87-8b9d-e9d04caddc9a] [http-nio-8080-exec-1] o.s.t.i.TransactionInterceptor - Completing transaction for [com.acleda.training.studentmanagement.features.auth.AuthService.login]
2026-08-18 13:01:59.382 DEBUG [60b689b6-c73f-4f87-8b9d-e9d04caddc9a] [http-nio-8080-exec-1] o.s.orm.jpa.JpaTransactionManager - Initiating transaction commit
2026-08-18 13:01:59.383 DEBUG [60b689b6-c73f-4f87-8b9d-e9d04caddc9a] [http-nio-8080-exec-1] o.s.orm.jpa.JpaTransactionManager - Committing JPA transaction on EntityManager [SessionImpl(370928733<open>)]
2026-08-18 13:01:59.385 DEBUG [60b689b6-c73f-4f87-8b9d-e9d04caddc9a] [http-nio-8080-exec-1] o.s.orm.jpa.JpaTransactionManager - Closing JPA EntityManager after transaction
2026-08-18 13:01:59.436 INFO  [60b689b6-c73f-4f87-8b9d-e9d04caddc9a] [http-nio-8080-exec-1] c.a.t.s.l.RequestLoggingInterceptor - API RESPONSE | Method: POST | URI: /api/v1/auth/login | Status: 200 | Duration: 317ms
2026-08-18 13:02:16.769 INFO  [NO-REQUEST] [SpringApplicationShutdownHook] o.s.boot.tomcat.GracefulShutdown - Commencing graceful shutdown. Waiting for active requests to complete
2026-08-18 13:02:16.776 INFO  [NO-REQUEST] [tomcat-shutdown] o.s.boot.tomcat.GracefulShutdown - Graceful shutdown complete
2026-08-18 13:02:18.809 INFO  [NO-REQUEST] [SpringApplicationShutdownHook] o.s.o.j.LocalContainerEntityManagerFactoryBean - Closing JPA EntityManagerFactory for persistence unit 'default'
2026-08-18 13:02:18.810 INFO  [NO-REQUEST] [SpringApplicationShutdownHook] com.zaxxer.hikari.HikariDataSource - HikariPool-1 - Shutdown initiated...
2026-08-18 13:02:18.812 INFO  [NO-REQUEST] [SpringApplicationShutdownHook] com.zaxxer.hikari.HikariDataSource - HikariPool-1 - Shutdown completed.
2026-08-18 13:02:20.726 INFO  [NO-REQUEST] [main] c.a.t.s.StudentManagementApiApplication - Starting StudentManagementApiApplication using Java 25.0.4 with PID 20028 (D:\student-management-api\build\classes\java\main started by USER in D:\student-management-api)
2026-08-18 13:02:20.729 INFO  [NO-REQUEST] [main] c.a.t.s.StudentManagementApiApplication - No active profile set, falling back to 1 default profile: "default"
2026-08-18 13:02:21.597 INFO  [NO-REQUEST] [main] o.s.d.r.c.RepositoryConfigurationDelegate - Multiple Spring Data modules found, entering strict repository configuration mode
2026-08-18 13:02:21.598 INFO  [NO-REQUEST] [main] o.s.d.r.c.RepositoryConfigurationDelegate - Bootstrapping Spring Data JPA repositories in DEFAULT mode.
2026-08-18 13:02:21.724 INFO  [NO-REQUEST] [main] o.s.d.r.c.RepositoryConfigurationDelegate - Finished Spring Data repository scanning in 118 ms. Found 7 JPA repository interfaces.
2026-08-18 13:02:21.737 INFO  [NO-REQUEST] [main] o.s.d.r.c.RepositoryConfigurationDelegate - Multiple Spring Data modules found, entering strict repository configuration mode
2026-08-18 13:02:21.737 INFO  [NO-REQUEST] [main] o.s.d.r.c.RepositoryConfigurationDelegate - Bootstrapping Spring Data Redis repositories in DEFAULT mode.
2026-08-18 13:02:21.753 INFO  [NO-REQUEST] [main] o.s.d.r.c.RepositoryConfigurationExtensionSupport - Spring Data Redis - Could not safely identify store assignment for repository candidate interface com.acleda.training.studentmanagement.features.auth.AppUserRepository; If you want this repository to be a Redis repository, consider annotating your entities with one of these annotations: org.springframework.data.redis.core.RedisHash (preferred), or consider extending one of the following types with your repository: org.springframework.data.keyvalue.repository.KeyValueRepository
2026-08-18 13:02:21.753 INFO  [NO-REQUEST] [main] o.s.d.r.c.RepositoryConfigurationExtensionSupport - Spring Data Redis - Could not safely identify store assignment for repository candidate interface com.acleda.training.studentmanagement.features.course.CourseRepository; If you want this repository to be a Redis repository, consider annotating your entities with one of these annotations: org.springframework.data.redis.core.RedisHash (preferred), or consider extending one of the following types with your repository: org.springframework.data.keyvalue.repository.KeyValueRepository
2026-08-18 13:02:21.754 INFO  [NO-REQUEST] [main] o.s.d.r.c.RepositoryConfigurationExtensionSupport - Spring Data Redis - Could not safely identify store assignment for repository candidate interface com.acleda.training.studentmanagement.features.course.offering.CourseOfferingRepository; If you want this repository to be a Redis repository, consider annotating your entities with one of these annotations: org.springframework.data.redis.core.RedisHash (preferred), or consider extending one of the following types with your repository: org.springframework.data.keyvalue.repository.KeyValueRepository
2026-08-18 13:02:21.754 INFO  [NO-REQUEST] [main] o.s.d.r.c.RepositoryConfigurationExtensionSupport - Spring Data Redis - Could not safely identify store assignment for repository candidate interface com.acleda.training.studentmanagement.features.department.DepartmentRepository; If you want this repository to be a Redis repository, consider annotating your entities with one of these annotations: org.springframework.data.redis.core.RedisHash (preferred), or consider extending one of the following types with your repository: org.springframework.data.keyvalue.repository.KeyValueRepository
2026-08-18 13:02:21.754 INFO  [NO-REQUEST] [main] o.s.d.r.c.RepositoryConfigurationExtensionSupport - Spring Data Redis - Could not safely identify store assignment for repository candidate interface com.acleda.training.studentmanagement.features.enrollment.EnrollmentRepository; If you want this repository to be a Redis repository, consider annotating your entities with one of these annotations: org.springframework.data.redis.core.RedisHash (preferred), or consider extending one of the following types with your repository: org.springframework.data.keyvalue.repository.KeyValueRepository
2026-08-18 13:02:21.754 INFO  [NO-REQUEST] [main] o.s.d.r.c.RepositoryConfigurationExtensionSupport - Spring Data Redis - Could not safely identify store assignment for repository candidate interface com.acleda.training.studentmanagement.features.instructor.InstructorRepository; If you want this repository to be a Redis repository, consider annotating your entities with one of these annotations: org.springframework.data.redis.core.RedisHash (preferred), or consider extending one of the following types with your repository: org.springframework.data.keyvalue.repository.KeyValueRepository
2026-08-18 13:02:21.754 INFO  [NO-REQUEST] [main] o.s.d.r.c.RepositoryConfigurationExtensionSupport - Spring Data Redis - Could not safely identify store assignment for repository candidate interface com.acleda.training.studentmanagement.features.student.StudentRepository; If you want this repository to be a Redis repository, consider annotating your entities with one of these annotations: org.springframework.data.redis.core.RedisHash (preferred), or consider extending one of the following types with your repository: org.springframework.data.keyvalue.repository.KeyValueRepository
2026-08-18 13:02:21.754 INFO  [NO-REQUEST] [main] o.s.d.r.c.RepositoryConfigurationDelegate - Finished Spring Data repository scanning in 9 ms. Found 0 Redis repository interfaces.
2026-08-18 13:02:22.238 INFO  [NO-REQUEST] [main] o.s.boot.tomcat.TomcatWebServer - Tomcat initialized with port 8080 (http)
2026-08-18 13:02:22.248 INFO  [NO-REQUEST] [main] o.a.catalina.core.StandardService - Starting service [Tomcat]
2026-08-18 13:02:22.249 INFO  [NO-REQUEST] [main] o.a.catalina.core.StandardEngine - Starting Servlet engine: [Apache Tomcat/11.0.22]
2026-08-18 13:02:22.313 INFO  [NO-REQUEST] [main] o.s.b.w.c.s.WebApplicationContextInitializer - Root WebApplicationContext: initialization completed in 1552 ms
2026-08-18 13:02:22.574 INFO  [NO-REQUEST] [main] org.hibernate.orm.jpa - HHH008540: Processing PersistenceUnitInfo [name: default]
2026-08-18 13:02:22.613 INFO  [NO-REQUEST] [main] org.hibernate.orm.core - HHH000001: Hibernate ORM core version 7.4.1.Final
2026-08-18 13:02:22.943 INFO  [NO-REQUEST] [main] o.s.o.j.p.SpringPersistenceUnitInfo - No LoadTimeWeaver setup: ignoring JPA class transformer
2026-08-18 13:02:22.966 INFO  [NO-REQUEST] [main] com.zaxxer.hikari.HikariDataSource - HikariPool-1 - Starting...
2026-08-18 13:02:23.079 INFO  [NO-REQUEST] [main] com.zaxxer.hikari.pool.HikariPool - HikariPool-1 - Added connection org.postgresql.jdbc.PgConnection@517d9cd5
2026-08-18 13:02:23.080 INFO  [NO-REQUEST] [main] com.zaxxer.hikari.HikariDataSource - HikariPool-1 - Start completed.
2026-08-18 13:02:23.142 INFO  [NO-REQUEST] [main] o.hibernate.orm.connections.pooling - HHH10001005: Database info:
	Database JDBC URL [jdbc:postgresql://localhost:5432/student_management_db]
	Database driver: PostgreSQL JDBC Driver
	Database dialect: PostgreSQLDialect
	Database version: 18.4
	Default catalog/schema: student_management_db/public
	Autocommit mode: undefined/unknown
	Isolation level: READ_COMMITTED [default READ_COMMITTED]
	JDBC fetch size: none
	Pool: DataSourceConnectionProvider
	Minimum pool size: undefined/unknown
	Maximum pool size: undefined/unknown
2026-08-18 13:02:23.993 INFO  [NO-REQUEST] [main] org.hibernate.orm.core - HHH000489: No JTA platform available (set 'hibernate.transaction.jta.platform' to enable JTA platform integration)
2026-08-18 13:02:24.078 INFO  [NO-REQUEST] [main] o.s.o.j.LocalContainerEntityManagerFactoryBean - Initialized JPA EntityManagerFactory for persistence unit 'default'
2026-08-18 13:02:24.122 INFO  [NO-REQUEST] [main] o.s.d.j.r.q.QueryEnhancerFactories - Hibernate is in classpath; If applicable, HQL parser will be used.
2026-08-18 13:02:24.251 TRACE [NO-REQUEST] [main] o.s.t.a.AnnotationTransactionAttributeSource - Adding transactional method 'com.acleda.training.studentmanagement.features.auth.CustomUserDetailsService.loadUserByUsername' with attribute: PROPAGATION_REQUIRED,ISOLATION_DEFAULT,readOnly
2026-08-18 13:02:24.709 INFO  [NO-REQUEST] [main] o.s.s.c.a.a.c.InitializeAuthenticationProviderBeanManagerConfigurer$InitializeAuthenticationProviderManagerConfigurer - Global AuthenticationManager configured with AuthenticationProvider bean with name authenticationProvider
2026-08-18 13:02:24.710 WARN  [NO-REQUEST] [main] o.s.s.c.a.a.c.InitializeUserDetailsBeanManagerConfigurer$InitializeUserDetailsManagerConfigurer - Global AuthenticationManager configured with an AuthenticationProvider bean. UserDetailsService beans will not be used by Spring Security for automatically configuring username/password login. Consider removing the AuthenticationProvider bean. Alternatively, consider using the UserDetailsService in a manually instantiated DaoAuthenticationProvider. If the current configuration is intentional, to turn off this warning, increase the logging level of 'org.springframework.security.config.annotation.authentication.configuration.InitializeUserDetailsBeanManagerConfigurer' to ERROR
2026-08-18 13:02:24.716 TRACE [NO-REQUEST] [main] o.s.t.a.AnnotationTransactionAttributeSource - Adding transactional method 'com.acleda.training.studentmanagement.features.auth.AuthService.register' with attribute: PROPAGATION_REQUIRED,ISOLATION_DEFAULT
2026-08-18 13:02:24.717 TRACE [NO-REQUEST] [main] o.s.t.a.AnnotationTransactionAttributeSource - Adding transactional method 'com.acleda.training.studentmanagement.features.auth.AuthService.login' with attribute: PROPAGATION_REQUIRED,ISOLATION_DEFAULT,readOnly
2026-08-18 13:02:24.717 TRACE [NO-REQUEST] [main] o.s.t.a.AnnotationTransactionAttributeSource - Adding transactional method 'com.acleda.training.studentmanagement.features.auth.AuthService.refreshToken' with attribute: PROPAGATION_REQUIRED,ISOLATION_DEFAULT,readOnly
2026-08-18 13:02:25.528 TRACE [NO-REQUEST] [main] o.s.t.a.AnnotationTransactionAttributeSource - Adding transactional method 'com.acleda.training.studentmanagement.features.course.CourseServiceImpl.getCourseById' with attribute: PROPAGATION_REQUIRED,ISOLATION_DEFAULT,readOnly
2026-08-18 13:02:25.529 TRACE [NO-REQUEST] [main] o.s.t.a.AnnotationTransactionAttributeSource - Adding transactional method 'com.acleda.training.studentmanagement.features.course.CourseServiceImpl.updateCourse' with attribute: PROPAGATION_REQUIRED,ISOLATION_DEFAULT
2026-08-18 13:02:25.529 TRACE [NO-REQUEST] [main] o.s.t.a.AnnotationTransactionAttributeSource - Adding transactional method 'com.acleda.training.studentmanagement.features.course.CourseServiceImpl.deleteCourse' with attribute: PROPAGATION_REQUIRED,ISOLATION_DEFAULT
2026-08-18 13:02:25.529 TRACE [NO-REQUEST] [main] o.s.t.a.AnnotationTransactionAttributeSource - Adding transactional method 'com.acleda.training.studentmanagement.features.course.CourseServiceImpl.createCourse' with attribute: PROPAGATION_REQUIRED,ISOLATION_DEFAULT
2026-08-18 13:02:25.529 TRACE [NO-REQUEST] [main] o.s.t.a.AnnotationTransactionAttributeSource - Adding transactional method 'com.acleda.training.studentmanagement.features.course.CourseServiceImpl.getCourses' with attribute: PROPAGATION_REQUIRED,ISOLATION_DEFAULT,readOnly
2026-08-18 13:02:25.713 TRACE [NO-REQUEST] [main] o.s.t.a.AnnotationTransactionAttributeSource - Adding transactional method 'com.acleda.training.studentmanagement.features.course.offering.CourseOfferingServiceImpl.createCourseOffering' with attribute: PROPAGATION_REQUIRED,ISOLATION_DEFAULT
2026-08-18 13:02:25.714 TRACE [NO-REQUEST] [main] o.s.t.a.AnnotationTransactionAttributeSource - Adding transactional method 'com.acleda.training.studentmanagement.features.course.offering.CourseOfferingServiceImpl.deleteCourseOffering' with attribute: PROPAGATION_REQUIRED,ISOLATION_DEFAULT
2026-08-18 13:02:25.714 TRACE [NO-REQUEST] [main] o.s.t.a.AnnotationTransactionAttributeSource - Adding transactional method 'com.acleda.training.studentmanagement.features.course.offering.CourseOfferingServiceImpl.getCourseOfferings' with attribute: PROPAGATION_REQUIRED,ISOLATION_DEFAULT,readOnly
2026-08-18 13:02:25.714 TRACE [NO-REQUEST] [main] o.s.t.a.AnnotationTransactionAttributeSource - Adding transactional method 'com.acleda.training.studentmanagement.features.course.offering.CourseOfferingServiceImpl.getCourseOfferingById' with attribute: PROPAGATION_REQUIRED,ISOLATION_DEFAULT,readOnly
2026-08-18 13:02:25.714 TRACE [NO-REQUEST] [main] o.s.t.a.AnnotationTransactionAttributeSource - Adding transactional method 'com.acleda.training.studentmanagement.features.course.offering.CourseOfferingServiceImpl.updateCourseOffering' with attribute: PROPAGATION_REQUIRED,ISOLATION_DEFAULT
2026-08-18 13:02:25.722 TRACE [NO-REQUEST] [main] o.s.t.a.AnnotationTransactionAttributeSource - Adding transactional method 'com.acleda.training.studentmanagement.features.department.DepartmentServiceImpl.findDepartment' with attribute: PROPAGATION_REQUIRED,ISOLATION_DEFAULT
2026-08-18 13:02:25.723 TRACE [NO-REQUEST] [main] o.s.t.a.AnnotationTransactionAttributeSource - Adding transactional method 'com.acleda.training.studentmanagement.features.department.DepartmentServiceImpl.deleteDepartment' with attribute: PROPAGATION_REQUIRED,ISOLATION_DEFAULT
2026-08-18 13:02:25.723 TRACE [NO-REQUEST] [main] o.s.t.a.AnnotationTransactionAttributeSource - Adding transactional method 'com.acleda.training.studentmanagement.features.department.DepartmentServiceImpl.updateDepartmentStatus' with attribute: PROPAGATION_REQUIRED,ISOLATION_DEFAULT
2026-08-18 13:02:25.723 TRACE [NO-REQUEST] [main] o.s.t.a.AnnotationTransactionAttributeSource - Adding transactional method 'com.acleda.training.studentmanagement.features.department.DepartmentServiceImpl.getDepartments' with attribute: PROPAGATION_REQUIRED,ISOLATION_DEFAULT,readOnly
2026-08-18 13:02:25.723 TRACE [NO-REQUEST] [main] o.s.t.a.AnnotationTransactionAttributeSource - Adding transactional method 'com.acleda.training.studentmanagement.features.department.DepartmentServiceImpl.updateDepartment' with attribute: PROPAGATION_REQUIRED,ISOLATION_DEFAULT
2026-08-18 13:02:25.723 TRACE [NO-REQUEST] [main] o.s.t.a.AnnotationTransactionAttributeSource - Adding transactional method 'com.acleda.training.studentmanagement.features.department.DepartmentServiceImpl.getDepartmentById' with attribute: PROPAGATION_REQUIRED,ISOLATION_DEFAULT,readOnly
2026-08-18 13:02:25.724 TRACE [NO-REQUEST] [main] o.s.t.a.AnnotationTransactionAttributeSource - Adding transactional method 'com.acleda.training.studentmanagement.features.department.DepartmentServiceImpl.createDepartment' with attribute: PROPAGATION_REQUIRED,ISOLATION_DEFAULT
2026-08-18 13:02:25.797 TRACE [NO-REQUEST] [main] o.s.t.a.AnnotationTransactionAttributeSource - Adding transactional method 'com.acleda.training.studentmanagement.features.enrollment.EnrollmentServiceImpl.updateEnrollmentResult' with attribute: PROPAGATION_REQUIRED,ISOLATION_DEFAULT
2026-08-18 13:02:25.798 TRACE [NO-REQUEST] [main] o.s.t.a.AnnotationTransactionAttributeSource - Adding transactional method 'com.acleda.training.studentmanagement.features.enrollment.EnrollmentServiceImpl.deleteEnrollment' with attribute: PROPAGATION_REQUIRED,ISOLATION_DEFAULT
2026-08-18 13:02:25.798 TRACE [NO-REQUEST] [main] o.s.t.a.AnnotationTransactionAttributeSource - Adding transactional method 'com.acleda.training.studentmanagement.features.enrollment.EnrollmentServiceImpl.updateEnrollment' with attribute: PROPAGATION_REQUIRED,ISOLATION_DEFAULT
2026-08-18 13:02:25.798 TRACE [NO-REQUEST] [main] o.s.t.a.AnnotationTransactionAttributeSource - Adding transactional method 'com.acleda.training.studentmanagement.features.enrollment.EnrollmentServiceImpl.createEnrollment' with attribute: PROPAGATION_REQUIRED,ISOLATION_DEFAULT
2026-08-18 13:02:25.798 TRACE [NO-REQUEST] [main] o.s.t.a.AnnotationTransactionAttributeSource - Adding transactional method 'com.acleda.training.studentmanagement.features.enrollment.EnrollmentServiceImpl.getEnrollments' with attribute: PROPAGATION_REQUIRED,ISOLATION_DEFAULT,readOnly
2026-08-18 13:02:25.798 TRACE [NO-REQUEST] [main] o.s.t.a.AnnotationTransactionAttributeSource - Adding transactional method 'com.acleda.training.studentmanagement.features.enrollment.EnrollmentServiceImpl.getEnrollmentById' with attribute: PROPAGATION_REQUIRED,ISOLATION_DEFAULT,readOnly
2026-08-18 13:02:25.798 TRACE [NO-REQUEST] [main] o.s.t.a.AnnotationTransactionAttributeSource - Adding transactional method 'com.acleda.training.studentmanagement.features.enrollment.EnrollmentServiceImpl.testBulkEnrollmentTransaction' with attribute: PROPAGATION_REQUIRED,ISOLATION_DEFAULT
2026-08-18 13:02:26.007 TRACE [NO-REQUEST] [main] o.s.t.a.AnnotationTransactionAttributeSource - Adding transactional method 'com.acleda.training.studentmanagement.features.instructor.InstructorServiceImpl.createInstructor' with attribute: PROPAGATION_REQUIRED,ISOLATION_DEFAULT
2026-08-18 13:02:26.008 TRACE [NO-REQUEST] [main] o.s.t.a.AnnotationTransactionAttributeSource - Adding transactional method 'com.acleda.training.studentmanagement.features.instructor.InstructorServiceImpl.getInstructorById' with attribute: PROPAGATION_REQUIRED,ISOLATION_DEFAULT,readOnly
2026-08-18 13:02:26.008 TRACE [NO-REQUEST] [main] o.s.t.a.AnnotationTransactionAttributeSource - Adding transactional method 'com.acleda.training.studentmanagement.features.instructor.InstructorServiceImpl.updateInstructor' with attribute: PROPAGATION_REQUIRED,ISOLATION_DEFAULT
2026-08-18 13:02:26.008 TRACE [NO-REQUEST] [main] o.s.t.a.AnnotationTransactionAttributeSource - Adding transactional method 'com.acleda.training.studentmanagement.features.instructor.InstructorServiceImpl.deleteInstructor' with attribute: PROPAGATION_REQUIRED,ISOLATION_DEFAULT
2026-08-18 13:02:26.008 TRACE [NO-REQUEST] [main] o.s.t.a.AnnotationTransactionAttributeSource - Adding transactional method 'com.acleda.training.studentmanagement.features.instructor.InstructorServiceImpl.getInstructors' with attribute: PROPAGATION_REQUIRED,ISOLATION_DEFAULT,readOnly
2026-08-18 13:02:26.014 TRACE [NO-REQUEST] [main] o.s.t.a.AnnotationTransactionAttributeSource - Adding transactional method 'com.acleda.training.studentmanagement.features.student.StudentServiceImpl.updateStudent' with attribute: PROPAGATION_REQUIRED,ISOLATION_DEFAULT
2026-08-18 13:02:26.016 TRACE [NO-REQUEST] [main] o.s.t.a.AnnotationTransactionAttributeSource - Adding transactional method 'com.acleda.training.studentmanagement.features.student.StudentServiceImpl.getStudentById' with attribute: PROPAGATION_REQUIRED,ISOLATION_DEFAULT,readOnly
2026-08-18 13:02:26.016 TRACE [NO-REQUEST] [main] o.s.t.a.AnnotationTransactionAttributeSource - Adding transactional method 'com.acleda.training.studentmanagement.features.student.StudentServiceImpl.getStudents' with attribute: PROPAGATION_REQUIRED,ISOLATION_DEFAULT,readOnly
2026-08-18 13:02:26.016 TRACE [NO-REQUEST] [main] o.s.t.a.AnnotationTransactionAttributeSource - Adding transactional method 'com.acleda.training.studentmanagement.features.student.StudentServiceImpl.deleteStudent' with attribute: PROPAGATION_REQUIRED,ISOLATION_DEFAULT
2026-08-18 13:02:26.016 TRACE [NO-REQUEST] [main] o.s.t.a.AnnotationTransactionAttributeSource - Adding transactional method 'com.acleda.training.studentmanagement.features.student.StudentServiceImpl.createStudent' with attribute: PROPAGATION_REQUIRED,ISOLATION_DEFAULT
2026-08-18 13:02:26.738 INFO  [NO-REQUEST] [main] o.s.b.a.e.web.EndpointLinksResolver - Exposing 1 endpoint beneath base path '/actuator'
2026-08-18 13:02:26.804 INFO  [NO-REQUEST] [main] o.s.boot.tomcat.TomcatWebServer - Tomcat started on port 8080 (http) with context path '/'
2026-08-18 13:02:26.813 INFO  [NO-REQUEST] [main] c.a.t.s.StudentManagementApiApplication - Started StudentManagementApiApplication in 6.39 seconds (process running for 6.948)
2026-08-18 13:02:26.820 TRACE [NO-REQUEST] [main] o.s.t.i.TransactionInterceptor - No need to create transaction for [org.springframework.data.jpa.repository.support.SimpleJpaRepository.existsByUsernameIgnoreCase]: This method is not transactional.
2026-08-18 13:02:26.891 DEBUG [NO-REQUEST] [main] org.hibernate.SQL - 
    select
        au1_0.id 
    from
        app_users au1_0 
    where
        upper(au1_0.username)=upper(?) 
    fetch
        first ? rows only
2026-08-18 13:02:26.892 TRACE [NO-REQUEST] [main] org.hibernate.orm.jdbc.bind - binding parameter (1:VARCHAR) <- [admin]
2026-08-18 13:02:26.892 TRACE [NO-REQUEST] [main] org.hibernate.orm.jdbc.bind - binding parameter (2:INTEGER) <- [1]
2026-08-18 13:02:27.055 INFO  [NO-REQUEST] [RMI TCP Connection(2)-192.168.33.1] o.a.c.c.C.[Tomcat].[localhost].[/] - Initializing Spring DispatcherServlet 'dispatcherServlet'
2026-08-18 13:02:27.055 INFO  [NO-REQUEST] [RMI TCP Connection(2)-192.168.33.1] o.s.web.servlet.DispatcherServlet - Initializing Servlet 'dispatcherServlet'
2026-08-18 13:02:27.057 INFO  [NO-REQUEST] [RMI TCP Connection(2)-192.168.33.1] o.s.web.servlet.DispatcherServlet - Completed initialization in 1 ms
2026-08-18 13:02:31.809 DEBUG [NO-REQUEST] [http-nio-8080-exec-1] o.s.orm.jpa.JpaTransactionManager - Creating new transaction with name [com.acleda.training.studentmanagement.features.auth.CustomUserDetailsService.loadUserByUsername]: PROPAGATION_REQUIRED,ISOLATION_DEFAULT,readOnly
2026-08-18 13:02:31.810 DEBUG [NO-REQUEST] [http-nio-8080-exec-1] o.s.orm.jpa.JpaTransactionManager - Opened new EntityManager [SessionImpl(1928339243<open>)] for JPA transaction
2026-08-18 13:02:31.813 DEBUG [NO-REQUEST] [http-nio-8080-exec-1] o.s.orm.jpa.JpaTransactionManager - Exposing JPA transaction as JDBC [org.springframework.orm.jpa.vendor.HibernateJpaDialect$HibernateConnectionHandle@492ff031]
2026-08-18 13:02:31.813 TRACE [NO-REQUEST] [http-nio-8080-exec-1] o.s.t.i.TransactionInterceptor - Getting transaction for [com.acleda.training.studentmanagement.features.auth.CustomUserDetailsService.loadUserByUsername]
2026-08-18 13:02:31.815 TRACE [NO-REQUEST] [http-nio-8080-exec-1] o.s.t.i.TransactionInterceptor - No need to create transaction for [org.springframework.data.jpa.repository.support.SimpleJpaRepository.findByUsernameIgnoreCase]: This method is not transactional.
2026-08-18 13:02:31.823 DEBUG [NO-REQUEST] [http-nio-8080-exec-1] org.hibernate.SQL - 
    select
        au1_0.id,
        au1_0.created_at,
        au1_0.enabled,
        au1_0.password,
        au1_0.role,
        au1_0.updated_at,
        au1_0.username 
    from
        app_users au1_0 
    where
        upper(au1_0.username)=upper(?)
2026-08-18 13:02:31.824 TRACE [NO-REQUEST] [http-nio-8080-exec-1] org.hibernate.orm.jdbc.bind - binding parameter (1:VARCHAR) <- [admin]
2026-08-18 13:02:31.842 TRACE [NO-REQUEST] [http-nio-8080-exec-1] o.s.t.i.TransactionInterceptor - Completing transaction for [com.acleda.training.studentmanagement.features.auth.CustomUserDetailsService.loadUserByUsername]
2026-08-18 13:02:31.842 DEBUG [NO-REQUEST] [http-nio-8080-exec-1] o.s.orm.jpa.JpaTransactionManager - Initiating transaction commit
2026-08-18 13:02:31.842 DEBUG [NO-REQUEST] [http-nio-8080-exec-1] o.s.orm.jpa.JpaTransactionManager - Committing JPA transaction on EntityManager [SessionImpl(1928339243<open>)]
2026-08-18 13:02:31.845 DEBUG [NO-REQUEST] [http-nio-8080-exec-1] o.s.orm.jpa.JpaTransactionManager - Closing JPA EntityManager after transaction
2026-08-18 13:02:31.862 INFO  [3c999156-a296-4769-8a44-52c91b413f8a] [http-nio-8080-exec-1] c.a.t.s.l.RequestLoggingInterceptor - API REQUEST | Method: GET | URI: /api/v1/externals/posts | Query: page=0&size=3
2026-08-18 13:02:31.925 INFO  [3c999156-a296-4769-8a44-52c91b413f8a] [http-nio-8080-exec-1] c.a.t.s.config.WebClientConfig - THIRD-PARTY REQUEST | Method: GET | URL: https://jsonplaceholder.typicode.com/posts?_start=0&_limit=3
2026-08-18 13:02:33.265 INFO  [3c999156-a296-4769-8a44-52c91b413f8a] [reactor-http-nio-3] c.a.t.s.config.WebClientConfig - THIRD-PARTY RESPONSE | Method: GET | URL: https://jsonplaceholder.typicode.com/posts?_start=0&_limit=3 | Status: 200 | Duration: 1339ms
2026-08-18 13:02:33.401 INFO  [3c999156-a296-4769-8a44-52c91b413f8a] [http-nio-8080-exec-1] c.a.t.s.l.RequestLoggingInterceptor - API RESPONSE | Method: GET | URI: /api/v1/externals/posts | Status: 200 | Duration: 1538ms
2026-08-18 13:02:48.702 INFO  [NO-REQUEST] [SpringApplicationShutdownHook] o.s.boot.tomcat.GracefulShutdown - Commencing graceful shutdown. Waiting for active requests to complete
2026-08-18 13:02:48.710 INFO  [NO-REQUEST] [tomcat-shutdown] o.s.boot.tomcat.GracefulShutdown - Graceful shutdown complete
2026-08-18 13:02:50.750 INFO  [NO-REQUEST] [SpringApplicationShutdownHook] o.s.o.j.LocalContainerEntityManagerFactoryBean - Closing JPA EntityManagerFactory for persistence unit 'default'
2026-08-18 13:02:50.752 INFO  [NO-REQUEST] [SpringApplicationShutdownHook] com.zaxxer.hikari.HikariDataSource - HikariPool-1 - Shutdown initiated...
2026-08-18 13:02:50.755 INFO  [NO-REQUEST] [SpringApplicationShutdownHook] com.zaxxer.hikari.HikariDataSource - HikariPool-1 - Shutdown completed.
2026-08-18 13:02:52.737 INFO  [NO-REQUEST] [main] c.a.t.s.StudentManagementApiApplication - Starting StudentManagementApiApplication using Java 25.0.4 with PID 34116 (D:\student-management-api\build\classes\java\main started by USER in D:\student-management-api)
2026-08-18 13:02:52.739 INFO  [NO-REQUEST] [main] c.a.t.s.StudentManagementApiApplication - No active profile set, falling back to 1 default profile: "default"
2026-08-18 13:02:54.175 INFO  [NO-REQUEST] [main] o.s.d.r.c.RepositoryConfigurationDelegate - Multiple Spring Data modules found, entering strict repository configuration mode
2026-08-18 13:02:54.178 INFO  [NO-REQUEST] [main] o.s.d.r.c.RepositoryConfigurationDelegate - Bootstrapping Spring Data JPA repositories in DEFAULT mode.
2026-08-18 13:02:54.418 INFO  [NO-REQUEST] [main] o.s.d.r.c.RepositoryConfigurationDelegate - Finished Spring Data repository scanning in 226 ms. Found 7 JPA repository interfaces.
2026-08-18 13:02:54.437 INFO  [NO-REQUEST] [main] o.s.d.r.c.RepositoryConfigurationDelegate - Multiple Spring Data modules found, entering strict repository configuration mode
2026-08-18 13:02:54.438 INFO  [NO-REQUEST] [main] o.s.d.r.c.RepositoryConfigurationDelegate - Bootstrapping Spring Data Redis repositories in DEFAULT mode.
2026-08-18 13:02:54.460 INFO  [NO-REQUEST] [main] o.s.d.r.c.RepositoryConfigurationExtensionSupport - Spring Data Redis - Could not safely identify store assignment for repository candidate interface com.acleda.training.studentmanagement.features.auth.AppUserRepository; If you want this repository to be a Redis repository, consider annotating your entities with one of these annotations: org.springframework.data.redis.core.RedisHash (preferred), or consider extending one of the following types with your repository: org.springframework.data.keyvalue.repository.KeyValueRepository
2026-08-18 13:02:54.461 INFO  [NO-REQUEST] [main] o.s.d.r.c.RepositoryConfigurationExtensionSupport - Spring Data Redis - Could not safely identify store assignment for repository candidate interface com.acleda.training.studentmanagement.features.course.CourseRepository; If you want this repository to be a Redis repository, consider annotating your entities with one of these annotations: org.springframework.data.redis.core.RedisHash (preferred), or consider extending one of the following types with your repository: org.springframework.data.keyvalue.repository.KeyValueRepository
2026-08-18 13:02:54.462 INFO  [NO-REQUEST] [main] o.s.d.r.c.RepositoryConfigurationExtensionSupport - Spring Data Redis - Could not safely identify store assignment for repository candidate interface com.acleda.training.studentmanagement.features.course.offering.CourseOfferingRepository; If you want this repository to be a Redis repository, consider annotating your entities with one of these annotations: org.springframework.data.redis.core.RedisHash (preferred), or consider extending one of the following types with your repository: org.springframework.data.keyvalue.repository.KeyValueRepository
2026-08-18 13:02:54.463 INFO  [NO-REQUEST] [main] o.s.d.r.c.RepositoryConfigurationExtensionSupport - Spring Data Redis - Could not safely identify store assignment for repository candidate interface com.acleda.training.studentmanagement.features.department.DepartmentRepository; If you want this repository to be a Redis repository, consider annotating your entities with one of these annotations: org.springframework.data.redis.core.RedisHash (preferred), or consider extending one of the following types with your repository: org.springframework.data.keyvalue.repository.KeyValueRepository
2026-08-18 13:02:54.463 INFO  [NO-REQUEST] [main] o.s.d.r.c.RepositoryConfigurationExtensionSupport - Spring Data Redis - Could not safely identify store assignment for repository candidate interface com.acleda.training.studentmanagement.features.enrollment.EnrollmentRepository; If you want this repository to be a Redis repository, consider annotating your entities with one of these annotations: org.springframework.data.redis.core.RedisHash (preferred), or consider extending one of the following types with your repository: org.springframework.data.keyvalue.repository.KeyValueRepository
2026-08-18 13:02:54.463 INFO  [NO-REQUEST] [main] o.s.d.r.c.RepositoryConfigurationExtensionSupport - Spring Data Redis - Could not safely identify store assignment for repository candidate interface com.acleda.training.studentmanagement.features.instructor.InstructorRepository; If you want this repository to be a Redis repository, consider annotating your entities with one of these annotations: org.springframework.data.redis.core.RedisHash (preferred), or consider extending one of the following types with your repository: org.springframework.data.keyvalue.repository.KeyValueRepository
2026-08-18 13:02:54.463 INFO  [NO-REQUEST] [main] o.s.d.r.c.RepositoryConfigurationExtensionSupport - Spring Data Redis - Could not safely identify store assignment for repository candidate interface com.acleda.training.studentmanagement.features.student.StudentRepository; If you want this repository to be a Redis repository, consider annotating your entities with one of these annotations: org.springframework.data.redis.core.RedisHash (preferred), or consider extending one of the following types with your repository: org.springframework.data.keyvalue.repository.KeyValueRepository
2026-08-18 13:02:54.463 INFO  [NO-REQUEST] [main] o.s.d.r.c.RepositoryConfigurationDelegate - Finished Spring Data repository scanning in 15 ms. Found 0 Redis repository interfaces.
2026-08-18 13:02:55.078 INFO  [NO-REQUEST] [main] o.s.boot.tomcat.TomcatWebServer - Tomcat initialized with port 8080 (http)
2026-08-18 13:02:55.097 INFO  [NO-REQUEST] [main] o.a.catalina.core.StandardService - Starting service [Tomcat]
2026-08-18 13:02:55.098 INFO  [NO-REQUEST] [main] o.a.catalina.core.StandardEngine - Starting Servlet engine: [Apache Tomcat/11.0.22]
2026-08-18 13:02:55.186 INFO  [NO-REQUEST] [main] o.s.b.w.c.s.WebApplicationContextInitializer - Root WebApplicationContext: initialization completed in 2409 ms
2026-08-18 13:02:55.548 INFO  [NO-REQUEST] [main] org.hibernate.orm.jpa - HHH008540: Processing PersistenceUnitInfo [name: default]
2026-08-18 13:02:55.609 INFO  [NO-REQUEST] [main] org.hibernate.orm.core - HHH000001: Hibernate ORM core version 7.4.1.Final
2026-08-18 13:02:56.062 INFO  [NO-REQUEST] [main] o.s.o.j.p.SpringPersistenceUnitInfo - No LoadTimeWeaver setup: ignoring JPA class transformer
2026-08-18 13:02:56.097 INFO  [NO-REQUEST] [main] com.zaxxer.hikari.HikariDataSource - HikariPool-1 - Starting...
2026-08-18 13:02:56.231 INFO  [NO-REQUEST] [main] com.zaxxer.hikari.pool.HikariPool - HikariPool-1 - Added connection org.postgresql.jdbc.PgConnection@71135794
2026-08-18 13:02:56.232 INFO  [NO-REQUEST] [main] com.zaxxer.hikari.HikariDataSource - HikariPool-1 - Start completed.
2026-08-18 13:02:56.303 INFO  [NO-REQUEST] [main] o.hibernate.orm.connections.pooling - HHH10001005: Database info:
	Database JDBC URL [jdbc:postgresql://localhost:5432/student_management_db]
	Database driver: PostgreSQL JDBC Driver
	Database dialect: PostgreSQLDialect
	Database version: 18.4
	Default catalog/schema: student_management_db/public
	Autocommit mode: undefined/unknown
	Isolation level: READ_COMMITTED [default READ_COMMITTED]
	JDBC fetch size: none
	Pool: DataSourceConnectionProvider
	Minimum pool size: undefined/unknown
	Maximum pool size: undefined/unknown
2026-08-18 13:02:57.254 INFO  [NO-REQUEST] [main] org.hibernate.orm.core - HHH000489: No JTA platform available (set 'hibernate.transaction.jta.platform' to enable JTA platform integration)
2026-08-18 13:02:57.348 INFO  [NO-REQUEST] [main] o.s.o.j.LocalContainerEntityManagerFactoryBean - Initialized JPA EntityManagerFactory for persistence unit 'default'
2026-08-18 13:02:57.391 INFO  [NO-REQUEST] [main] o.s.d.j.r.q.QueryEnhancerFactories - Hibernate is in classpath; If applicable, HQL parser will be used.
2026-08-18 13:02:57.520 TRACE [NO-REQUEST] [main] o.s.t.a.AnnotationTransactionAttributeSource - Adding transactional method 'com.acleda.training.studentmanagement.features.auth.CustomUserDetailsService.loadUserByUsername' with attribute: PROPAGATION_REQUIRED,ISOLATION_DEFAULT,readOnly
2026-08-18 13:02:57.948 INFO  [NO-REQUEST] [main] o.s.s.c.a.a.c.InitializeAuthenticationProviderBeanManagerConfigurer$InitializeAuthenticationProviderManagerConfigurer - Global AuthenticationManager configured with AuthenticationProvider bean with name authenticationProvider
2026-08-18 13:02:57.949 WARN  [NO-REQUEST] [main] o.s.s.c.a.a.c.InitializeUserDetailsBeanManagerConfigurer$InitializeUserDetailsManagerConfigurer - Global AuthenticationManager configured with an AuthenticationProvider bean. UserDetailsService beans will not be used by Spring Security for automatically configuring username/password login. Consider removing the AuthenticationProvider bean. Alternatively, consider using the UserDetailsService in a manually instantiated DaoAuthenticationProvider. If the current configuration is intentional, to turn off this warning, increase the logging level of 'org.springframework.security.config.annotation.authentication.configuration.InitializeUserDetailsBeanManagerConfigurer' to ERROR
2026-08-18 13:02:57.954 TRACE [NO-REQUEST] [main] o.s.t.a.AnnotationTransactionAttributeSource - Adding transactional method 'com.acleda.training.studentmanagement.features.auth.AuthService.register' with attribute: PROPAGATION_REQUIRED,ISOLATION_DEFAULT
2026-08-18 13:02:57.955 TRACE [NO-REQUEST] [main] o.s.t.a.AnnotationTransactionAttributeSource - Adding transactional method 'com.acleda.training.studentmanagement.features.auth.AuthService.login' with attribute: PROPAGATION_REQUIRED,ISOLATION_DEFAULT,readOnly
2026-08-18 13:02:57.956 TRACE [NO-REQUEST] [main] o.s.t.a.AnnotationTransactionAttributeSource - Adding transactional method 'com.acleda.training.studentmanagement.features.auth.AuthService.refreshToken' with attribute: PROPAGATION_REQUIRED,ISOLATION_DEFAULT,readOnly
2026-08-18 13:02:58.831 TRACE [NO-REQUEST] [main] o.s.t.a.AnnotationTransactionAttributeSource - Adding transactional method 'com.acleda.training.studentmanagement.features.course.CourseServiceImpl.getCourses' with attribute: PROPAGATION_REQUIRED,ISOLATION_DEFAULT,readOnly
2026-08-18 13:02:58.833 TRACE [NO-REQUEST] [main] o.s.t.a.AnnotationTransactionAttributeSource - Adding transactional method 'com.acleda.training.studentmanagement.features.course.CourseServiceImpl.deleteCourse' with attribute: PROPAGATION_REQUIRED,ISOLATION_DEFAULT
2026-08-18 13:02:58.833 TRACE [NO-REQUEST] [main] o.s.t.a.AnnotationTransactionAttributeSource - Adding transactional method 'com.acleda.training.studentmanagement.features.course.CourseServiceImpl.updateCourse' with attribute: PROPAGATION_REQUIRED,ISOLATION_DEFAULT
2026-08-18 13:02:58.834 TRACE [NO-REQUEST] [main] o.s.t.a.AnnotationTransactionAttributeSource - Adding transactional method 'com.acleda.training.studentmanagement.features.course.CourseServiceImpl.createCourse' with attribute: PROPAGATION_REQUIRED,ISOLATION_DEFAULT
2026-08-18 13:02:58.834 TRACE [NO-REQUEST] [main] o.s.t.a.AnnotationTransactionAttributeSource - Adding transactional method 'com.acleda.training.studentmanagement.features.course.CourseServiceImpl.getCourseById' with attribute: PROPAGATION_REQUIRED,ISOLATION_DEFAULT,readOnly
2026-08-18 13:02:59.056 TRACE [NO-REQUEST] [main] o.s.t.a.AnnotationTransactionAttributeSource - Adding transactional method 'com.acleda.training.studentmanagement.features.course.offering.CourseOfferingServiceImpl.getCourseOfferings' with attribute: PROPAGATION_REQUIRED,ISOLATION_DEFAULT,readOnly
2026-08-18 13:02:59.057 TRACE [NO-REQUEST] [main] o.s.t.a.AnnotationTransactionAttributeSource - Adding transactional method 'com.acleda.training.studentmanagement.features.course.offering.CourseOfferingServiceImpl.createCourseOffering' with attribute: PROPAGATION_REQUIRED,ISOLATION_DEFAULT
2026-08-18 13:02:59.058 TRACE [NO-REQUEST] [main] o.s.t.a.AnnotationTransactionAttributeSource - Adding transactional method 'com.acleda.training.studentmanagement.features.course.offering.CourseOfferingServiceImpl.deleteCourseOffering' with attribute: PROPAGATION_REQUIRED,ISOLATION_DEFAULT
2026-08-18 13:02:59.058 TRACE [NO-REQUEST] [main] o.s.t.a.AnnotationTransactionAttributeSource - Adding transactional method 'com.acleda.training.studentmanagement.features.course.offering.CourseOfferingServiceImpl.updateCourseOffering' with attribute: PROPAGATION_REQUIRED,ISOLATION_DEFAULT
2026-08-18 13:02:59.058 TRACE [NO-REQUEST] [main] o.s.t.a.AnnotationTransactionAttributeSource - Adding transactional method 'com.acleda.training.studentmanagement.features.course.offering.CourseOfferingServiceImpl.getCourseOfferingById' with attribute: PROPAGATION_REQUIRED,ISOLATION_DEFAULT,readOnly
2026-08-18 13:02:59.067 TRACE [NO-REQUEST] [main] o.s.t.a.AnnotationTransactionAttributeSource - Adding transactional method 'com.acleda.training.studentmanagement.features.department.DepartmentServiceImpl.findDepartment' with attribute: PROPAGATION_REQUIRED,ISOLATION_DEFAULT
2026-08-18 13:02:59.068 TRACE [NO-REQUEST] [main] o.s.t.a.AnnotationTransactionAttributeSource - Adding transactional method 'com.acleda.training.studentmanagement.features.department.DepartmentServiceImpl.getDepartments' with attribute: PROPAGATION_REQUIRED,ISOLATION_DEFAULT,readOnly
2026-08-18 13:02:59.068 TRACE [NO-REQUEST] [main] o.s.t.a.AnnotationTransactionAttributeSource - Adding transactional method 'com.acleda.training.studentmanagement.features.department.DepartmentServiceImpl.deleteDepartment' with attribute: PROPAGATION_REQUIRED,ISOLATION_DEFAULT
2026-08-18 13:02:59.068 TRACE [NO-REQUEST] [main] o.s.t.a.AnnotationTransactionAttributeSource - Adding transactional method 'com.acleda.training.studentmanagement.features.department.DepartmentServiceImpl.getDepartmentById' with attribute: PROPAGATION_REQUIRED,ISOLATION_DEFAULT,readOnly
2026-08-18 13:02:59.069 TRACE [NO-REQUEST] [main] o.s.t.a.AnnotationTransactionAttributeSource - Adding transactional method 'com.acleda.training.studentmanagement.features.department.DepartmentServiceImpl.updateDepartmentStatus' with attribute: PROPAGATION_REQUIRED,ISOLATION_DEFAULT
2026-08-18 13:02:59.069 TRACE [NO-REQUEST] [main] o.s.t.a.AnnotationTransactionAttributeSource - Adding transactional method 'com.acleda.training.studentmanagement.features.department.DepartmentServiceImpl.updateDepartment' with attribute: PROPAGATION_REQUIRED,ISOLATION_DEFAULT
2026-08-18 13:02:59.069 TRACE [NO-REQUEST] [main] o.s.t.a.AnnotationTransactionAttributeSource - Adding transactional method 'com.acleda.training.studentmanagement.features.department.DepartmentServiceImpl.createDepartment' with attribute: PROPAGATION_REQUIRED,ISOLATION_DEFAULT
2026-08-18 13:02:59.153 TRACE [NO-REQUEST] [main] o.s.t.a.AnnotationTransactionAttributeSource - Adding transactional method 'com.acleda.training.studentmanagement.features.enrollment.EnrollmentServiceImpl.updateEnrollment' with attribute: PROPAGATION_REQUIRED,ISOLATION_DEFAULT
2026-08-18 13:02:59.154 TRACE [NO-REQUEST] [main] o.s.t.a.AnnotationTransactionAttributeSource - Adding transactional method 'com.acleda.training.studentmanagement.features.enrollment.EnrollmentServiceImpl.createEnrollment' with attribute: PROPAGATION_REQUIRED,ISOLATION_DEFAULT
2026-08-18 13:02:59.154 TRACE [NO-REQUEST] [main] o.s.t.a.AnnotationTransactionAttributeSource - Adding transactional method 'com.acleda.training.studentmanagement.features.enrollment.EnrollmentServiceImpl.deleteEnrollment' with attribute: PROPAGATION_REQUIRED,ISOLATION_DEFAULT
2026-08-18 13:02:59.154 TRACE [NO-REQUEST] [main] o.s.t.a.AnnotationTransactionAttributeSource - Adding transactional method 'com.acleda.training.studentmanagement.features.enrollment.EnrollmentServiceImpl.updateEnrollmentResult' with attribute: PROPAGATION_REQUIRED,ISOLATION_DEFAULT
2026-08-18 13:02:59.154 TRACE [NO-REQUEST] [main] o.s.t.a.AnnotationTransactionAttributeSource - Adding transactional method 'com.acleda.training.studentmanagement.features.enrollment.EnrollmentServiceImpl.getEnrollmentById' with attribute: PROPAGATION_REQUIRED,ISOLATION_DEFAULT,readOnly
2026-08-18 13:02:59.154 TRACE [NO-REQUEST] [main] o.s.t.a.AnnotationTransactionAttributeSource - Adding transactional method 'com.acleda.training.studentmanagement.features.enrollment.EnrollmentServiceImpl.getEnrollments' with attribute: PROPAGATION_REQUIRED,ISOLATION_DEFAULT,readOnly
2026-08-18 13:02:59.155 TRACE [NO-REQUEST] [main] o.s.t.a.AnnotationTransactionAttributeSource - Adding transactional method 'com.acleda.training.studentmanagement.features.enrollment.EnrollmentServiceImpl.testBulkEnrollmentTransaction' with attribute: PROPAGATION_REQUIRED,ISOLATION_DEFAULT
2026-08-18 13:02:59.411 TRACE [NO-REQUEST] [main] o.s.t.a.AnnotationTransactionAttributeSource - Adding transactional method 'com.acleda.training.studentmanagement.features.instructor.InstructorServiceImpl.createInstructor' with attribute: PROPAGATION_REQUIRED,ISOLATION_DEFAULT
2026-08-18 13:02:59.412 TRACE [NO-REQUEST] [main] o.s.t.a.AnnotationTransactionAttributeSource - Adding transactional method 'com.acleda.training.studentmanagement.features.instructor.InstructorServiceImpl.getInstructors' with attribute: PROPAGATION_REQUIRED,ISOLATION_DEFAULT,readOnly
2026-08-18 13:02:59.412 TRACE [NO-REQUEST] [main] o.s.t.a.AnnotationTransactionAttributeSource - Adding transactional method 'com.acleda.training.studentmanagement.features.instructor.InstructorServiceImpl.getInstructorById' with attribute: PROPAGATION_REQUIRED,ISOLATION_DEFAULT,readOnly
2026-08-18 13:02:59.412 TRACE [NO-REQUEST] [main] o.s.t.a.AnnotationTransactionAttributeSource - Adding transactional method 'com.acleda.training.studentmanagement.features.instructor.InstructorServiceImpl.updateInstructor' with attribute: PROPAGATION_REQUIRED,ISOLATION_DEFAULT
2026-08-18 13:02:59.412 TRACE [NO-REQUEST] [main] o.s.t.a.AnnotationTransactionAttributeSource - Adding transactional method 'com.acleda.training.studentmanagement.features.instructor.InstructorServiceImpl.deleteInstructor' with attribute: PROPAGATION_REQUIRED,ISOLATION_DEFAULT
2026-08-18 13:02:59.419 TRACE [NO-REQUEST] [main] o.s.t.a.AnnotationTransactionAttributeSource - Adding transactional method 'com.acleda.training.studentmanagement.features.student.StudentServiceImpl.getStudentById' with attribute: PROPAGATION_REQUIRED,ISOLATION_DEFAULT,readOnly
2026-08-18 13:02:59.419 TRACE [NO-REQUEST] [main] o.s.t.a.AnnotationTransactionAttributeSource - Adding transactional method 'com.acleda.training.studentmanagement.features.student.StudentServiceImpl.createStudent' with attribute: PROPAGATION_REQUIRED,ISOLATION_DEFAULT
2026-08-18 13:02:59.419 TRACE [NO-REQUEST] [main] o.s.t.a.AnnotationTransactionAttributeSource - Adding transactional method 'com.acleda.training.studentmanagement.features.student.StudentServiceImpl.updateStudent' with attribute: PROPAGATION_REQUIRED,ISOLATION_DEFAULT
2026-08-18 13:02:59.419 TRACE [NO-REQUEST] [main] o.s.t.a.AnnotationTransactionAttributeSource - Adding transactional method 'com.acleda.training.studentmanagement.features.student.StudentServiceImpl.deleteStudent' with attribute: PROPAGATION_REQUIRED,ISOLATION_DEFAULT
2026-08-18 13:02:59.420 TRACE [NO-REQUEST] [main] o.s.t.a.AnnotationTransactionAttributeSource - Adding transactional method 'com.acleda.training.studentmanagement.features.student.StudentServiceImpl.getStudents' with attribute: PROPAGATION_REQUIRED,ISOLATION_DEFAULT,readOnly
2026-08-18 13:03:00.265 INFO  [NO-REQUEST] [main] o.s.b.a.e.web.EndpointLinksResolver - Exposing 1 endpoint beneath base path '/actuator'
2026-08-18 13:03:00.341 INFO  [NO-REQUEST] [main] o.s.boot.tomcat.TomcatWebServer - Tomcat started on port 8080 (http) with context path '/'
2026-08-18 13:03:00.351 INFO  [NO-REQUEST] [main] c.a.t.s.StudentManagementApiApplication - Started StudentManagementApiApplication in 7.967 seconds (process running for 8.534)
2026-08-18 13:03:00.358 TRACE [NO-REQUEST] [main] o.s.t.i.TransactionInterceptor - No need to create transaction for [org.springframework.data.jpa.repository.support.SimpleJpaRepository.existsByUsernameIgnoreCase]: This method is not transactional.
2026-08-18 13:03:00.436 DEBUG [NO-REQUEST] [main] org.hibernate.SQL - 
    select
        au1_0.id 
    from
        app_users au1_0 
    where
        upper(au1_0.username)=upper(?) 
    fetch
        first ? rows only
2026-08-18 13:03:00.436 TRACE [NO-REQUEST] [main] org.hibernate.orm.jdbc.bind - binding parameter (1:VARCHAR) <- [admin]
2026-08-18 13:03:00.436 TRACE [NO-REQUEST] [main] org.hibernate.orm.jdbc.bind - binding parameter (2:INTEGER) <- [1]
2026-08-18 13:03:00.572 INFO  [NO-REQUEST] [RMI TCP Connection(3)-192.168.33.1] o.a.c.c.C.[Tomcat].[localhost].[/] - Initializing Spring DispatcherServlet 'dispatcherServlet'
2026-08-18 13:03:00.572 INFO  [NO-REQUEST] [RMI TCP Connection(3)-192.168.33.1] o.s.web.servlet.DispatcherServlet - Initializing Servlet 'dispatcherServlet'
2026-08-18 13:03:00.574 INFO  [NO-REQUEST] [RMI TCP Connection(3)-192.168.33.1] o.s.web.servlet.DispatcherServlet - Completed initialization in 2 ms
2026-08-18 13:03:06.519 DEBUG [NO-REQUEST] [http-nio-8080-exec-1] o.s.orm.jpa.JpaTransactionManager - Creating new transaction with name [com.acleda.training.studentmanagement.features.auth.CustomUserDetailsService.loadUserByUsername]: PROPAGATION_REQUIRED,ISOLATION_DEFAULT,readOnly
2026-08-18 13:03:06.520 DEBUG [NO-REQUEST] [http-nio-8080-exec-1] o.s.orm.jpa.JpaTransactionManager - Opened new EntityManager [SessionImpl(117858923<open>)] for JPA transaction
2026-08-18 13:03:06.524 DEBUG [NO-REQUEST] [http-nio-8080-exec-1] o.s.orm.jpa.JpaTransactionManager - Exposing JPA transaction as JDBC [org.springframework.orm.jpa.vendor.HibernateJpaDialect$HibernateConnectionHandle@392c1523]
2026-08-18 13:03:06.524 TRACE [NO-REQUEST] [http-nio-8080-exec-1] o.s.t.i.TransactionInterceptor - Getting transaction for [com.acleda.training.studentmanagement.features.auth.CustomUserDetailsService.loadUserByUsername]
2026-08-18 13:03:06.525 TRACE [NO-REQUEST] [http-nio-8080-exec-1] o.s.t.i.TransactionInterceptor - No need to create transaction for [org.springframework.data.jpa.repository.support.SimpleJpaRepository.findByUsernameIgnoreCase]: This method is not transactional.
2026-08-18 13:03:06.533 DEBUG [NO-REQUEST] [http-nio-8080-exec-1] org.hibernate.SQL - 
    select
        au1_0.id,
        au1_0.created_at,
        au1_0.enabled,
        au1_0.password,
        au1_0.role,
        au1_0.updated_at,
        au1_0.username 
    from
        app_users au1_0 
    where
        upper(au1_0.username)=upper(?)
2026-08-18 13:03:06.533 TRACE [NO-REQUEST] [http-nio-8080-exec-1] org.hibernate.orm.jdbc.bind - binding parameter (1:VARCHAR) <- [admin]
2026-08-18 13:03:06.550 TRACE [NO-REQUEST] [http-nio-8080-exec-1] o.s.t.i.TransactionInterceptor - Completing transaction for [com.acleda.training.studentmanagement.features.auth.CustomUserDetailsService.loadUserByUsername]
2026-08-18 13:03:06.550 DEBUG [NO-REQUEST] [http-nio-8080-exec-1] o.s.orm.jpa.JpaTransactionManager - Initiating transaction commit
2026-08-18 13:03:06.550 DEBUG [NO-REQUEST] [http-nio-8080-exec-1] o.s.orm.jpa.JpaTransactionManager - Committing JPA transaction on EntityManager [SessionImpl(117858923<open>)]
2026-08-18 13:03:06.552 DEBUG [NO-REQUEST] [http-nio-8080-exec-1] o.s.orm.jpa.JpaTransactionManager - Closing JPA EntityManager after transaction
2026-08-18 13:03:06.567 INFO  [acb49877-45db-49fa-b67f-a5f021214232] [http-nio-8080-exec-1] c.a.t.s.l.RequestLoggingInterceptor - API REQUEST | Method: POST | URI: /api/v1/enrollments/transaction-test | Query: null
2026-08-18 13:03:06.622 WARN  [acb49877-45db-49fa-b67f-a5f021214232] [http-nio-8080-exec-1] o.h.v.i.m.a.CascadingMetaDataBuilder - HV000271: Using `@Valid` on a container (java.util.List) is deprecated. You should apply the annotation on the type argument(s). Affected element: EnrollmentController#testTransaction(List, HttpServletRequest)
2026-08-18 13:03:06.652 DEBUG [acb49877-45db-49fa-b67f-a5f021214232] [http-nio-8080-exec-1] o.s.orm.jpa.JpaTransactionManager - Creating new transaction with name [com.acleda.training.studentmanagement.features.enrollment.EnrollmentServiceImpl.testBulkEnrollmentTransaction]: PROPAGATION_REQUIRED,ISOLATION_DEFAULT
2026-08-18 13:03:06.652 DEBUG [acb49877-45db-49fa-b67f-a5f021214232] [http-nio-8080-exec-1] o.s.orm.jpa.JpaTransactionManager - Opened new EntityManager [SessionImpl(711074385<open>)] for JPA transaction
2026-08-18 13:03:06.652 DEBUG [acb49877-45db-49fa-b67f-a5f021214232] [http-nio-8080-exec-1] o.s.orm.jpa.JpaTransactionManager - Exposing JPA transaction as JDBC [org.springframework.orm.jpa.vendor.HibernateJpaDialect$HibernateConnectionHandle@133d4023]
2026-08-18 13:03:06.652 TRACE [acb49877-45db-49fa-b67f-a5f021214232] [http-nio-8080-exec-1] o.s.t.i.TransactionInterceptor - Getting transaction for [com.acleda.training.studentmanagement.features.enrollment.EnrollmentServiceImpl.testBulkEnrollmentTransaction]
2026-08-18 13:03:06.652 TRACE [acb49877-45db-49fa-b67f-a5f021214232] [http-nio-8080-exec-1] o.s.t.i.TransactionInterceptor - No need to create transaction for [org.springframework.data.jpa.repository.support.SimpleJpaRepository.findByIdAndDeletedFalse]: This method is not transactional.
2026-08-18 13:03:06.659 DEBUG [acb49877-45db-49fa-b67f-a5f021214232] [http-nio-8080-exec-1] org.hibernate.SQL - 
    select
        s1_0.id,
        s1_0.address,
        s1_0.created_at,
        s1_0.date_of_birth,
        s1_0.deleted,
        s1_0.email,
        s1_0.enrolled_at,
        s1_0.first_name,
        s1_0.gender,
        s1_0.last_name,
        s1_0.phone_number,
        s1_0.status,
        s1_0.student_code,
        s1_0.updated_at 
    from
        students s1_0 
    where
        s1_0.id=? 
        and s1_0.deleted=false
2026-08-18 13:03:06.659 TRACE [acb49877-45db-49fa-b67f-a5f021214232] [http-nio-8080-exec-1] org.hibernate.orm.jdbc.bind - binding parameter (1:UUID) <- [6d92dffa-6858-4b39-b176-86a29d217d46]
2026-08-18 13:03:06.665 TRACE [acb49877-45db-49fa-b67f-a5f021214232] [http-nio-8080-exec-1] o.s.t.i.TransactionInterceptor - No need to create transaction for [org.springframework.data.jpa.repository.support.SimpleJpaRepository.findByIdAndDeletedFalse]: This method is not transactional.
2026-08-18 13:03:06.675 DEBUG [acb49877-45db-49fa-b67f-a5f021214232] [http-nio-8080-exec-1] org.hibernate.SQL - 
    select
        c1_0.id,
        c1_0.code,
        c1_0.created_at,
        c1_0.credit,
        c1_0.deleted,
        c1_0.department_id,
        c1_0.description,
        c1_0.name,
        c1_0.updated_at 
    from
        courses c1_0 
    where
        c1_0.id=? 
        and c1_0.deleted=false
2026-08-18 13:03:06.676 TRACE [acb49877-45db-49fa-b67f-a5f021214232] [http-nio-8080-exec-1] org.hibernate.orm.jdbc.bind - binding parameter (1:UUID) <- [ccdd86d7-16f2-45ce-b8b4-6b8b52144267]
2026-08-18 13:03:06.685 TRACE [acb49877-45db-49fa-b67f-a5f021214232] [http-nio-8080-exec-1] o.s.t.i.TransactionInterceptor - No need to create transaction for [org.springframework.data.jpa.repository.support.SimpleJpaRepository.existsByStudent_IdAndCourse_IdAndSemesterAndAcademicYearAndDeletedFalse]: This method is not transactional.
2026-08-18 13:03:06.690 DEBUG [acb49877-45db-49fa-b67f-a5f021214232] [http-nio-8080-exec-1] org.hibernate.SQL - 
    select
        e1_0.id 
    from
        enrollments e1_0 
    where
        e1_0.student_id=? 
        and e1_0.course_id=? 
        and e1_0.semester=? 
        and e1_0.academic_year=? 
        and e1_0.deleted=false 
    fetch
        first ? rows only
2026-08-18 13:03:06.690 TRACE [acb49877-45db-49fa-b67f-a5f021214232] [http-nio-8080-exec-1] org.hibernate.orm.jdbc.bind - binding parameter (1:UUID) <- [6d92dffa-6858-4b39-b176-86a29d217d46]
2026-08-18 13:03:06.690 TRACE [acb49877-45db-49fa-b67f-a5f021214232] [http-nio-8080-exec-1] org.hibernate.orm.jdbc.bind - binding parameter (2:UUID) <- [ccdd86d7-16f2-45ce-b8b4-6b8b52144267]
2026-08-18 13:03:06.690 TRACE [acb49877-45db-49fa-b67f-a5f021214232] [http-nio-8080-exec-1] org.hibernate.orm.jdbc.bind - binding parameter (3:VARCHAR) <- [SEMESTER_1]
2026-08-18 13:03:06.690 TRACE [acb49877-45db-49fa-b67f-a5f021214232] [http-nio-8080-exec-1] org.hibernate.orm.jdbc.bind - binding parameter (4:VARCHAR) <- [2026-2027]
2026-08-18 13:03:06.690 TRACE [acb49877-45db-49fa-b67f-a5f021214232] [http-nio-8080-exec-1] org.hibernate.orm.jdbc.bind - binding parameter (5:INTEGER) <- [1]
2026-08-18 13:03:06.697 DEBUG [acb49877-45db-49fa-b67f-a5f021214232] [http-nio-8080-exec-1] o.s.orm.jpa.JpaTransactionManager - Found thread-bound EntityManager [SessionImpl(711074385<open>)] for JPA transaction
2026-08-18 13:03:06.697 DEBUG [acb49877-45db-49fa-b67f-a5f021214232] [http-nio-8080-exec-1] o.s.orm.jpa.JpaTransactionManager - Participating in existing transaction
2026-08-18 13:03:06.697 TRACE [acb49877-45db-49fa-b67f-a5f021214232] [http-nio-8080-exec-1] o.s.t.i.TransactionInterceptor - Getting transaction for [org.springframework.data.jpa.repository.support.SimpleJpaRepository.saveAndFlush]
2026-08-18 13:03:06.715 DEBUG [acb49877-45db-49fa-b67f-a5f021214232] [http-nio-8080-exec-1] org.hibernate.SQL - 
    insert 
    into
        enrollments
        (academic_year, course_id, created_at, deleted, enrollment_date, grade, score, semester, status, student_id, updated_at, id) 
    values
        (?, ?, ?, ?, ?, ?, ?, ?, ?, ?, ?, ?)
2026-08-18 13:03:06.717 TRACE [acb49877-45db-49fa-b67f-a5f021214232] [http-nio-8080-exec-1] org.hibernate.orm.jdbc.bind - binding parameter (1:VARCHAR) <- [2026-2027]
2026-08-18 13:03:06.717 TRACE [acb49877-45db-49fa-b67f-a5f021214232] [http-nio-8080-exec-1] org.hibernate.orm.jdbc.bind - binding parameter (2:UUID) <- [ccdd86d7-16f2-45ce-b8b4-6b8b52144267]
2026-08-18 13:03:06.717 TRACE [acb49877-45db-49fa-b67f-a5f021214232] [http-nio-8080-exec-1] org.hibernate.orm.jdbc.bind - binding parameter (3:TIMESTAMP_UTC) <- [2026-08-18T06:03:06.709106Z]
2026-08-18 13:03:06.718 TRACE [acb49877-45db-49fa-b67f-a5f021214232] [http-nio-8080-exec-1] org.hibernate.orm.jdbc.bind - binding parameter (4:BOOLEAN) <- [false]
2026-08-18 13:03:06.718 TRACE [acb49877-45db-49fa-b67f-a5f021214232] [http-nio-8080-exec-1] org.hibernate.orm.jdbc.bind - binding parameter (5:DATE) <- [2026-08-17]
2026-08-18 13:03:06.718 TRACE [acb49877-45db-49fa-b67f-a5f021214232] [http-nio-8080-exec-1] org.hibernate.orm.jdbc.bind - binding parameter (6:VARCHAR) <- [null]
2026-08-18 13:03:06.718 TRACE [acb49877-45db-49fa-b67f-a5f021214232] [http-nio-8080-exec-1] org.hibernate.orm.jdbc.bind - binding parameter (7:DOUBLE) <- [null]
2026-08-18 13:03:06.718 TRACE [acb49877-45db-49fa-b67f-a5f021214232] [http-nio-8080-exec-1] org.hibernate.orm.jdbc.bind - binding parameter (8:VARCHAR) <- [SEMESTER_1]
2026-08-18 13:03:06.718 TRACE [acb49877-45db-49fa-b67f-a5f021214232] [http-nio-8080-exec-1] org.hibernate.orm.jdbc.bind - binding parameter (9:VARCHAR) <- [ENROLLED]
2026-08-18 13:03:06.718 TRACE [acb49877-45db-49fa-b67f-a5f021214232] [http-nio-8080-exec-1] org.hibernate.orm.jdbc.bind - binding parameter (10:UUID) <- [6d92dffa-6858-4b39-b176-86a29d217d46]
2026-08-18 13:03:06.718 TRACE [acb49877-45db-49fa-b67f-a5f021214232] [http-nio-8080-exec-1] org.hibernate.orm.jdbc.bind - binding parameter (11:TIMESTAMP_UTC) <- [2026-08-18T06:03:06.709106Z]
2026-08-18 13:03:06.719 TRACE [acb49877-45db-49fa-b67f-a5f021214232] [http-nio-8080-exec-1] org.hibernate.orm.jdbc.bind - binding parameter (12:UUID) <- [3a3e41e4-cc61-40f8-89e7-c059a6031f8b]
2026-08-18 13:03:06.723 TRACE [acb49877-45db-49fa-b67f-a5f021214232] [http-nio-8080-exec-1] o.s.t.i.TransactionInterceptor - Completing transaction for [org.springframework.data.jpa.repository.support.SimpleJpaRepository.saveAndFlush]
2026-08-18 13:03:06.724 TRACE [acb49877-45db-49fa-b67f-a5f021214232] [http-nio-8080-exec-1] o.s.t.i.TransactionInterceptor - No need to create transaction for [org.springframework.data.jpa.repository.support.SimpleJpaRepository.findByIdAndDeletedFalse]: This method is not transactional.
2026-08-18 13:03:06.725 DEBUG [acb49877-45db-49fa-b67f-a5f021214232] [http-nio-8080-exec-1] org.hibernate.SQL - 
    select
        s1_0.id,
        s1_0.address,
        s1_0.created_at,
        s1_0.date_of_birth,
        s1_0.deleted,
        s1_0.email,
        s1_0.enrolled_at,
        s1_0.first_name,
        s1_0.gender,
        s1_0.last_name,
        s1_0.phone_number,
        s1_0.status,
        s1_0.student_code,
        s1_0.updated_at 
    from
        students s1_0 
    where
        s1_0.id=? 
        and s1_0.deleted=false
2026-08-18 13:03:06.725 TRACE [acb49877-45db-49fa-b67f-a5f021214232] [http-nio-8080-exec-1] org.hibernate.orm.jdbc.bind - binding parameter (1:UUID) <- [40b8cd1a-1fdc-4adb-aec1-a8f6b0a9465e]
2026-08-18 13:03:06.727 TRACE [acb49877-45db-49fa-b67f-a5f021214232] [http-nio-8080-exec-1] o.s.t.i.TransactionInterceptor - No need to create transaction for [org.springframework.data.jpa.repository.support.SimpleJpaRepository.findByIdAndDeletedFalse]: This method is not transactional.
2026-08-18 13:03:06.728 DEBUG [acb49877-45db-49fa-b67f-a5f021214232] [http-nio-8080-exec-1] org.hibernate.SQL - 
    select
        c1_0.id,
        c1_0.code,
        c1_0.created_at,
        c1_0.credit,
        c1_0.deleted,
        c1_0.department_id,
        c1_0.description,
        c1_0.name,
        c1_0.updated_at 
    from
        courses c1_0 
    where
        c1_0.id=? 
        and c1_0.deleted=false
2026-08-18 13:03:06.728 TRACE [acb49877-45db-49fa-b67f-a5f021214232] [http-nio-8080-exec-1] org.hibernate.orm.jdbc.bind - binding parameter (1:UUID) <- [1d7be45c-dd6b-4fd3-aec2-1c92b1acd638]
2026-08-18 13:03:06.730 TRACE [acb49877-45db-49fa-b67f-a5f021214232] [http-nio-8080-exec-1] o.s.t.i.TransactionInterceptor - No need to create transaction for [org.springframework.data.jpa.repository.support.SimpleJpaRepository.existsByStudent_IdAndCourse_IdAndSemesterAndAcademicYearAndDeletedFalse]: This method is not transactional.
2026-08-18 13:03:06.731 DEBUG [acb49877-45db-49fa-b67f-a5f021214232] [http-nio-8080-exec-1] org.hibernate.SQL - 
    select
        e1_0.id 
    from
        enrollments e1_0 
    where
        e1_0.student_id=? 
        and e1_0.course_id=? 
        and e1_0.semester=? 
        and e1_0.academic_year=? 
        and e1_0.deleted=false 
    fetch
        first ? rows only
2026-08-18 13:03:06.731 TRACE [acb49877-45db-49fa-b67f-a5f021214232] [http-nio-8080-exec-1] org.hibernate.orm.jdbc.bind - binding parameter (1:UUID) <- [40b8cd1a-1fdc-4adb-aec1-a8f6b0a9465e]
2026-08-18 13:03:06.731 TRACE [acb49877-45db-49fa-b67f-a5f021214232] [http-nio-8080-exec-1] org.hibernate.orm.jdbc.bind - binding parameter (2:UUID) <- [1d7be45c-dd6b-4fd3-aec2-1c92b1acd638]
2026-08-18 13:03:06.731 TRACE [acb49877-45db-49fa-b67f-a5f021214232] [http-nio-8080-exec-1] org.hibernate.orm.jdbc.bind - binding parameter (3:VARCHAR) <- [SEMESTER_1]
2026-08-18 13:03:06.731 TRACE [acb49877-45db-49fa-b67f-a5f021214232] [http-nio-8080-exec-1] org.hibernate.orm.jdbc.bind - binding parameter (4:VARCHAR) <- [2026-2027]
2026-08-18 13:03:06.731 TRACE [acb49877-45db-49fa-b67f-a5f021214232] [http-nio-8080-exec-1] org.hibernate.orm.jdbc.bind - binding parameter (5:INTEGER) <- [1]
2026-08-18 13:03:06.732 TRACE [acb49877-45db-49fa-b67f-a5f021214232] [http-nio-8080-exec-1] o.s.t.i.TransactionInterceptor - Completing transaction for [com.acleda.training.studentmanagement.features.enrollment.EnrollmentServiceImpl.testBulkEnrollmentTransaction] after exception: com.acleda.training.studentmanagement.exception.ConflictException: Student is already enrolled in this course for SEMESTER_1 2026-2027
2026-08-18 13:03:06.733 TRACE [acb49877-45db-49fa-b67f-a5f021214232] [http-nio-8080-exec-1] o.s.t.i.TransactionInterceptor - MethodRollbackEvent: com.acleda.training.studentmanagement.features.enrollment.EnrollmentServiceImpl.testBulkEnrollmentTransaction [com.acleda.training.studentmanagement.exception.ConflictException: Student is already enrolled in this course for SEMESTER_1 2026-2027]
com.acleda.training.studentmanagement.exception.ConflictException: Student is already enrolled in this course for SEMESTER_1 2026-2027
	at com.acleda.training.studentmanagement.features.enrollment.EnrollmentServiceImpl.createEnrollment(EnrollmentServiceImpl.java:75)
	at com.acleda.training.studentmanagement.features.enrollment.EnrollmentServiceImpl.testBulkEnrollmentTransaction(EnrollmentServiceImpl.java:322)
	at java.base/jdk.internal.reflect.DirectMethodHandleAccessor.invoke(DirectMethodHandleAccessor.java:104)
	at java.base/java.lang.reflect.Method.invoke(Method.java:565)
	at org.springframework.aop.support.AopUtils.invokeJoinpointUsingReflection(AopUtils.java:359)
	at org.springframework.aop.framework.ReflectiveMethodInvocation.invokeJoinpoint(ReflectiveMethodInvocation.java:190)
	at org.springframework.aop.framework.ReflectiveMethodInvocation.proceed(ReflectiveMethodInvocation.java:158)
	at org.springframework.transaction.interceptor.TransactionInterceptor$1.proceedWithInvocation(TransactionInterceptor.java:133)
	at org.springframework.transaction.interceptor.TransactionAspectSupport.invokeWithinTransaction(TransactionAspectSupport.java:371)
	at org.springframework.transaction.interceptor.TransactionInterceptor.invoke(TransactionInterceptor.java:130)
	at org.springframework.aop.framework.ReflectiveMethodInvocation.proceed(ReflectiveMethodInvocation.java:179)
	at org.springframework.aop.framework.CglibAopProxy$DynamicAdvisedInterceptor.intercept(CglibAopProxy.java:719)
	at com.acleda.training.studentmanagement.features.enrollment.EnrollmentServiceImpl$$SpringCGLIB$$0.testBulkEnrollmentTransaction(<generated>)
	at com.acleda.training.studentmanagement.features.enrollment.EnrollmentController.testTransaction(EnrollmentController.java:223)
	at java.base/jdk.internal.reflect.DirectMethodHandleAccessor.invoke(DirectMethodHandleAccessor.java:104)
	at java.base/java.lang.reflect.Method.invoke(Method.java:565)
	at org.springframework.web.method.support.InvocableHandlerMethod.doInvoke(InvocableHandlerMethod.java:252)
	at org.springframework.web.method.support.InvocableHandlerMethod.invokeForRequest(InvocableHandlerMethod.java:184)
	at org.springframework.web.servlet.mvc.method.annotation.ServletInvocableHandlerMethod.invokeAndHandle(ServletInvocableHandlerMethod.java:117)
	at org.springframework.web.servlet.mvc.method.annotation.RequestMappingHandlerAdapter.invokeHandlerMethod(RequestMappingHandlerAdapter.java:934)
	at org.springframework.web.servlet.mvc.method.annotation.RequestMappingHandlerAdapter.handleInternal(RequestMappingHandlerAdapter.java:853)
	at org.springframework.web.servlet.mvc.method.AbstractHandlerMethodAdapter.handle(AbstractHandlerMethodAdapter.java:86)
	at org.springframework.web.servlet.DispatcherServlet.doDispatch(DispatcherServlet.java:963)
	at org.springframework.web.servlet.DispatcherServlet.doService(DispatcherServlet.java:866)
	at org.springframework.web.servlet.FrameworkServlet.processRequest(FrameworkServlet.java:1000)
	at org.springframework.web.servlet.FrameworkServlet.doPost(FrameworkServlet.java:903)
	at jakarta.servlet.http.HttpServlet.service(HttpServlet.java:649)
	at org.springframework.web.servlet.FrameworkServlet.service(FrameworkServlet.java:874)
	at jakarta.servlet.http.HttpServlet.service(HttpServlet.java:710)
	at org.apache.catalina.core.ApplicationFilterChain.doFilter(ApplicationFilterChain.java:128)
	at org.apache.tomcat.websocket.server.WsFilter.doFilter(WsFilter.java:53)
	at org.apache.catalina.core.ApplicationFilterChain.doFilter(ApplicationFilterChain.java:107)
	at com.acleda.training.studentmanagement.logging.RequestIdFilter.doFilterInternal(RequestIdFilter.java:40)
	at org.springframework.web.filter.OncePerRequestFilter.doFilter(OncePerRequestFilter.java:116)
	at org.apache.catalina.core.ApplicationFilterChain.doFilter(ApplicationFilterChain.java:107)
	at org.springframework.web.filter.OncePerRequestFilter.doFilter(OncePerRequestFilter.java:110)
	at org.apache.catalina.core.ApplicationFilterChain.doFilter(ApplicationFilterChain.java:107)
	at org.springframework.web.filter.OncePerRequestFilter.doFilter(OncePerRequestFilter.java:101)
	at org.apache.catalina.core.ApplicationFilterChain.doFilter(ApplicationFilterChain.java:107)
	at org.springframework.web.filter.CompositeFilter$VirtualFilterChain.doFilter(CompositeFilter.java:108)
	at org.springframework.security.web.FilterChainProxy.lambda$doFilterInternal$2(FilterChainProxy.java:235)
	at org.springframework.security.web.ObservationFilterChainDecorator$FilterObservation$SimpleFilterObservation.lambda$wrap$1(ObservationFilterChainDecorator.java:491)
	at org.springframework.security.web.ObservationFilterChainDecorator$AroundFilterObservation$SimpleAroundFilterObservation.lambda$wrap$1(ObservationFilterChainDecorator.java:353)
	at org.springframework.security.web.ObservationFilterChainDecorator.lambda$wrapSecured$0(ObservationFilterChainDecorator.java:84)
	at org.springframework.security.web.ObservationFilterChainDecorator$VirtualFilterChain.doFilter(ObservationFilterChainDecorator.java:131)
	at org.springframework.security.web.access.intercept.AuthorizationFilter.doFilter(AuthorizationFilter.java:101)
	at org.springframework.security.web.ObservationFilterChainDecorator$ObservationFilter.wrapFilter(ObservationFilterChainDecorator.java:243)
	at org.springframework.security.web.ObservationFilterChainDecorator$ObservationFilter.doFilter(ObservationFilterChainDecorator.java:230)
	at org.springframework.security.web.ObservationFilterChainDecorator$VirtualFilterChain.doFilter(ObservationFilterChainDecorator.java:140)
	at org.springframework.security.web.access.ExceptionTranslationFilter.doFilter(ExceptionTranslationFilter.java:126)
	at org.springframework.security.web.access.ExceptionTranslationFilter.doFilter(ExceptionTranslationFilter.java:120)
	at org.springframework.security.web.ObservationFilterChainDecorator$ObservationFilter.wrapFilter(ObservationFilterChainDecorator.java:243)
	at org.springframework.security.web.ObservationFilterChainDecorator$ObservationFilter.doFilter(ObservationFilterChainDecorator.java:230)
	at org.springframework.security.web.ObservationFilterChainDecorator$VirtualFilterChain.doFilter(ObservationFilterChainDecorator.java:140)
	at org.springframework.security.web.session.SessionManagementFilter.doFilter(SessionManagementFilter.java:132)
	at org.springframework.security.web.session.SessionManagementFilter.doFilter(SessionManagementFilter.java:86)
	at org.springframework.security.web.ObservationFilterChainDecorator$ObservationFilter.wrapFilter(ObservationFilterChainDecorator.java:243)
	at org.springframework.security.web.ObservationFilterChainDecorator$ObservationFilter.doFilter(ObservationFilterChainDecorator.java:230)
	at org.springframework.security.web.ObservationFilterChainDecorator$VirtualFilterChain.doFilter(ObservationFilterChainDecorator.java:140)
	at org.springframework.security.web.authentication.AnonymousAuthenticationFilter.doFilter(AnonymousAuthenticationFilter.java:100)
	at org.springframework.security.web.ObservationFilterChainDecorator$ObservationFilter.wrapFilter(ObservationFilterChainDecorator.java:243)
	at org.springframework.security.web.ObservationFilterChainDecorator$ObservationFilter.doFilter(ObservationFilterChainDecorator.java:230)
	at org.springframework.security.web.ObservationFilterChainDecorator$VirtualFilterChain.doFilter(ObservationFilterChainDecorator.java:140)
	at org.springframework.security.web.servletapi.SecurityContextHolderAwareRequestFilter.doFilter(SecurityContextHolderAwareRequestFilter.java:181)
	at org.springframework.security.web.ObservationFilterChainDecorator$ObservationFilter.wrapFilter(ObservationFilterChainDecorator.java:243)
	at org.springframework.security.web.ObservationFilterChainDecorator$ObservationFilter.doFilter(ObservationFilterChainDecorator.java:230)
	at org.springframework.security.web.ObservationFilterChainDecorator$VirtualFilterChain.doFilter(ObservationFilterChainDecorator.java:140)
	at org.springframework.security.web.savedrequest.RequestCacheAwareFilter.doFilter(RequestCacheAwareFilter.java:63)
	at org.springframework.security.web.ObservationFilterChainDecorator$ObservationFilter.wrapFilter(ObservationFilterChainDecorator.java:243)
	at org.springframework.security.web.ObservationFilterChainDecorator$ObservationFilter.doFilter(ObservationFilterChainDecorator.java:230)
	at org.springframework.security.web.ObservationFilterChainDecorator$VirtualFilterChain.doFilter(ObservationFilterChainDecorator.java:140)
	at com.acleda.training.studentmanagement.features.auth.JwtAuthenticationFilter.doFilterInternal(JwtAuthenticationFilter.java:91)
	at org.springframework.web.filter.OncePerRequestFilter.doFilter(OncePerRequestFilter.java:116)
	at org.springframework.security.web.ObservationFilterChainDecorator$ObservationFilter.wrapFilter(ObservationFilterChainDecorator.java:243)
	at org.springframework.security.web.ObservationFilterChainDecorator$ObservationFilter.doFilter(ObservationFilterChainDecorator.java:230)
	at org.springframework.security.web.ObservationFilterChainDecorator$VirtualFilterChain.doFilter(ObservationFilterChainDecorator.java:140)
	at org.springframework.security.web.header.HeaderWriterFilter.doHeadersAfter(HeaderWriterFilter.java:90)
	at org.springframework.security.web.header.HeaderWriterFilter.doFilterInternal(HeaderWriterFilter.java:75)
	at org.springframework.web.filter.OncePerRequestFilter.doFilter(OncePerRequestFilter.java:116)
	at org.springframework.security.web.ObservationFilterChainDecorator$ObservationFilter.wrapFilter(ObservationFilterChainDecorator.java:243)
	at org.springframework.security.web.ObservationFilterChainDecorator$ObservationFilter.doFilter(ObservationFilterChainDecorator.java:230)
	at org.springframework.security.web.ObservationFilterChainDecorator$VirtualFilterChain.doFilter(ObservationFilterChainDecorator.java:140)
	at org.springframework.security.web.context.SecurityContextHolderFilter.doFilter(SecurityContextHolderFilter.java:82)
	at org.springframework.security.web.context.SecurityContextHolderFilter.doFilter(SecurityContextHolderFilter.java:69)
	at org.springframework.security.web.ObservationFilterChainDecorator$ObservationFilter.wrapFilter(ObservationFilterChainDecorator.java:243)
	at org.springframework.security.web.ObservationFilterChainDecorator$ObservationFilter.doFilter(ObservationFilterChainDecorator.java:230)
	at org.springframework.security.web.ObservationFilterChainDecorator$VirtualFilterChain.doFilter(ObservationFilterChainDecorator.java:140)
	at org.springframework.security.web.context.request.async.WebAsyncManagerIntegrationFilter.doFilterInternal(WebAsyncManagerIntegrationFilter.java:62)
	at org.springframework.web.filter.OncePerRequestFilter.doFilter(OncePerRequestFilter.java:116)
	at org.springframework.security.web.ObservationFilterChainDecorator$ObservationFilter.wrapFilter(ObservationFilterChainDecorator.java:243)
	at org.springframework.security.web.ObservationFilterChainDecorator$ObservationFilter.doFilter(ObservationFilterChainDecorator.java:230)
	at org.springframework.security.web.ObservationFilterChainDecorator$VirtualFilterChain.doFilter(ObservationFilterChainDecorator.java:140)
	at org.springframework.security.web.session.DisableEncodeUrlFilter.doFilterInternal(DisableEncodeUrlFilter.java:42)
	at org.springframework.web.filter.OncePerRequestFilter.doFilter(OncePerRequestFilter.java:116)
	at org.springframework.security.web.ObservationFilterChainDecorator$ObservationFilter.wrapFilter(ObservationFilterChainDecorator.java:243)
	at org.springframework.security.web.ObservationFilterChainDecorator$AroundFilterObservation$SimpleAroundFilterObservation.lambda$wrap$0(ObservationFilterChainDecorator.java:336)
	at org.springframework.security.web.ObservationFilterChainDecorator$ObservationFilter.doFilter(ObservationFilterChainDecorator.java:227)
	at org.springframework.security.web.ObservationFilterChainDecorator$VirtualFilterChain.doFilter(ObservationFilterChainDecorator.java:140)
	at org.springframework.security.web.FilterChainProxy.doFilterInternal(FilterChainProxy.java:237)
	at org.springframework.security.web.FilterChainProxy.doFilter(FilterChainProxy.java:195)
	at org.springframework.web.filter.CompositeFilter$VirtualFilterChain.doFilter(CompositeFilter.java:113)
	at org.springframework.web.filter.ServletRequestPathFilter.doFilter(ServletRequestPathFilter.java:52)
	at org.springframework.web.filter.CompositeFilter$VirtualFilterChain.doFilter(CompositeFilter.java:113)
	at org.springframework.web.filter.CompositeFilter.doFilter(CompositeFilter.java:74)
	at org.springframework.security.config.annotation.web.configuration.WebSecurityConfiguration$CompositeFilterChainProxy.doFilter(WebSecurityConfiguration.java:317)
	at org.springframework.web.filter.DelegatingFilterProxy.invokeDelegate(DelegatingFilterProxy.java:355)
	at org.springframework.web.filter.DelegatingFilterProxy.doFilter(DelegatingFilterProxy.java:272)
	at org.apache.catalina.core.ApplicationFilterChain.doFilter(ApplicationFilterChain.java:107)
	at org.springframework.web.filter.RequestContextFilter.doFilterInternal(RequestContextFilter.java:100)
	at org.springframework.web.filter.OncePerRequestFilter.doFilter(OncePerRequestFilter.java:116)
	at org.apache.catalina.core.ApplicationFilterChain.doFilter(ApplicationFilterChain.java:107)
	at org.springframework.web.filter.FormContentFilter.doFilterInternal(FormContentFilter.java:93)
	at org.springframework.web.filter.OncePerRequestFilter.doFilter(OncePerRequestFilter.java:116)
	at org.apache.catalina.core.ApplicationFilterChain.doFilter(ApplicationFilterChain.java:107)
	at org.springframework.web.filter.ServerHttpObservationFilter.doFilterInternal(ServerHttpObservationFilter.java:110)
	at org.springframework.web.filter.OncePerRequestFilter.doFilter(OncePerRequestFilter.java:116)
	at org.apache.catalina.core.ApplicationFilterChain.doFilter(ApplicationFilterChain.java:107)
	at org.springframework.web.filter.CharacterEncodingFilter.doFilterInternal(CharacterEncodingFilter.java:199)
	at org.springframework.web.filter.OncePerRequestFilter.doFilter(OncePerRequestFilter.java:116)
	at org.apache.catalina.core.ApplicationFilterChain.doFilter(ApplicationFilterChain.java:107)
	at org.apache.catalina.core.StandardWrapperValve.invoke(StandardWrapperValve.java:165)
	at org.apache.catalina.core.StandardContextValve.invoke(StandardContextValve.java:77)
	at org.apache.catalina.authenticator.AuthenticatorBase.invoke(AuthenticatorBase.java:492)
	at org.apache.catalina.core.StandardHostValve.invoke(StandardHostValve.java:113)
	at org.apache.catalina.valves.ErrorReportValve.invoke(ErrorReportValve.java:83)
	at org.apache.catalina.core.StandardEngineValve.invoke(StandardEngineValve.java:72)
	at org.apache.catalina.connector.CoyoteAdapter.service(CoyoteAdapter.java:341)
	at org.apache.coyote.http11.Http11Processor.service(Http11Processor.java:397)
	at org.apache.coyote.AbstractProcessorLight.process(AbstractProcessorLight.java:63)
	at org.apache.coyote.AbstractProtocol$ConnectionHandler.process(AbstractProtocol.java:1272)
	at org.apache.tomcat.util.net.NioEndpoint$SocketProcessor.doRun(NioEndpoint.java:1801)
	at org.apache.tomcat.util.net.SocketProcessorBase.run(SocketProcessorBase.java:52)
	at org.apache.tomcat.util.threads.ThreadPoolExecutor.runWorker(ThreadPoolExecutor.java:946)
	at org.apache.tomcat.util.threads.ThreadPoolExecutor$Worker.run(ThreadPoolExecutor.java:480)
	at org.apache.tomcat.util.threads.TaskThread$WrappingRunnable.run(TaskThread.java:57)
	at java.base/java.lang.Thread.run(Thread.java:1474)
2026-08-18 13:03:06.737 DEBUG [acb49877-45db-49fa-b67f-a5f021214232] [http-nio-8080-exec-1] o.s.orm.jpa.JpaTransactionManager - Initiating transaction rollback
2026-08-18 13:03:06.738 DEBUG [acb49877-45db-49fa-b67f-a5f021214232] [http-nio-8080-exec-1] o.s.orm.jpa.JpaTransactionManager - Rolling back JPA transaction on EntityManager [SessionImpl(711074385<open>)]
2026-08-18 13:03:06.740 DEBUG [acb49877-45db-49fa-b67f-a5f021214232] [http-nio-8080-exec-1] o.s.orm.jpa.JpaTransactionManager - Closing JPA EntityManager after transaction
2026-08-18 13:03:06.743 WARN  [acb49877-45db-49fa-b67f-a5f021214232] [http-nio-8080-exec-1] c.a.t.s.e.GlobalExceptionHandler - CONFLICT | Method: POST | URI: /api/v1/enrollments/transaction-test | Message: Student is already enrolled in this course for SEMESTER_1 2026-2027
2026-08-18 13:03:06.793 INFO  [acb49877-45db-49fa-b67f-a5f021214232] [http-nio-8080-exec-1] c.a.t.s.l.RequestLoggingInterceptor - API RESPONSE | Method: POST | URI: /api/v1/enrollments/transaction-test | Status: 409 | Duration: 226ms
2026-08-18 13:07:17.434 INFO  [NO-REQUEST] [SpringApplicationShutdownHook] o.s.boot.tomcat.GracefulShutdown - Commencing graceful shutdown. Waiting for active requests to complete
2026-08-18 13:07:17.443 INFO  [NO-REQUEST] [tomcat-shutdown] o.s.boot.tomcat.GracefulShutdown - Graceful shutdown complete
2026-08-18 13:07:19.530 INFO  [NO-REQUEST] [SpringApplicationShutdownHook] o.s.o.j.LocalContainerEntityManagerFactoryBean - Closing JPA EntityManagerFactory for persistence unit 'default'
2026-08-18 13:07:19.532 INFO  [NO-REQUEST] [SpringApplicationShutdownHook] com.zaxxer.hikari.HikariDataSource - HikariPool-1 - Shutdown initiated...
2026-08-18 13:07:19.535 INFO  [NO-REQUEST] [SpringApplicationShutdownHook] com.zaxxer.hikari.HikariDataSource - HikariPool-1 - Shutdown completed.
